[2026-07-10 00:00:06] [INFO] Ejecutando trabajo: ERP SQL
[2026-07-10 00:00:06] [INFO] === Backup Center iniciado ===
[2026-07-10 00:00:06] [INFO] Subiendo: ERP_TEST.zip
[2026-07-10 00:00:06] [INFO] Subiendo: ERP_TEST_01.zip
[2026-07-10 00:00:06] [INFO] Subiendo: ERP_TEST_02.zip
[2026-07-10 00:00:06] [INFO] Subiendo: ERP_TEST_03.zip
[2026-07-10 00:00:06] [INFO] Subiendo: ERP_TEST_04.bak
[2026-07-10 00:00:06] [INFO] Subiendo: ERP_TEST_05.7z
[2026-07-10 00:00:06] [INFO] Subiendo: ERP_TEST_06.zip
[2026-07-10 00:00:06] [INFO] Subiendo: ERP_TEST_07.zip
[2026-07-10 00:00:06] [INFO] Subiendo: ERP_TEST_08.zip
[2026-07-10 00:00:06] [INFO] Subiendo: ERP_TEST_09.bak
[2026-07-10 00:00:06] [INFO] Subiendo: ERP_TEST_10.7z
[2026-07-10 00:00:06] [INFO] Subiendo: ERP_TEST_11.zip
[2026-07-10 00:00:06] [INFO] Subiendo: ERP_TEST_13.zip
[2026-07-10 00:00:06] [INFO] Subiendo: ERP_TEST_14.zip
[2026-07-10 00:00:06] [INFO] Subiendo: ERP_TEST_15.zip
[2026-07-10 00:00:06] [INFO] Subiendo: ERP_TEST_16.zip
[2026-07-10 00:00:06] [INFO] Subiendo: ERP_TEST_17.zip
[2026-07-10 00:00:06] [INFO] Subiendo: ERP_TEST_18.zip
[2026-07-10 00:00:06] [INFO] Subiendo: ERP_TEST_19.zip
[2026-07-10 00:00:06] [INFO] Subiendo: ERP_TEST_20.zip
[2026-07-10 00:00:06] [INFO] Subiendo: ERP_TEST_21.zip
[2026-07-10 00:00:06] [SUCCESS] Proceso finalizado.
[2026-07-10 00:00:17] [INFO] Ejecutando trabajo: ERP SQL
[2026-07-10 00:00:17] [INFO] === Backup Center iniciado ===
[2026-07-10 00:00:17] [INFO] Subiendo: ERP_TEST.zip
[2026-07-10 00:00:17] [INFO] Subiendo: ERP_TEST_01.zip
[2026-07-10 00:00:17] [INFO] Subiendo: ERP_TEST_02.zip
[2026-07-10 00:00:17] [INFO] Subiendo: ERP_TEST_03.zip
[2026-07-10 00:00:17] [INFO] Subiendo: ERP_TEST_04.bak
[2026-07-10 00:00:17] [INFO] Subiendo: ERP_TEST_05.7z
[2026-07-10 00:00:17] [INFO] Subiendo: ERP_TEST_06.zip
[2026-07-10 00:00:17] [INFO] Subiendo: ERP_TEST_07.zip
[2026-07-10 00:00:17] [INFO] Subiendo: ERP_TEST_08.zip
[2026-07-10 00:00:17] [INFO] Subiendo: ERP_TEST_09.bak
[2026-07-10 00:00:17] [INFO] Subiendo: ERP_TEST_10.7z
[2026-07-10 00:00:17] [INFO] Subiendo: ERP_TEST_11.zip
[2026-07-10 00:00:17] [INFO] Subiendo: ERP_TEST_13.zip
[2026-07-10 00:00:17] [INFO] Subiendo: ERP_TEST_14.zip
[2026-07-10 00:00:17] [INFO] Subiendo: ERP_TEST_15.zip
[2026-07-10 00:00:17] [INFO] Subiendo: ERP_TEST_16.zip
[2026-07-10 00:00:17] [INFO] Subiendo: ERP_TEST_17.zip
[2026-07-10 00:00:17] [INFO] Subiendo: ERP_TEST_18.zip
[2026-07-10 00:00:17] [INFO] Subiendo: ERP_TEST_19.zip
[2026-07-10 00:00:17] [INFO] Subiendo: ERP_TEST_20.zip
[2026-07-10 00:00:17] [INFO] Subiendo: ERP_TEST_21.zip
[2026-07-10 00:00:17] [SUCCESS] Proceso finalizado.
[2026-07-10 00:00:27] [INFO] Ejecutando trabajo: ERP SQL
[2026-07-10 00:00:27] [INFO] === Backup Center iniciado ===
[2026-07-10 00:00:27] [INFO] Subiendo: ERP_TEST.zip
[2026-07-10 00:00:27] [INFO] Subiendo: ERP_TEST_01.zip
[2026-07-10 00:00:27] [INFO] Subiendo: ERP_TEST_02.zip
[2026-07-10 00:00:27] [INFO] Subiendo: ERP_TEST_03.zip
[2026-07-10 00:00:27] [INFO] Subiendo: ERP_TEST_04.bak
[2026-07-10 00:00:27] [INFO] Subiendo: ERP_TEST_05.7z
[2026-07-10 00:00:27] [INFO] Subiendo: ERP_TEST_06.zip
[2026-07-10 00:00:27] [INFO] Subiendo: ERP_TEST_07.zip
[2026-07-10 00:00:27] [INFO] Subiendo: ERP_TEST_08.zip
[2026-07-10 00:00:27] [INFO] Subiendo: ERP_TEST_09.bak
[2026-07-10 00:00:27] [INFO] Subiendo: ERP_TEST_10.7z
[2026-07-10 00:00:27] [INFO] Subiendo: ERP_TEST_11.zip
[2026-07-10 00:00:27] [INFO] Subiendo: ERP_TEST_13.zip
[2026-07-10 00:00:27] [INFO] Subiendo: ERP_TEST_14.zip
[2026-07-10 00:00:27] [INFO] Subiendo: ERP_TEST_15.zip
[2026-07-10 00:00:27] [INFO] Subiendo: ERP_TEST_16.zip
[2026-07-10 00:00:27] [INFO] Subiendo: ERP_TEST_17.zip
[2026-07-10 00:00:27] [INFO] Subiendo: ERP_TEST_18.zip
[2026-07-10 00:00:27] [INFO] Subiendo: ERP_TEST_19.zip
[2026-07-10 00:00:27] [INFO] Subiendo: ERP_TEST_20.zip
[2026-07-10 00:00:27] [INFO] Subiendo: ERP_TEST_21.zip
[2026-07-10 00:00:27] [SUCCESS] Proceso finalizado.
[2026-07-10 00:00:37] [INFO] Ejecutando trabajo: ERP SQL
[2026-07-10 00:00:37] [INFO] === Backup Center iniciado ===
[2026-07-10 00:00:37] [INFO] Subiendo: ERP_TEST.zip
[2026-07-10 00:00:37] [INFO] Subiendo: ERP_TEST_01.zip
[2026-07-10 00:00:37] [INFO] Subiendo: ERP_TEST_02.zip
[2026-07-10 00:00:37] [INFO] Subiendo: ERP_TEST_03.zip
[2026-07-10 00:00:37] [INFO] Subiendo: ERP_TEST_04.bak
[2026-07-10 00:00:37] [INFO] Subiendo: ERP_TEST_05.7z
[2026-07-10 00:00:37] [INFO] Subiendo: ERP_TEST_06.zip
[2026-07-10 00:00:37] [INFO] Subiendo: ERP_TEST_07.zip
[2026-07-10 00:00:37] [INFO] Subiendo: ERP_TEST_08.zip
[2026-07-10 00:00:37] [INFO] Subiendo: ERP_TEST_09.bak
[2026-07-10 00:00:37] [INFO] Subiendo: ERP_TEST_10.7z
[2026-07-10 00:00:37] [INFO] Subiendo: ERP_TEST_11.zip
[2026-07-10 00:00:37] [INFO] Subiendo: ERP_TEST_13.zip
[2026-07-10 00:00:37] [INFO] Subiendo: ERP_TEST_14.zip
[2026-07-10 00:00:37] [INFO] Subiendo: ERP_TEST_15.zip
[2026-07-10 00:00:37] [INFO] Subiendo: ERP_TEST_16.zip
[2026-07-10 00:00:37] [INFO] Subiendo: ERP_TEST_17.zip
[2026-07-10 00:00:37] [INFO] Subiendo: ERP_TEST_18.zip
[2026-07-10 00:00:37] [INFO] Subiendo: ERP_TEST_19.zip
[2026-07-10 00:00:37] [INFO] Subiendo: ERP_TEST_20.zip
[2026-07-10 00:00:37] [INFO] Subiendo: ERP_TEST_21.zip
[2026-07-10 00:00:37] [SUCCESS] Proceso finalizado.
[2026-07-10 00:00:47] [INFO] Ejecutando trabajo: ERP SQL
[2026-07-10 00:00:47] [INFO] === Backup Center iniciado ===
[2026-07-10 00:00:47] [INFO] Subiendo: ERP_TEST.zip
[2026-07-10 00:00:47] [INFO] Subiendo: ERP_TEST_01.zip
[2026-07-10 00:00:47] [INFO] Subiendo: ERP_TEST_02.zip
[2026-07-10 00:00:47] [INFO] Subiendo: ERP_TEST_03.zip
[2026-07-10 00:00:47] [INFO] Subiendo: ERP_TEST_04.bak
[2026-07-10 00:00:47] [INFO] Subiendo: ERP_TEST_05.7z
[2026-07-10 00:00:47] [INFO] Subiendo: ERP_TEST_06.zip
[2026-07-10 00:00:47] [INFO] Subiendo: ERP_TEST_07.zip
[2026-07-10 00:00:47] [INFO] Subiendo: ERP_TEST_08.zip
[2026-07-10 00:00:47] [INFO] Subiendo: ERP_TEST_09.bak
[2026-07-10 00:00:47] [INFO] Subiendo: ERP_TEST_10.7z
[2026-07-10 00:00:47] [INFO] Subiendo: ERP_TEST_11.zip
[2026-07-10 00:00:47] [INFO] Subiendo: ERP_TEST_13.zip
[2026-07-10 00:00:47] [INFO] Subiendo: ERP_TEST_14.zip
[2026-07-10 00:00:47] [INFO] Subiendo: ERP_TEST_15.zip
[2026-07-10 00:00:47] [INFO] Subiendo: ERP_TEST_16.zip
[2026-07-10 00:00:47] [INFO] Subiendo: ERP_TEST_17.zip
[2026-07-10 00:00:47] [INFO] Subiendo: ERP_TEST_18.zip
[2026-07-10 00:00:47] [INFO] Subiendo: ERP_TEST_19.zip
[2026-07-10 00:00:47] [INFO] Subiendo: ERP_TEST_20.zip
[2026-07-10 00:00:47] [INFO] Subiendo: ERP_TEST_21.zip
[2026-07-10 00:00:47] [SUCCESS] Proceso finalizado.
[2026-07-10 00:00:57] [INFO] Ejecutando trabajo: ERP SQL
[2026-07-10 00:00:57] [INFO] === Backup Center iniciado ===
[2026-07-10 00:00:57] [INFO] Subiendo: ERP_TEST.zip
[2026-07-10 00:00:57] [INFO] Subiendo: ERP_TEST_01.zip
[2026-07-10 00:00:57] [INFO] Subiendo: ERP_TEST_02.zip
[2026-07-10 00:00:57] [INFO] Subiendo: ERP_TEST_03.zip
[2026-07-10 00:00:57] [INFO] Subiendo: ERP_TEST_04.bak
[2026-07-10 00:00:57] [INFO] Subiendo: ERP_TEST_05.7z
[2026-07-10 00:00:57] [INFO] Subiendo: ERP_TEST_06.zip
[2026-07-10 00:00:57] [INFO] Subiendo: ERP_TEST_07.zip
[2026-07-10 00:00:57] [INFO] Subiendo: ERP_TEST_08.zip
[2026-07-10 00:00:57] [INFO] Subiendo: ERP_TEST_09.bak
[2026-07-10 00:00:57] [INFO] Subiendo: ERP_TEST_10.7z
[2026-07-10 00:00:57] [INFO] Subiendo: ERP_TEST_11.zip
[2026-07-10 00:00:57] [INFO] Subiendo: ERP_TEST_13.zip
[2026-07-10 00:00:57] [INFO] Subiendo: ERP_TEST_14.zip
[2026-07-10 00:00:57] [INFO] Subiendo: ERP_TEST_15.zip
[2026-07-10 00:00:57] [INFO] Subiendo: ERP_TEST_16.zip
[2026-07-10 00:00:57] [INFO] Subiendo: ERP_TEST_17.zip
[2026-07-10 00:00:57] [INFO] Subiendo: ERP_TEST_18.zip
[2026-07-10 00:00:57] [INFO] Subiendo: ERP_TEST_19.zip
[2026-07-10 00:00:57] [INFO] Subiendo: ERP_TEST_20.zip
[2026-07-10 00:00:57] [INFO] Subiendo: ERP_TEST_21.zip
[2026-07-10 00:00:57] [SUCCESS] Proceso finalizado.
[2026-07-10 00:01:07] [INFO] Ejecutando trabajo: ERP SQL
[2026-07-10 00:01:07] [INFO] === Backup Center iniciado ===
[2026-07-10 00:01:07] [INFO] Subiendo: ERP_TEST.zip
[2026-07-10 00:01:07] [INFO] Subiendo: ERP_TEST_01.zip
[2026-07-10 00:01:07] [INFO] Subiendo: ERP_TEST_02.zip
[2026-07-10 00:01:07] [INFO] Subiendo: ERP_TEST_03.zip
[2026-07-10 00:01:07] [INFO] Subiendo: ERP_TEST_04.bak
[2026-07-10 00:01:07] [INFO] Subiendo: ERP_TEST_05.7z
[2026-07-10 00:01:07] [INFO] Subiendo: ERP_TEST_06.zip
[2026-07-10 00:01:07] [INFO] Subiendo: ERP_TEST_07.zip
[2026-07-10 00:01:07] [INFO] Subiendo: ERP_TEST_08.zip
[2026-07-10 00:01:07] [INFO] Subiendo: ERP_TEST_09.bak
[2026-07-10 00:01:07] [INFO] Subiendo: ERP_TEST_10.7z
[2026-07-10 00:01:07] [INFO] Subiendo: ERP_TEST_11.zip
[2026-07-10 00:01:07] [INFO] Subiendo: ERP_TEST_13.zip
[2026-07-10 00:01:07] [INFO] Subiendo: ERP_TEST_14.zip
[2026-07-10 00:01:07] [INFO] Subiendo: ERP_TEST_15.zip
[2026-07-10 00:01:07] [INFO] Subiendo: ERP_TEST_16.zip
[2026-07-10 00:01:07] [INFO] Subiendo: ERP_TEST_17.zip
[2026-07-10 00:01:07] [INFO] Subiendo: ERP_TEST_18.zip
[2026-07-10 00:01:07] [INFO] Subiendo: ERP_TEST_19.zip
[2026-07-10 00:01:07] [INFO] Subiendo: ERP_TEST_20.zip
[2026-07-10 00:01:07] [INFO] Subiendo: ERP_TEST_21.zip
[2026-07-10 00:01:07] [SUCCESS] Proceso finalizado.
[2026-07-10 00:01:17] [INFO] Ejecutando trabajo: ERP SQL
[2026-07-10 00:01:17] [INFO] === Backup Center iniciado ===
[2026-07-10 00:01:17] [INFO] Subiendo: ERP_TEST.zip
[2026-07-10 00:01:17] [INFO] Subiendo: ERP_TEST_01.zip
[2026-07-10 00:01:17] [INFO] Subiendo: ERP_TEST_02.zip
[2026-07-10 00:01:17] [INFO] Subiendo: ERP_TEST_03.zip
[2026-07-10 00:01:17] [INFO] Subiendo: ERP_TEST_04.bak
[2026-07-10 00:01:17] [INFO] Subiendo: ERP_TEST_05.7z
[2026-07-10 00:01:17] [INFO] Subiendo: ERP_TEST_06.zip
[2026-07-10 00:01:17] [INFO] Subiendo: ERP_TEST_07.zip
[2026-07-10 00:01:17] [INFO] Subiendo: ERP_TEST_08.zip
[2026-07-10 00:01:17] [INFO] Subiendo: ERP_TEST_09.bak
[2026-07-10 00:01:17] [INFO] Subiendo: ERP_TEST_10.7z
[2026-07-10 00:01:17] [INFO] Subiendo: ERP_TEST_11.zip
[2026-07-10 00:01:17] [INFO] Subiendo: ERP_TEST_13.zip
[2026-07-10 00:01:17] [INFO] Subiendo: ERP_TEST_14.zip
[2026-07-10 00:01:17] [INFO] Subiendo: ERP_TEST_15.zip
[2026-07-10 00:01:17] [INFO] Subiendo: ERP_TEST_16.zip
[2026-07-10 00:01:17] [INFO] Subiendo: ERP_TEST_17.zip
[2026-07-10 00:01:17] [INFO] Subiendo: ERP_TEST_18.zip
[2026-07-10 00:01:17] [INFO] Subiendo: ERP_TEST_19.zip
[2026-07-10 00:01:17] [INFO] Subiendo: ERP_TEST_20.zip
[2026-07-10 00:01:17] [INFO] Subiendo: ERP_TEST_21.zip
[2026-07-10 00:01:17] [SUCCESS] Proceso finalizado.
[2026-07-10 00:01:27] [INFO] Ejecutando trabajo: ERP SQL
[2026-07-10 00:01:27] [INFO] === Backup Center iniciado ===
[2026-07-10 00:01:27] [INFO] Subiendo: ERP_TEST.zip
[2026-07-10 00:01:27] [INFO] Subiendo: ERP_TEST_01.zip
[2026-07-10 00:01:27] [INFO] Subiendo: ERP_TEST_02.zip
[2026-07-10 00:01:27] [INFO] Subiendo: ERP_TEST_03.zip
[2026-07-10 00:01:27] [INFO] Subiendo: ERP_TEST_04.bak
[2026-07-10 00:01:27] [INFO] Subiendo: ERP_TEST_05.7z
[2026-07-10 00:01:27] [INFO] Subiendo: ERP_TEST_06.zip
[2026-07-10 00:01:27] [INFO] Subiendo: ERP_TEST_07.zip
[2026-07-10 00:01:27] [INFO] Subiendo: ERP_TEST_08.zip
[2026-07-10 00:01:27] [INFO] Subiendo: ERP_TEST_09.bak
[2026-07-10 00:01:27] [INFO] Subiendo: ERP_TEST_10.7z
[2026-07-10 00:01:27] [INFO] Subiendo: ERP_TEST_11.zip
[2026-07-10 00:01:27] [INFO] Subiendo: ERP_TEST_13.zip
[2026-07-10 00:01:27] [INFO] Subiendo: ERP_TEST_14.zip
[2026-07-10 00:01:27] [INFO] Subiendo: ERP_TEST_15.zip
[2026-07-10 00:01:27] [INFO] Subiendo: ERP_TEST_16.zip
[2026-07-10 00:01:27] [INFO] Subiendo: ERP_TEST_17.zip
[2026-07-10 00:01:27] [INFO] Subiendo: ERP_TEST_18.zip
[2026-07-10 00:01:27] [INFO] Subiendo: ERP_TEST_19.zip
[2026-07-10 00:01:27] [INFO] Subiendo: ERP_TEST_20.zip
[2026-07-10 00:01:27] [INFO] Subiendo: ERP_TEST_21.zip
[2026-07-10 00:01:27] [SUCCESS] Proceso finalizado.
[2026-07-10 00:01:38] [INFO] Ejecutando trabajo: ERP SQL
[2026-07-10 00:01:38] [INFO] === Backup Center iniciado ===
[2026-07-10 00:01:38] [INFO] Subiendo: ERP_TEST.zip
[2026-07-10 00:01:38] [INFO] Subiendo: ERP_TEST_01.zip
[2026-07-10 00:01:38] [INFO] Subiendo: ERP_TEST_02.zip
[2026-07-10 00:01:38] [INFO] Subiendo: ERP_TEST_03.zip
[2026-07-10 00:01:38] [INFO] Subiendo: ERP_TEST_04.bak
[2026-07-10 00:01:38] [INFO] Subiendo: ERP_TEST_05.7z
[2026-07-10 00:01:38] [INFO] Subiendo: ERP_TEST_06.zip
[2026-07-10 00:01:38] [INFO] Subiendo: ERP_TEST_07.zip
[2026-07-10 00:01:38] [INFO] Subiendo: ERP_TEST_08.zip
[2026-07-10 00:01:38] [INFO] Subiendo: ERP_TEST_09.bak
[2026-07-10 00:01:38] [INFO] Subiendo: ERP_TEST_10.7z
[2026-07-10 00:01:38] [INFO] Subiendo: ERP_TEST_11.zip
[2026-07-10 00:01:38] [INFO] Subiendo: ERP_TEST_13.zip
[2026-07-10 00:01:38] [INFO] Subiendo: ERP_TEST_14.zip
[2026-07-10 00:01:38] [INFO] Subiendo: ERP_TEST_15.zip
[2026-07-10 00:01:38] [INFO] Subiendo: ERP_TEST_16.zip
[2026-07-10 00:01:38] [INFO] Subiendo: ERP_TEST_17.zip
[2026-07-10 00:01:38] [INFO] Subiendo: ERP_TEST_18.zip
[2026-07-10 00:01:38] [INFO] Subiendo: ERP_TEST_19.zip
[2026-07-10 00:01:38] [INFO] Subiendo: ERP_TEST_20.zip
[2026-07-10 00:01:38] [INFO] Subiendo: ERP_TEST_21.zip
[2026-07-10 00:01:38] [SUCCESS] Proceso finalizado.
[2026-07-10 00:01:46] [INFO] Ejecutando trabajo: ERP SQL
[2026-07-10 00:01:46] [INFO] === Backup Center iniciado ===
[2026-07-10 00:01:46] [INFO] Subiendo: ERP_TEST.zip
[2026-07-10 00:01:46] [INFO] Subiendo: ERP_TEST_01.zip
[2026-07-10 00:01:46] [INFO] Subiendo: ERP_TEST_02.zip
[2026-07-10 00:01:46] [INFO] Subiendo: ERP_TEST_03.zip
[2026-07-10 00:01:46] [INFO] Subiendo: ERP_TEST_04.bak
[2026-07-10 00:01:46] [INFO] Subiendo: ERP_TEST_05.7z
[2026-07-10 00:01:46] [INFO] Subiendo: ERP_TEST_06.zip
[2026-07-10 00:01:46] [INFO] Subiendo: ERP_TEST_07.zip
[2026-07-10 00:01:46] [INFO] Subiendo: ERP_TEST_08.zip
[2026-07-10 00:01:46] [INFO] Subiendo: ERP_TEST_09.bak
[2026-07-10 00:01:46] [INFO] Subiendo: ERP_TEST_10.7z
[2026-07-10 00:01:46] [INFO] Subiendo: ERP_TEST_11.zip
[2026-07-10 00:01:46] [INFO] Subiendo: ERP_TEST_13.zip
[2026-07-10 00:01:46] [INFO] Subiendo: ERP_TEST_14.zip
[2026-07-10 00:01:46] [INFO] Subiendo: ERP_TEST_15.zip
[2026-07-10 00:01:46] [INFO] Subiendo: ERP_TEST_16.zip
[2026-07-10 00:01:46] [INFO] Subiendo: ERP_TEST_17.zip
[2026-07-10 00:01:46] [INFO] Subiendo: ERP_TEST_18.zip
[2026-07-10 00:01:46] [INFO] Subiendo: ERP_TEST_19.zip
[2026-07-10 00:01:46] [INFO] Subiendo: ERP_TEST_20.zip
[2026-07-10 00:01:46] [INFO] Subiendo: ERP_TEST_21.zip
[2026-07-10 00:01:46] [SUCCESS] Proceso finalizado.
[2026-07-10 00:01:56] [INFO] Ejecutando trabajo: ERP SQL
[2026-07-10 00:01:56] [INFO] === Backup Center iniciado ===
[2026-07-10 00:01:56] [INFO] Subiendo: ERP_TEST.zip
[2026-07-10 00:01:56] [INFO] Subiendo: ERP_TEST_01.zip
[2026-07-10 00:01:56] [INFO] Subiendo: ERP_TEST_02.zip
[2026-07-10 00:01:56] [INFO] Subiendo: ERP_TEST_03.zip
[2026-07-10 00:01:56] [INFO] Subiendo: ERP_TEST_04.bak
[2026-07-10 00:01:56] [INFO] Subiendo: ERP_TEST_05.7z
[2026-07-10 00:01:56] [INFO] Subiendo: ERP_TEST_06.zip
[2026-07-10 00:01:56] [INFO] Subiendo: ERP_TEST_07.zip
[2026-07-10 00:01:56] [INFO] Subiendo: ERP_TEST_08.zip
[2026-07-10 00:01:56] [INFO] Subiendo: ERP_TEST_09.bak
[2026-07-10 00:01:56] [INFO] Subiendo: ERP_TEST_10.7z
[2026-07-10 00:01:56] [INFO] Subiendo: ERP_TEST_11.zip
[2026-07-10 00:01:56] [INFO] Subiendo: ERP_TEST_13.zip
[2026-07-10 00:01:56] [INFO] Subiendo: ERP_TEST_14.zip
[2026-07-10 00:01:56] [INFO] Subiendo: ERP_TEST_15.zip
[2026-07-10 00:01:56] [INFO] Subiendo: ERP_TEST_16.zip
[2026-07-10 00:01:56] [INFO] Subiendo: ERP_TEST_17.zip
[2026-07-10 00:01:56] [INFO] Subiendo: ERP_TEST_18.zip
[2026-07-10 00:01:56] [INFO] Subiendo: ERP_TEST_19.zip
[2026-07-10 00:01:56] [INFO] Subiendo: ERP_TEST_20.zip
[2026-07-10 00:01:56] [INFO] Subiendo: ERP_TEST_21.zip
[2026-07-10 00:01:56] [SUCCESS] Proceso finalizado.
[2026-07-10 00:02:06] [INFO] Ejecutando trabajo: ERP SQL
[2026-07-10 00:02:06] [INFO] === Backup Center iniciado ===
[2026-07-10 00:02:06] [INFO] Subiendo: ERP_TEST.zip
[2026-07-10 00:02:06] [INFO] Subiendo: ERP_TEST_01.zip
[2026-07-10 00:02:06] [INFO] Subiendo: ERP_TEST_02.zip
[2026-07-10 00:02:06] [INFO] Subiendo: ERP_TEST_03.zip
[2026-07-10 00:02:06] [INFO] Subiendo: ERP_TEST_04.bak
[2026-07-10 00:02:06] [INFO] Subiendo: ERP_TEST_05.7z
[2026-07-10 00:02:06] [INFO] Subiendo: ERP_TEST_06.zip
[2026-07-10 00:02:06] [INFO] Subiendo: ERP_TEST_07.zip
[2026-07-10 00:02:06] [INFO] Subiendo: ERP_TEST_08.zip
[2026-07-10 00:02:06] [INFO] Subiendo: ERP_TEST_09.bak
[2026-07-10 00:02:06] [INFO] Subiendo: ERP_TEST_10.7z
[2026-07-10 00:02:06] [INFO] Subiendo: ERP_TEST_11.zip
[2026-07-10 00:02:06] [INFO] Subiendo: ERP_TEST_13.zip
[2026-07-10 00:02:06] [INFO] Subiendo: ERP_TEST_14.zip
[2026-07-10 00:02:06] [INFO] Subiendo: ERP_TEST_15.zip
[2026-07-10 00:02:06] [INFO] Subiendo: ERP_TEST_16.zip
[2026-07-10 00:02:06] [INFO] Subiendo: ERP_TEST_17.zip
[2026-07-10 00:02:06] [INFO] Subiendo: ERP_TEST_18.zip
[2026-07-10 00:02:06] [INFO] Subiendo: ERP_TEST_19.zip
[2026-07-10 00:02:06] [INFO] Subiendo: ERP_TEST_20.zip
[2026-07-10 00:02:06] [INFO] Subiendo: ERP_TEST_21.zip
[2026-07-10 00:02:06] [SUCCESS] Proceso finalizado.
[2026-07-10 00:02:16] [INFO] Ejecutando trabajo: ERP SQL
[2026-07-10 00:02:16] [INFO] === Backup Center iniciado ===
[2026-07-10 00:02:16] [INFO] Subiendo: ERP_TEST.zip
[2026-07-10 00:02:16] [INFO] Subiendo: ERP_TEST_01.zip
[2026-07-10 00:02:16] [INFO] Subiendo: ERP_TEST_02.zip
[2026-07-10 00:02:16] [INFO] Subiendo: ERP_TEST_03.zip
[2026-07-10 00:02:16] [INFO] Subiendo: ERP_TEST_04.bak
[2026-07-10 00:02:16] [INFO] Subiendo: ERP_TEST_05.7z
[2026-07-10 00:02:16] [INFO] Subiendo: ERP_TEST_06.zip
[2026-07-10 00:02:16] [INFO] Subiendo: ERP_TEST_07.zip
[2026-07-10 00:02:16] [INFO] Subiendo: ERP_TEST_08.zip
[2026-07-10 00:02:16] [INFO] Subiendo: ERP_TEST_09.bak
[2026-07-10 00:02:16] [INFO] Subiendo: ERP_TEST_10.7z
[2026-07-10 00:02:16] [INFO] Subiendo: ERP_TEST_11.zip
[2026-07-10 00:02:16] [INFO] Subiendo: ERP_TEST_13.zip
[2026-07-10 00:02:16] [INFO] Subiendo: ERP_TEST_14.zip
[2026-07-10 00:02:16] [INFO] Subiendo: ERP_TEST_15.zip
[2026-07-10 00:02:16] [INFO] Subiendo: ERP_TEST_16.zip
[2026-07-10 00:02:16] [INFO] Subiendo: ERP_TEST_17.zip
[2026-07-10 00:02:16] [INFO] Subiendo: ERP_TEST_18.zip
[2026-07-10 00:02:16] [INFO] Subiendo: ERP_TEST_19.zip
[2026-07-10 00:02:16] [INFO] Subiendo: ERP_TEST_20.zip
[2026-07-10 00:02:16] [INFO] Subiendo: ERP_TEST_21.zip
[2026-07-10 00:02:16] [SUCCESS] Proceso finalizado.
[2026-07-10 00:02:26] [INFO] Ejecutando trabajo: ERP SQL
[2026-07-10 00:02:26] [INFO] === Backup Center iniciado ===
[2026-07-10 00:02:26] [INFO] Subiendo: ERP_TEST.zip
[2026-07-10 00:02:26] [INFO] Subiendo: ERP_TEST_01.zip
[2026-07-10 00:02:26] [INFO] Subiendo: ERP_TEST_02.zip
[2026-07-10 00:02:26] [INFO] Subiendo: ERP_TEST_03.zip
[2026-07-10 00:02:26] [INFO] Subiendo: ERP_TEST_04.bak
[2026-07-10 00:02:26] [INFO] Subiendo: ERP_TEST_05.7z
[2026-07-10 00:02:26] [INFO] Subiendo: ERP_TEST_06.zip
[2026-07-10 00:02:26] [INFO] Subiendo: ERP_TEST_07.zip
[2026-07-10 00:02:26] [INFO] Subiendo: ERP_TEST_08.zip
[2026-07-10 00:02:26] [INFO] Subiendo: ERP_TEST_09.bak
[2026-07-10 00:02:26] [INFO] Subiendo: ERP_TEST_10.7z
[2026-07-10 00:02:26] [INFO] Subiendo: ERP_TEST_11.zip
[2026-07-10 00:02:26] [INFO] Subiendo: ERP_TEST_13.zip
[2026-07-10 00:02:26] [INFO] Subiendo: ERP_TEST_14.zip
[2026-07-10 00:02:26] [INFO] Subiendo: ERP_TEST_15.zip
[2026-07-10 00:02:26] [INFO] Subiendo: ERP_TEST_16.zip
[2026-07-10 00:02:26] [INFO] Subiendo: ERP_TEST_17.zip
[2026-07-10 00:02:26] [INFO] Subiendo: ERP_TEST_18.zip
[2026-07-10 00:02:26] [INFO] Subiendo: ERP_TEST_19.zip
[2026-07-10 00:02:26] [INFO] Subiendo: ERP_TEST_20.zip
[2026-07-10 00:02:26] [INFO] Subiendo: ERP_TEST_21.zip
[2026-07-10 00:02:26] [SUCCESS] Proceso finalizado.
[2026-07-10 00:02:36] [INFO] Ejecutando trabajo: ERP SQL
[2026-07-10 00:02:36] [INFO] === Backup Center iniciado ===
[2026-07-10 00:02:36] [INFO] Subiendo: ERP_TEST.zip
[2026-07-10 00:02:36] [INFO] Subiendo: ERP_TEST_01.zip
[2026-07-10 00:02:36] [INFO] Subiendo: ERP_TEST_02.zip
[2026-07-10 00:02:36] [INFO] Subiendo: ERP_TEST_03.zip
[2026-07-10 00:02:36] [INFO] Subiendo: ERP_TEST_04.bak
[2026-07-10 00:02:36] [INFO] Subiendo: ERP_TEST_05.7z
[2026-07-10 00:02:36] [INFO] Subiendo: ERP_TEST_06.zip
[2026-07-10 00:02:36] [INFO] Subiendo: ERP_TEST_07.zip
[2026-07-10 00:02:36] [INFO] Subiendo: ERP_TEST_08.zip
[2026-07-10 00:02:36] [INFO] Subiendo: ERP_TEST_09.bak
[2026-07-10 00:02:36] [INFO] Subiendo: ERP_TEST_10.7z
[2026-07-10 00:02:36] [INFO] Subiendo: ERP_TEST_11.zip
[2026-07-10 00:02:36] [INFO] Subiendo: ERP_TEST_13.zip
[2026-07-10 00:02:36] [INFO] Subiendo: ERP_TEST_14.zip
[2026-07-10 00:02:36] [INFO] Subiendo: ERP_TEST_15.zip
[2026-07-10 00:02:36] [INFO] Subiendo: ERP_TEST_16.zip
[2026-07-10 00:02:36] [INFO] Subiendo: ERP_TEST_17.zip
[2026-07-10 00:02:36] [INFO] Subiendo: ERP_TEST_18.zip
[2026-07-10 00:02:36] [INFO] Subiendo: ERP_TEST_19.zip
[2026-07-10 00:02:36] [INFO] Subiendo: ERP_TEST_20.zip
[2026-07-10 00:02:36] [INFO] Subiendo: ERP_TEST_21.zip
[2026-07-10 00:02:36] [SUCCESS] Proceso finalizado.
[2026-07-10 00:02:46] [INFO] Ejecutando trabajo: ERP SQL
[2026-07-10 00:02:46] [INFO] === Backup Center iniciado ===
[2026-07-10 00:02:46] [INFO] Subiendo: ERP_TEST.zip
[2026-07-10 00:02:46] [INFO] Subiendo: ERP_TEST_01.zip
[2026-07-10 00:02:46] [INFO] Subiendo: ERP_TEST_02.zip
[2026-07-10 00:02:46] [INFO] Subiendo: ERP_TEST_03.zip
[2026-07-10 00:02:46] [INFO] Subiendo: ERP_TEST_04.bak
[2026-07-10 00:02:46] [INFO] Subiendo: ERP_TEST_05.7z
[2026-07-10 00:02:46] [INFO] Subiendo: ERP_TEST_06.zip
[2026-07-10 00:02:46] [INFO] Subiendo: ERP_TEST_07.zip
[2026-07-10 00:02:46] [INFO] Subiendo: ERP_TEST_08.zip
[2026-07-10 00:02:46] [INFO] Subiendo: ERP_TEST_09.bak
[2026-07-10 00:02:46] [INFO] Subiendo: ERP_TEST_10.7z
[2026-07-10 00:02:46] [INFO] Subiendo: ERP_TEST_11.zip
[2026-07-10 00:02:46] [INFO] Subiendo: ERP_TEST_13.zip
[2026-07-10 00:02:46] [INFO] Subiendo: ERP_TEST_14.zip
[2026-07-10 00:02:46] [INFO] Subiendo: ERP_TEST_15.zip
[2026-07-10 00:02:46] [INFO] Subiendo: ERP_TEST_16.zip
[2026-07-10 00:02:46] [INFO] Subiendo: ERP_TEST_17.zip
[2026-07-10 00:02:46] [INFO] Subiendo: ERP_TEST_18.zip
[2026-07-10 00:02:46] [INFO] Subiendo: ERP_TEST_19.zip
[2026-07-10 00:02:46] [INFO] Subiendo: ERP_TEST_20.zip
[2026-07-10 00:02:46] [INFO] Subiendo: ERP_TEST_21.zip
[2026-07-10 00:02:46] [SUCCESS] Proceso finalizado.
[2026-07-10 00:02:56] [INFO] Ejecutando trabajo: ERP SQL
[2026-07-10 00:02:56] [INFO] === Backup Center iniciado ===
[2026-07-10 00:02:56] [INFO] Subiendo: ERP_TEST.zip
[2026-07-10 00:02:56] [INFO] Subiendo: ERP_TEST_01.zip
[2026-07-10 00:02:56] [INFO] Subiendo: ERP_TEST_02.zip
[2026-07-10 00:02:56] [INFO] Subiendo: ERP_TEST_03.zip
[2026-07-10 00:02:56] [INFO] Subiendo: ERP_TEST_04.bak
[2026-07-10 00:02:56] [INFO] Subiendo: ERP_TEST_05.7z
[2026-07-10 00:02:56] [INFO] Subiendo: ERP_TEST_06.zip
[2026-07-10 00:02:56] [INFO] Subiendo: ERP_TEST_07.zip
[2026-07-10 00:02:56] [INFO] Subiendo: ERP_TEST_08.zip
[2026-07-10 00:02:56] [INFO] Subiendo: ERP_TEST_09.bak
[2026-07-10 00:02:56] [INFO] Subiendo: ERP_TEST_10.7z
[2026-07-10 00:02:56] [INFO] Subiendo: ERP_TEST_11.zip
[2026-07-10 00:02:56] [INFO] Subiendo: ERP_TEST_13.zip
[2026-07-10 00:02:56] [INFO] Subiendo: ERP_TEST_14.zip
[2026-07-10 00:02:56] [INFO] Subiendo: ERP_TEST_15.zip
[2026-07-10 00:02:56] [INFO] Subiendo: ERP_TEST_16.zip
[2026-07-10 00:02:56] [INFO] Subiendo: ERP_TEST_17.zip
[2026-07-10 00:02:56] [INFO] Subiendo: ERP_TEST_18.zip
[2026-07-10 00:02:56] [INFO] Subiendo: ERP_TEST_19.zip
[2026-07-10 00:02:56] [INFO] Subiendo: ERP_TEST_20.zip
[2026-07-10 00:02:56] [INFO] Subiendo: ERP_TEST_21.zip
[2026-07-10 00:02:56] [SUCCESS] Proceso finalizado.
[2026-07-10 00:03:07] [INFO] Ejecutando trabajo: ERP SQL
[2026-07-10 00:03:07] [INFO] === Backup Center iniciado ===
[2026-07-10 00:03:07] [INFO] Subiendo: ERP_TEST.zip
[2026-07-10 00:03:07] [INFO] Subiendo: ERP_TEST_01.zip
[2026-07-10 00:03:07] [INFO] Subiendo: ERP_TEST_02.zip
[2026-07-10 00:03:07] [INFO] Subiendo: ERP_TEST_03.zip
[2026-07-10 00:03:07] [INFO] Subiendo: ERP_TEST_04.bak
[2026-07-10 00:03:07] [INFO] Subiendo: ERP_TEST_05.7z
[2026-07-10 00:03:07] [INFO] Subiendo: ERP_TEST_06.zip
[2026-07-10 00:03:07] [INFO] Subiendo: ERP_TEST_07.zip
[2026-07-10 00:03:07] [INFO] Subiendo: ERP_TEST_08.zip
[2026-07-10 00:03:07] [INFO] Subiendo: ERP_TEST_09.bak
[2026-07-10 00:03:07] [INFO] Subiendo: ERP_TEST_10.7z
[2026-07-10 00:03:07] [INFO] Subiendo: ERP_TEST_11.zip
[2026-07-10 00:03:07] [INFO] Subiendo: ERP_TEST_13.zip
[2026-07-10 00:03:07] [INFO] Subiendo: ERP_TEST_14.zip
[2026-07-10 00:03:07] [INFO] Subiendo: ERP_TEST_15.zip
[2026-07-10 00:03:07] [INFO] Subiendo: ERP_TEST_16.zip
[2026-07-10 00:03:07] [INFO] Subiendo: ERP_TEST_17.zip
[2026-07-10 00:03:07] [INFO] Subiendo: ERP_TEST_18.zip
[2026-07-10 00:03:07] [INFO] Subiendo: ERP_TEST_19.zip
[2026-07-10 00:03:07] [INFO] Subiendo: ERP_TEST_20.zip
[2026-07-10 00:03:07] [INFO] Subiendo: ERP_TEST_21.zip
[2026-07-10 00:03:07] [SUCCESS] Proceso finalizado.
[2026-07-10 00:03:17] [INFO] Ejecutando trabajo: ERP SQL
[2026-07-10 00:03:17] [INFO] === Backup Center iniciado ===
[2026-07-10 00:03:17] [INFO] Subiendo: ERP_TEST.zip
[2026-07-10 00:03:17] [INFO] Subiendo: ERP_TEST_01.zip
[2026-07-10 00:03:17] [INFO] Subiendo: ERP_TEST_02.zip
[2026-07-10 00:03:17] [INFO] Subiendo: ERP_TEST_03.zip
[2026-07-10 00:03:17] [INFO] Subiendo: ERP_TEST_04.bak
[2026-07-10 00:03:17] [INFO] Subiendo: ERP_TEST_05.7z
[2026-07-10 00:03:17] [INFO] Subiendo: ERP_TEST_06.zip
[2026-07-10 00:03:17] [INFO] Subiendo: ERP_TEST_07.zip
[2026-07-10 00:03:17] [INFO] Subiendo: ERP_TEST_08.zip
[2026-07-10 00:03:17] [INFO] Subiendo: ERP_TEST_09.bak
[2026-07-10 00:03:17] [INFO] Subiendo: ERP_TEST_10.7z
[2026-07-10 00:03:17] [INFO] Subiendo: ERP_TEST_11.zip
[2026-07-10 00:03:17] [INFO] Subiendo: ERP_TEST_13.zip
[2026-07-10 00:03:17] [INFO] Subiendo: ERP_TEST_14.zip
[2026-07-10 00:03:17] [INFO] Subiendo: ERP_TEST_15.zip
[2026-07-10 00:03:17] [INFO] Subiendo: ERP_TEST_16.zip
[2026-07-10 00:03:17] [INFO] Subiendo: ERP_TEST_17.zip
[2026-07-10 00:03:17] [INFO] Subiendo: ERP_TEST_18.zip
[2026-07-10 00:03:17] [INFO] Subiendo: ERP_TEST_19.zip
[2026-07-10 00:03:17] [INFO] Subiendo: ERP_TEST_20.zip
[2026-07-10 00:03:17] [INFO] Subiendo: ERP_TEST_21.zip
[2026-07-10 00:03:17] [SUCCESS] Proceso finalizado.
[2026-07-10 00:03:27] [INFO] Ejecutando trabajo: ERP SQL
[2026-07-10 00:03:27] [INFO] === Backup Center iniciado ===
[2026-07-10 00:03:27] [INFO] Subiendo: ERP_TEST.zip
[2026-07-10 00:03:27] [INFO] Subiendo: ERP_TEST_01.zip
[2026-07-10 00:03:27] [INFO] Subiendo: ERP_TEST_02.zip
[2026-07-10 00:03:27] [INFO] Subiendo: ERP_TEST_03.zip
[2026-07-10 00:03:27] [INFO] Subiendo: ERP_TEST_04.bak
[2026-07-10 00:03:27] [INFO] Subiendo: ERP_TEST_05.7z
[2026-07-10 00:03:27] [INFO] Subiendo: ERP_TEST_06.zip
[2026-07-10 00:03:27] [INFO] Subiendo: ERP_TEST_07.zip
[2026-07-10 00:03:27] [INFO] Subiendo: ERP_TEST_08.zip
[2026-07-10 00:03:27] [INFO] Subiendo: ERP_TEST_09.bak
[2026-07-10 00:03:27] [INFO] Subiendo: ERP_TEST_10.7z
[2026-07-10 00:03:27] [INFO] Subiendo: ERP_TEST_11.zip
[2026-07-10 00:03:27] [INFO] Subiendo: ERP_TEST_13.zip
[2026-07-10 00:03:27] [INFO] Subiendo: ERP_TEST_14.zip
[2026-07-10 00:03:27] [INFO] Subiendo: ERP_TEST_15.zip
[2026-07-10 00:03:27] [INFO] Subiendo: ERP_TEST_16.zip
[2026-07-10 00:03:27] [INFO] Subiendo: ERP_TEST_17.zip
[2026-07-10 00:03:27] [INFO] Subiendo: ERP_TEST_18.zip
[2026-07-10 00:03:27] [INFO] Subiendo: ERP_TEST_19.zip
[2026-07-10 00:03:27] [INFO] Subiendo: ERP_TEST_20.zip
[2026-07-10 00:03:27] [INFO] Subiendo: ERP_TEST_21.zip
[2026-07-10 00:03:27] [SUCCESS] Proceso finalizado.
[2026-07-10 00:03:37] [INFO] Ejecutando trabajo: ERP SQL
[2026-07-10 00:03:37] [INFO] === Backup Center iniciado ===
[2026-07-10 00:03:37] [INFO] Subiendo: ERP_TEST.zip
[2026-07-10 00:03:37] [INFO] Subiendo: ERP_TEST_01.zip
[2026-07-10 00:03:37] [INFO] Subiendo: ERP_TEST_02.zip
[2026-07-10 00:03:37] [INFO] Subiendo: ERP_TEST_03.zip
[2026-07-10 00:03:37] [INFO] Subiendo: ERP_TEST_04.bak
[2026-07-10 00:03:37] [INFO] Subiendo: ERP_TEST_05.7z
[2026-07-10 00:03:37] [INFO] Subiendo: ERP_TEST_06.zip
[2026-07-10 00:03:37] [INFO] Subiendo: ERP_TEST_07.zip
[2026-07-10 00:03:37] [INFO] Subiendo: ERP_TEST_08.zip
[2026-07-10 00:03:37] [INFO] Subiendo: ERP_TEST_09.bak
[2026-07-10 00:03:37] [INFO] Subiendo: ERP_TEST_10.7z
[2026-07-10 00:03:37] [INFO] Subiendo: ERP_TEST_11.zip
[2026-07-10 00:03:37] [INFO] Subiendo: ERP_TEST_13.zip
[2026-07-10 00:03:37] [INFO] Subiendo: ERP_TEST_14.zip
[2026-07-10 00:03:37] [INFO] Subiendo: ERP_TEST_15.zip
[2026-07-10 00:03:37] [INFO] Subiendo: ERP_TEST_16.zip
[2026-07-10 00:03:37] [INFO] Subiendo: ERP_TEST_17.zip
[2026-07-10 00:03:37] [INFO] Subiendo: ERP_TEST_18.zip
[2026-07-10 00:03:37] [INFO] Subiendo: ERP_TEST_19.zip
[2026-07-10 00:03:37] [INFO] Subiendo: ERP_TEST_20.zip
[2026-07-10 00:03:37] [INFO] Subiendo: ERP_TEST_21.zip
[2026-07-10 00:03:37] [SUCCESS] Proceso finalizado.
[2026-07-10 00:03:47] [INFO] Ejecutando trabajo: ERP SQL
[2026-07-10 00:03:47] [INFO] === Backup Center iniciado ===
[2026-07-10 00:03:47] [INFO] Subiendo: ERP_TEST.zip
[2026-07-10 00:03:47] [INFO] Subiendo: ERP_TEST_01.zip
[2026-07-10 00:03:47] [INFO] Subiendo: ERP_TEST_02.zip
[2026-07-10 00:03:47] [INFO] Subiendo: ERP_TEST_03.zip
[2026-07-10 00:03:47] [INFO] Subiendo: ERP_TEST_04.bak
[2026-07-10 00:03:47] [INFO] Subiendo: ERP_TEST_05.7z
[2026-07-10 00:03:47] [INFO] Subiendo: ERP_TEST_06.zip
[2026-07-10 00:03:47] [INFO] Subiendo: ERP_TEST_07.zip
[2026-07-10 00:03:47] [INFO] Subiendo: ERP_TEST_08.zip
[2026-07-10 00:03:47] [INFO] Subiendo: ERP_TEST_09.bak
[2026-07-10 00:03:47] [INFO] Subiendo: ERP_TEST_10.7z
[2026-07-10 00:03:47] [INFO] Subiendo: ERP_TEST_11.zip
[2026-07-10 00:03:47] [INFO] Subiendo: ERP_TEST_13.zip
[2026-07-10 00:03:47] [INFO] Subiendo: ERP_TEST_14.zip
[2026-07-10 00:03:47] [INFO] Subiendo: ERP_TEST_15.zip
[2026-07-10 00:03:47] [INFO] Subiendo: ERP_TEST_16.zip
[2026-07-10 00:03:47] [INFO] Subiendo: ERP_TEST_17.zip
[2026-07-10 00:03:47] [INFO] Subiendo: ERP_TEST_18.zip
[2026-07-10 00:03:47] [INFO] Subiendo: ERP_TEST_19.zip
[2026-07-10 00:03:47] [INFO] Subiendo: ERP_TEST_20.zip
[2026-07-10 00:03:47] [INFO] Subiendo: ERP_TEST_21.zip
[2026-07-10 00:03:47] [SUCCESS] Proceso finalizado.
[2026-07-10 00:03:57] [INFO] Ejecutando trabajo: ERP SQL
[2026-07-10 00:03:57] [INFO] === Backup Center iniciado ===
[2026-07-10 00:03:57] [INFO] Subiendo: ERP_TEST.zip
[2026-07-10 00:03:57] [INFO] Subiendo: ERP_TEST_01.zip
[2026-07-10 00:03:57] [INFO] Subiendo: ERP_TEST_02.zip
[2026-07-10 00:03:57] [INFO] Subiendo: ERP_TEST_03.zip
[2026-07-10 00:03:57] [INFO] Subiendo: ERP_TEST_04.bak
[2026-07-10 00:03:57] [INFO] Subiendo: ERP_TEST_05.7z
[2026-07-10 00:03:57] [INFO] Subiendo: ERP_TEST_06.zip
[2026-07-10 00:03:57] [INFO] Subiendo: ERP_TEST_07.zip
[2026-07-10 00:03:57] [INFO] Subiendo: ERP_TEST_08.zip
[2026-07-10 00:03:57] [INFO] Subiendo: ERP_TEST_09.bak
[2026-07-10 00:03:57] [INFO] Subiendo: ERP_TEST_10.7z
[2026-07-10 00:03:57] [INFO] Subiendo: ERP_TEST_11.zip
[2026-07-10 00:03:57] [INFO] Subiendo: ERP_TEST_13.zip
[2026-07-10 00:03:57] [INFO] Subiendo: ERP_TEST_14.zip
[2026-07-10 00:03:57] [INFO] Subiendo: ERP_TEST_15.zip
[2026-07-10 00:03:57] [INFO] Subiendo: ERP_TEST_16.zip
[2026-07-10 00:03:57] [INFO] Subiendo: ERP_TEST_17.zip
[2026-07-10 00:03:57] [INFO] Subiendo: ERP_TEST_18.zip
[2026-07-10 00:03:57] [INFO] Subiendo: ERP_TEST_19.zip
[2026-07-10 00:03:57] [INFO] Subiendo: ERP_TEST_20.zip
[2026-07-10 00:03:57] [INFO] Subiendo: ERP_TEST_21.zip
[2026-07-10 00:03:57] [SUCCESS] Proceso finalizado.
[2026-07-10 00:04:07] [INFO] Ejecutando trabajo: ERP SQL
[2026-07-10 00:04:07] [INFO] === Backup Center iniciado ===
[2026-07-10 00:04:07] [INFO] Subiendo: ERP_TEST.zip
[2026-07-10 00:04:07] [INFO] Subiendo: ERP_TEST_01.zip
[2026-07-10 00:04:07] [INFO] Subiendo: ERP_TEST_02.zip
[2026-07-10 00:04:07] [INFO] Subiendo: ERP_TEST_03.zip
[2026-07-10 00:04:07] [INFO] Subiendo: ERP_TEST_04.bak
[2026-07-10 00:04:07] [INFO] Subiendo: ERP_TEST_05.7z
[2026-07-10 00:04:07] [INFO] Subiendo: ERP_TEST_06.zip
[2026-07-10 00:04:07] [INFO] Subiendo: ERP_TEST_07.zip
[2026-07-10 00:04:07] [INFO] Subiendo: ERP_TEST_08.zip
[2026-07-10 00:04:07] [INFO] Subiendo: ERP_TEST_09.bak
[2026-07-10 00:04:07] [INFO] Subiendo: ERP_TEST_10.7z
[2026-07-10 00:04:07] [INFO] Subiendo: ERP_TEST_11.zip
[2026-07-10 00:04:07] [INFO] Subiendo: ERP_TEST_13.zip
[2026-07-10 00:04:07] [INFO] Subiendo: ERP_TEST_14.zip
[2026-07-10 00:04:07] [INFO] Subiendo: ERP_TEST_15.zip
[2026-07-10 00:04:07] [INFO] Subiendo: ERP_TEST_16.zip
[2026-07-10 00:04:07] [INFO] Subiendo: ERP_TEST_17.zip
[2026-07-10 00:04:07] [INFO] Subiendo: ERP_TEST_18.zip
[2026-07-10 00:04:07] [INFO] Subiendo: ERP_TEST_19.zip
[2026-07-10 00:04:07] [INFO] Subiendo: ERP_TEST_20.zip
[2026-07-10 00:04:07] [INFO] Subiendo: ERP_TEST_21.zip
[2026-07-10 00:04:07] [SUCCESS] Proceso finalizado.
[2026-07-10 00:04:17] [INFO] Ejecutando trabajo: ERP SQL
[2026-07-10 00:04:17] [INFO] === Backup Center iniciado ===
[2026-07-10 00:04:17] [INFO] Subiendo: ERP_TEST.zip
[2026-07-10 00:04:17] [INFO] Subiendo: ERP_TEST_01.zip
[2026-07-10 00:04:17] [INFO] Subiendo: ERP_TEST_02.zip
[2026-07-10 00:04:17] [INFO] Subiendo: ERP_TEST_03.zip
[2026-07-10 00:04:17] [INFO] Subiendo: ERP_TEST_04.bak
[2026-07-10 00:04:17] [INFO] Subiendo: ERP_TEST_05.7z
[2026-07-10 00:04:17] [INFO] Subiendo: ERP_TEST_06.zip
[2026-07-10 00:04:17] [INFO] Subiendo: ERP_TEST_07.zip
[2026-07-10 00:04:17] [INFO] Subiendo: ERP_TEST_08.zip
[2026-07-10 00:04:17] [INFO] Subiendo: ERP_TEST_09.bak
[2026-07-10 00:04:17] [INFO] Subiendo: ERP_TEST_10.7z
[2026-07-10 00:04:17] [INFO] Subiendo: ERP_TEST_11.zip
[2026-07-10 00:04:17] [INFO] Subiendo: ERP_TEST_13.zip
[2026-07-10 00:04:17] [INFO] Subiendo: ERP_TEST_14.zip
[2026-07-10 00:04:17] [INFO] Subiendo: ERP_TEST_15.zip
[2026-07-10 00:04:17] [INFO] Subiendo: ERP_TEST_16.zip
[2026-07-10 00:04:17] [INFO] Subiendo: ERP_TEST_17.zip
[2026-07-10 00:04:17] [INFO] Subiendo: ERP_TEST_18.zip
[2026-07-10 00:04:17] [INFO] Subiendo: ERP_TEST_19.zip
[2026-07-10 00:04:17] [INFO] Subiendo: ERP_TEST_20.zip
[2026-07-10 00:04:17] [INFO] Subiendo: ERP_TEST_21.zip
[2026-07-10 00:04:17] [SUCCESS] Proceso finalizado.
[2026-07-10 00:04:27] [INFO] Ejecutando trabajo: ERP SQL
[2026-07-10 00:04:27] [INFO] === Backup Center iniciado ===
[2026-07-10 00:04:27] [INFO] Subiendo: ERP_TEST.zip
[2026-07-10 00:04:27] [INFO] Subiendo: ERP_TEST_01.zip
[2026-07-10 00:04:27] [INFO] Subiendo: ERP_TEST_02.zip
[2026-07-10 00:04:27] [INFO] Subiendo: ERP_TEST_03.zip
[2026-07-10 00:04:27] [INFO] Subiendo: ERP_TEST_04.bak
[2026-07-10 00:04:27] [INFO] Subiendo: ERP_TEST_05.7z
[2026-07-10 00:04:27] [INFO] Subiendo: ERP_TEST_06.zip
[2026-07-10 00:04:27] [INFO] Subiendo: ERP_TEST_07.zip
[2026-07-10 00:04:27] [INFO] Subiendo: ERP_TEST_08.zip
[2026-07-10 00:04:27] [INFO] Subiendo: ERP_TEST_09.bak
[2026-07-10 00:04:27] [INFO] Subiendo: ERP_TEST_10.7z
[2026-07-10 00:04:27] [INFO] Subiendo: ERP_TEST_11.zip
[2026-07-10 00:04:27] [INFO] Subiendo: ERP_TEST_13.zip
[2026-07-10 00:04:27] [INFO] Subiendo: ERP_TEST_14.zip
[2026-07-10 00:04:27] [INFO] Subiendo: ERP_TEST_15.zip
[2026-07-10 00:04:27] [INFO] Subiendo: ERP_TEST_16.zip
[2026-07-10 00:04:27] [INFO] Subiendo: ERP_TEST_17.zip
[2026-07-10 00:04:27] [INFO] Subiendo: ERP_TEST_18.zip
[2026-07-10 00:04:27] [INFO] Subiendo: ERP_TEST_19.zip
[2026-07-10 00:04:27] [INFO] Subiendo: ERP_TEST_20.zip
[2026-07-10 00:04:27] [INFO] Subiendo: ERP_TEST_21.zip
[2026-07-10 00:04:27] [SUCCESS] Proceso finalizado.
[2026-07-10 00:04:38] [INFO] Ejecutando trabajo: ERP SQL
[2026-07-10 00:04:38] [INFO] === Backup Center iniciado ===
[2026-07-10 00:04:38] [INFO] Subiendo: ERP_TEST.zip
[2026-07-10 00:04:38] [INFO] Subiendo: ERP_TEST_01.zip
[2026-07-10 00:04:38] [INFO] Subiendo: ERP_TEST_02.zip
[2026-07-10 00:04:38] [INFO] Subiendo: ERP_TEST_03.zip
[2026-07-10 00:04:38] [INFO] Subiendo: ERP_TEST_04.bak
[2026-07-10 00:04:38] [INFO] Subiendo: ERP_TEST_05.7z
[2026-07-10 00:04:38] [INFO] Subiendo: ERP_TEST_06.zip
[2026-07-10 00:04:38] [INFO] Subiendo: ERP_TEST_07.zip
[2026-07-10 00:04:38] [INFO] Subiendo: ERP_TEST_08.zip
[2026-07-10 00:04:38] [INFO] Subiendo: ERP_TEST_09.bak
[2026-07-10 00:04:38] [INFO] Subiendo: ERP_TEST_10.7z
[2026-07-10 00:04:38] [INFO] Subiendo: ERP_TEST_11.zip
[2026-07-10 00:04:38] [INFO] Subiendo: ERP_TEST_13.zip
[2026-07-10 00:04:38] [INFO] Subiendo: ERP_TEST_14.zip
[2026-07-10 00:04:38] [INFO] Subiendo: ERP_TEST_15.zip
[2026-07-10 00:04:38] [INFO] Subiendo: ERP_TEST_16.zip
[2026-07-10 00:04:38] [INFO] Subiendo: ERP_TEST_17.zip
[2026-07-10 00:04:38] [INFO] Subiendo: ERP_TEST_18.zip
[2026-07-10 00:04:38] [INFO] Subiendo: ERP_TEST_19.zip
[2026-07-10 00:04:38] [INFO] Subiendo: ERP_TEST_20.zip
[2026-07-10 00:04:38] [INFO] Subiendo: ERP_TEST_21.zip
[2026-07-10 00:04:38] [SUCCESS] Proceso finalizado.
[2026-07-10 00:04:48] [INFO] Ejecutando trabajo: ERP SQL
[2026-07-10 00:04:48] [INFO] === Backup Center iniciado ===
[2026-07-10 00:04:48] [INFO] Subiendo: ERP_TEST.zip
[2026-07-10 00:04:48] [INFO] Subiendo: ERP_TEST_01.zip
[2026-07-10 00:04:48] [INFO] Subiendo: ERP_TEST_02.zip
[2026-07-10 00:04:48] [INFO] Subiendo: ERP_TEST_03.zip
[2026-07-10 00:04:48] [INFO] Subiendo: ERP_TEST_04.bak
[2026-07-10 00:04:48] [INFO] Subiendo: ERP_TEST_05.7z
[2026-07-10 00:04:48] [INFO] Subiendo: ERP_TEST_06.zip
[2026-07-10 00:04:48] [INFO] Subiendo: ERP_TEST_07.zip
[2026-07-10 00:04:48] [INFO] Subiendo: ERP_TEST_08.zip
[2026-07-10 00:04:48] [INFO] Subiendo: ERP_TEST_09.bak
[2026-07-10 00:04:48] [INFO] Subiendo: ERP_TEST_10.7z
[2026-07-10 00:04:48] [INFO] Subiendo: ERP_TEST_11.zip
[2026-07-10 00:04:48] [INFO] Subiendo: ERP_TEST_13.zip
[2026-07-10 00:04:48] [INFO] Subiendo: ERP_TEST_14.zip
[2026-07-10 00:04:48] [INFO] Subiendo: ERP_TEST_15.zip
[2026-07-10 00:04:48] [INFO] Subiendo: ERP_TEST_16.zip
[2026-07-10 00:04:48] [INFO] Subiendo: ERP_TEST_17.zip
[2026-07-10 00:04:48] [INFO] Subiendo: ERP_TEST_18.zip
[2026-07-10 00:04:48] [INFO] Subiendo: ERP_TEST_19.zip
[2026-07-10 00:04:48] [INFO] Subiendo: ERP_TEST_20.zip
[2026-07-10 00:04:48] [INFO] Subiendo: ERP_TEST_21.zip
[2026-07-10 00:04:48] [SUCCESS] Proceso finalizado.
[2026-07-10 00:04:58] [INFO] Ejecutando trabajo: ERP SQL
[2026-07-10 00:04:58] [INFO] === Backup Center iniciado ===
[2026-07-10 00:04:58] [INFO] Subiendo: ERP_TEST.zip
[2026-07-10 00:04:58] [INFO] Subiendo: ERP_TEST_01.zip
[2026-07-10 00:04:58] [INFO] Subiendo: ERP_TEST_02.zip
[2026-07-10 00:04:58] [INFO] Subiendo: ERP_TEST_03.zip
[2026-07-10 00:04:58] [INFO] Subiendo: ERP_TEST_04.bak
[2026-07-10 00:04:58] [INFO] Subiendo: ERP_TEST_05.7z
[2026-07-10 00:04:58] [INFO] Subiendo: ERP_TEST_06.zip
[2026-07-10 00:04:58] [INFO] Subiendo: ERP_TEST_07.zip
[2026-07-10 00:04:58] [INFO] Subiendo: ERP_TEST_08.zip
[2026-07-10 00:04:58] [INFO] Subiendo: ERP_TEST_09.bak
[2026-07-10 00:04:58] [INFO] Subiendo: ERP_TEST_10.7z
[2026-07-10 00:04:58] [INFO] Subiendo: ERP_TEST_11.zip
[2026-07-10 00:04:58] [INFO] Subiendo: ERP_TEST_13.zip
[2026-07-10 00:04:58] [INFO] Subiendo: ERP_TEST_14.zip
[2026-07-10 00:04:58] [INFO] Subiendo: ERP_TEST_15.zip
[2026-07-10 00:04:58] [INFO] Subiendo: ERP_TEST_16.zip
[2026-07-10 00:04:58] [INFO] Subiendo: ERP_TEST_17.zip
[2026-07-10 00:04:58] [INFO] Subiendo: ERP_TEST_18.zip
[2026-07-10 00:04:58] [INFO] Subiendo: ERP_TEST_19.zip
[2026-07-10 00:04:58] [INFO] Subiendo: ERP_TEST_20.zip
[2026-07-10 00:04:58] [INFO] Subiendo: ERP_TEST_21.zip
[2026-07-10 00:04:58] [SUCCESS] Proceso finalizado.
[2026-07-10 00:05:08] [INFO] Ejecutando trabajo: ERP SQL
[2026-07-10 00:05:08] [INFO] === Backup Center iniciado ===
[2026-07-10 00:05:08] [INFO] Subiendo: ERP_TEST.zip
[2026-07-10 00:05:08] [INFO] Subiendo: ERP_TEST_01.zip
[2026-07-10 00:05:08] [INFO] Subiendo: ERP_TEST_02.zip
[2026-07-10 00:05:08] [INFO] Subiendo: ERP_TEST_03.zip
[2026-07-10 00:05:08] [INFO] Subiendo: ERP_TEST_04.bak
[2026-07-10 00:05:08] [INFO] Subiendo: ERP_TEST_05.7z
[2026-07-10 00:05:08] [INFO] Subiendo: ERP_TEST_06.zip
[2026-07-10 00:05:08] [INFO] Subiendo: ERP_TEST_07.zip
[2026-07-10 00:05:08] [INFO] Subiendo: ERP_TEST_08.zip
[2026-07-10 00:05:08] [INFO] Subiendo: ERP_TEST_09.bak
[2026-07-10 00:05:08] [INFO] Subiendo: ERP_TEST_10.7z
[2026-07-10 00:05:08] [INFO] Subiendo: ERP_TEST_11.zip
[2026-07-10 00:05:08] [INFO] Subiendo: ERP_TEST_13.zip
[2026-07-10 00:05:08] [INFO] Subiendo: ERP_TEST_14.zip
[2026-07-10 00:05:08] [INFO] Subiendo: ERP_TEST_15.zip
[2026-07-10 00:05:08] [INFO] Subiendo: ERP_TEST_16.zip
[2026-07-10 00:05:08] [INFO] Subiendo: ERP_TEST_17.zip
[2026-07-10 00:05:08] [INFO] Subiendo: ERP_TEST_18.zip
[2026-07-10 00:05:08] [INFO] Subiendo: ERP_TEST_19.zip
[2026-07-10 00:05:08] [INFO] Subiendo: ERP_TEST_20.zip
[2026-07-10 00:05:08] [INFO] Subiendo: ERP_TEST_21.zip
[2026-07-10 00:05:08] [SUCCESS] Proceso finalizado.
[2026-07-10 00:05:18] [INFO] Ejecutando trabajo: ERP SQL
[2026-07-10 00:05:18] [INFO] === Backup Center iniciado ===
[2026-07-10 00:05:18] [INFO] Subiendo: ERP_TEST.zip
[2026-07-10 00:05:18] [INFO] Subiendo: ERP_TEST_01.zip
[2026-07-10 00:05:18] [INFO] Subiendo: ERP_TEST_02.zip
[2026-07-10 00:05:18] [INFO] Subiendo: ERP_TEST_03.zip
[2026-07-10 00:05:18] [INFO] Subiendo: ERP_TEST_04.bak
[2026-07-10 00:05:18] [INFO] Subiendo: ERP_TEST_05.7z
[2026-07-10 00:05:18] [INFO] Subiendo: ERP_TEST_06.zip
[2026-07-10 00:05:18] [INFO] Subiendo: ERP_TEST_07.zip
[2026-07-10 00:05:18] [INFO] Subiendo: ERP_TEST_08.zip
[2026-07-10 00:05:18] [INFO] Subiendo: ERP_TEST_09.bak
[2026-07-10 00:05:18] [INFO] Subiendo: ERP_TEST_10.7z
[2026-07-10 00:05:18] [INFO] Subiendo: ERP_TEST_11.zip
[2026-07-10 00:05:18] [INFO] Subiendo: ERP_TEST_13.zip
[2026-07-10 00:05:18] [INFO] Subiendo: ERP_TEST_14.zip
[2026-07-10 00:05:18] [INFO] Subiendo: ERP_TEST_15.zip
[2026-07-10 00:05:18] [INFO] Subiendo: ERP_TEST_16.zip
[2026-07-10 00:05:18] [INFO] Subiendo: ERP_TEST_17.zip
[2026-07-10 00:05:18] [INFO] Subiendo: ERP_TEST_18.zip
[2026-07-10 00:05:18] [INFO] Subiendo: ERP_TEST_19.zip
[2026-07-10 00:05:18] [INFO] Subiendo: ERP_TEST_20.zip
[2026-07-10 00:05:18] [INFO] Subiendo: ERP_TEST_21.zip
[2026-07-10 00:05:18] [SUCCESS] Proceso finalizado.
[2026-07-10 00:05:28] [INFO] Ejecutando trabajo: ERP SQL
[2026-07-10 00:05:28] [INFO] === Backup Center iniciado ===
[2026-07-10 00:05:28] [INFO] Subiendo: ERP_TEST.zip
[2026-07-10 00:05:28] [INFO] Subiendo: ERP_TEST_01.zip
[2026-07-10 00:05:28] [INFO] Subiendo: ERP_TEST_02.zip
[2026-07-10 00:05:28] [INFO] Subiendo: ERP_TEST_03.zip
[2026-07-10 00:05:28] [INFO] Subiendo: ERP_TEST_04.bak
[2026-07-10 00:05:28] [INFO] Subiendo: ERP_TEST_05.7z
[2026-07-10 00:05:28] [INFO] Subiendo: ERP_TEST_06.zip
[2026-07-10 00:05:28] [INFO] Subiendo: ERP_TEST_07.zip
[2026-07-10 00:05:28] [INFO] Subiendo: ERP_TEST_08.zip
[2026-07-10 00:05:28] [INFO] Subiendo: ERP_TEST_09.bak
[2026-07-10 00:05:28] [INFO] Subiendo: ERP_TEST_10.7z
[2026-07-10 00:05:28] [INFO] Subiendo: ERP_TEST_11.zip
[2026-07-10 00:05:28] [INFO] Subiendo: ERP_TEST_13.zip
[2026-07-10 00:05:28] [INFO] Subiendo: ERP_TEST_14.zip
[2026-07-10 00:05:28] [INFO] Subiendo: ERP_TEST_15.zip
[2026-07-10 00:05:28] [INFO] Subiendo: ERP_TEST_16.zip
[2026-07-10 00:05:28] [INFO] Subiendo: ERP_TEST_17.zip
[2026-07-10 00:05:28] [INFO] Subiendo: ERP_TEST_18.zip
[2026-07-10 00:05:28] [INFO] Subiendo: ERP_TEST_19.zip
[2026-07-10 00:05:28] [INFO] Subiendo: ERP_TEST_20.zip
[2026-07-10 00:05:28] [INFO] Subiendo: ERP_TEST_21.zip
[2026-07-10 00:05:28] [SUCCESS] Proceso finalizado.
[2026-07-10 00:05:38] [INFO] Ejecutando trabajo: ERP SQL
[2026-07-10 00:05:38] [INFO] === Backup Center iniciado ===
[2026-07-10 00:05:38] [INFO] Subiendo: ERP_TEST.zip
[2026-07-10 00:05:38] [INFO] Subiendo: ERP_TEST_01.zip
[2026-07-10 00:05:38] [INFO] Subiendo: ERP_TEST_02.zip
[2026-07-10 00:05:38] [INFO] Subiendo: ERP_TEST_03.zip
[2026-07-10 00:05:38] [INFO] Subiendo: ERP_TEST_04.bak
[2026-07-10 00:05:38] [INFO] Subiendo: ERP_TEST_05.7z
[2026-07-10 00:05:38] [INFO] Subiendo: ERP_TEST_06.zip
[2026-07-10 00:05:38] [INFO] Subiendo: ERP_TEST_07.zip
[2026-07-10 00:05:38] [INFO] Subiendo: ERP_TEST_08.zip
[2026-07-10 00:05:38] [INFO] Subiendo: ERP_TEST_09.bak
[2026-07-10 00:05:38] [INFO] Subiendo: ERP_TEST_10.7z
[2026-07-10 00:05:38] [INFO] Subiendo: ERP_TEST_11.zip
[2026-07-10 00:05:38] [INFO] Subiendo: ERP_TEST_13.zip
[2026-07-10 00:05:38] [INFO] Subiendo: ERP_TEST_14.zip
[2026-07-10 00:05:38] [INFO] Subiendo: ERP_TEST_15.zip
[2026-07-10 00:05:38] [INFO] Subiendo: ERP_TEST_16.zip
[2026-07-10 00:05:38] [INFO] Subiendo: ERP_TEST_17.zip
[2026-07-10 00:05:38] [INFO] Subiendo: ERP_TEST_18.zip
[2026-07-10 00:05:38] [INFO] Subiendo: ERP_TEST_19.zip
[2026-07-10 00:05:38] [INFO] Subiendo: ERP_TEST_20.zip
[2026-07-10 00:05:38] [INFO] Subiendo: ERP_TEST_21.zip
[2026-07-10 00:05:38] [SUCCESS] Proceso finalizado.
[2026-07-10 00:05:46] [INFO] Ejecutando trabajo: ERP SQL
[2026-07-10 00:05:46] [INFO] === Backup Center iniciado ===
[2026-07-10 00:05:46] [INFO] Subiendo: ERP_TEST.zip
[2026-07-10 00:05:46] [INFO] Subiendo: ERP_TEST_01.zip
[2026-07-10 00:05:46] [INFO] Subiendo: ERP_TEST_02.zip
[2026-07-10 00:05:46] [INFO] Subiendo: ERP_TEST_03.zip
[2026-07-10 00:05:46] [INFO] Subiendo: ERP_TEST_04.bak
[2026-07-10 00:05:46] [INFO] Subiendo: ERP_TEST_05.7z
[2026-07-10 00:05:46] [INFO] Subiendo: ERP_TEST_06.zip
[2026-07-10 00:05:46] [INFO] Subiendo: ERP_TEST_07.zip
[2026-07-10 00:05:46] [INFO] Subiendo: ERP_TEST_08.zip
[2026-07-10 00:05:46] [INFO] Subiendo: ERP_TEST_09.bak
[2026-07-10 00:05:46] [INFO] Subiendo: ERP_TEST_10.7z
[2026-07-10 00:05:46] [INFO] Subiendo: ERP_TEST_11.zip
[2026-07-10 00:05:46] [INFO] Subiendo: ERP_TEST_13.zip
[2026-07-10 00:05:46] [INFO] Subiendo: ERP_TEST_14.zip
[2026-07-10 00:05:46] [INFO] Subiendo: ERP_TEST_15.zip
[2026-07-10 00:05:46] [INFO] Subiendo: ERP_TEST_16.zip
[2026-07-10 00:05:46] [INFO] Subiendo: ERP_TEST_17.zip
[2026-07-10 00:05:46] [INFO] Subiendo: ERP_TEST_18.zip
[2026-07-10 00:05:46] [INFO] Subiendo: ERP_TEST_19.zip
[2026-07-10 00:05:46] [INFO] Subiendo: ERP_TEST_20.zip
[2026-07-10 00:05:46] [INFO] Subiendo: ERP_TEST_21.zip
[2026-07-10 00:05:46] [SUCCESS] Proceso finalizado.
[2026-07-10 00:05:56] [INFO] Ejecutando trabajo: ERP SQL
[2026-07-10 00:05:56] [INFO] === Backup Center iniciado ===
[2026-07-10 00:05:56] [INFO] Subiendo: ERP_TEST.zip
[2026-07-10 00:05:56] [INFO] Subiendo: ERP_TEST_01.zip
[2026-07-10 00:05:56] [INFO] Subiendo: ERP_TEST_02.zip
[2026-07-10 00:05:56] [INFO] Subiendo: ERP_TEST_03.zip
[2026-07-10 00:05:56] [INFO] Subiendo: ERP_TEST_04.bak
[2026-07-10 00:05:56] [INFO] Subiendo: ERP_TEST_05.7z
[2026-07-10 00:05:56] [INFO] Subiendo: ERP_TEST_06.zip
[2026-07-10 00:05:56] [INFO] Subiendo: ERP_TEST_07.zip
[2026-07-10 00:05:56] [INFO] Subiendo: ERP_TEST_08.zip
[2026-07-10 00:05:56] [INFO] Subiendo: ERP_TEST_09.bak
[2026-07-10 00:05:56] [INFO] Subiendo: ERP_TEST_10.7z
[2026-07-10 00:05:56] [INFO] Subiendo: ERP_TEST_11.zip
[2026-07-10 00:05:56] [INFO] Subiendo: ERP_TEST_13.zip
[2026-07-10 00:05:56] [INFO] Subiendo: ERP_TEST_14.zip
[2026-07-10 00:05:56] [INFO] Subiendo: ERP_TEST_15.zip
[2026-07-10 00:05:56] [INFO] Subiendo: ERP_TEST_16.zip
[2026-07-10 00:05:56] [INFO] Subiendo: ERP_TEST_17.zip
[2026-07-10 00:05:56] [INFO] Subiendo: ERP_TEST_18.zip
[2026-07-10 00:05:56] [INFO] Subiendo: ERP_TEST_19.zip
[2026-07-10 00:05:56] [INFO] Subiendo: ERP_TEST_20.zip
[2026-07-10 00:05:56] [INFO] Subiendo: ERP_TEST_21.zip
[2026-07-10 00:05:56] [SUCCESS] Proceso finalizado.
[2026-07-10 00:06:07] [INFO] Ejecutando trabajo: ERP SQL
[2026-07-10 00:06:07] [INFO] === Backup Center iniciado ===
[2026-07-10 00:06:07] [INFO] Subiendo: ERP_TEST.zip
[2026-07-10 00:06:07] [INFO] Subiendo: ERP_TEST_01.zip
[2026-07-10 00:06:07] [INFO] Subiendo: ERP_TEST_02.zip
[2026-07-10 00:06:07] [INFO] Subiendo: ERP_TEST_03.zip
[2026-07-10 00:06:07] [INFO] Subiendo: ERP_TEST_04.bak
[2026-07-10 00:06:07] [INFO] Subiendo: ERP_TEST_05.7z
[2026-07-10 00:06:07] [INFO] Subiendo: ERP_TEST_06.zip
[2026-07-10 00:06:07] [INFO] Subiendo: ERP_TEST_07.zip
[2026-07-10 00:06:07] [INFO] Subiendo: ERP_TEST_08.zip
[2026-07-10 00:06:07] [INFO] Subiendo: ERP_TEST_09.bak
[2026-07-10 00:06:07] [INFO] Subiendo: ERP_TEST_10.7z
[2026-07-10 00:06:07] [INFO] Subiendo: ERP_TEST_11.zip
[2026-07-10 00:06:07] [INFO] Subiendo: ERP_TEST_13.zip
[2026-07-10 00:06:07] [INFO] Subiendo: ERP_TEST_14.zip
[2026-07-10 00:06:07] [INFO] Subiendo: ERP_TEST_15.zip
[2026-07-10 00:06:07] [INFO] Subiendo: ERP_TEST_16.zip
[2026-07-10 00:06:07] [INFO] Subiendo: ERP_TEST_17.zip
[2026-07-10 00:06:07] [INFO] Subiendo: ERP_TEST_18.zip
[2026-07-10 00:06:07] [INFO] Subiendo: ERP_TEST_19.zip
[2026-07-10 00:06:07] [INFO] Subiendo: ERP_TEST_20.zip
[2026-07-10 00:06:07] [INFO] Subiendo: ERP_TEST_21.zip
[2026-07-10 00:06:07] [SUCCESS] Proceso finalizado.
[2026-07-10 00:06:17] [INFO] Ejecutando trabajo: ERP SQL
[2026-07-10 00:06:17] [INFO] === Backup Center iniciado ===
[2026-07-10 00:06:17] [INFO] Subiendo: ERP_TEST.zip
[2026-07-10 00:06:17] [INFO] Subiendo: ERP_TEST_01.zip
[2026-07-10 00:06:17] [INFO] Subiendo: ERP_TEST_02.zip
[2026-07-10 00:06:17] [INFO] Subiendo: ERP_TEST_03.zip
[2026-07-10 00:06:17] [INFO] Subiendo: ERP_TEST_04.bak
[2026-07-10 00:06:17] [INFO] Subiendo: ERP_TEST_05.7z
[2026-07-10 00:06:17] [INFO] Subiendo: ERP_TEST_06.zip
[2026-07-10 00:06:17] [INFO] Subiendo: ERP_TEST_07.zip
[2026-07-10 00:06:17] [INFO] Subiendo: ERP_TEST_08.zip
[2026-07-10 00:06:17] [INFO] Subiendo: ERP_TEST_09.bak
[2026-07-10 00:06:17] [INFO] Subiendo: ERP_TEST_10.7z
[2026-07-10 00:06:17] [INFO] Subiendo: ERP_TEST_11.zip
[2026-07-10 00:06:17] [INFO] Subiendo: ERP_TEST_13.zip
[2026-07-10 00:06:17] [INFO] Subiendo: ERP_TEST_14.zip
[2026-07-10 00:06:17] [INFO] Subiendo: ERP_TEST_15.zip
[2026-07-10 00:06:17] [INFO] Subiendo: ERP_TEST_16.zip
[2026-07-10 00:06:17] [INFO] Subiendo: ERP_TEST_17.zip
[2026-07-10 00:06:17] [INFO] Subiendo: ERP_TEST_18.zip
[2026-07-10 00:06:17] [INFO] Subiendo: ERP_TEST_19.zip
[2026-07-10 00:06:17] [INFO] Subiendo: ERP_TEST_20.zip
[2026-07-10 00:06:17] [INFO] Subiendo: ERP_TEST_21.zip
[2026-07-10 00:06:17] [SUCCESS] Proceso finalizado.
[2026-07-10 00:06:27] [INFO] Ejecutando trabajo: ERP SQL
[2026-07-10 00:06:27] [INFO] === Backup Center iniciado ===
[2026-07-10 00:06:27] [INFO] Subiendo: ERP_TEST.zip
[2026-07-10 00:06:27] [INFO] Subiendo: ERP_TEST_01.zip
[2026-07-10 00:06:27] [INFO] Subiendo: ERP_TEST_02.zip
[2026-07-10 00:06:27] [INFO] Subiendo: ERP_TEST_03.zip
[2026-07-10 00:06:27] [INFO] Subiendo: ERP_TEST_04.bak
[2026-07-10 00:06:27] [INFO] Subiendo: ERP_TEST_05.7z
[2026-07-10 00:06:27] [INFO] Subiendo: ERP_TEST_06.zip
[2026-07-10 00:06:27] [INFO] Subiendo: ERP_TEST_07.zip
[2026-07-10 00:06:27] [INFO] Subiendo: ERP_TEST_08.zip
[2026-07-10 00:06:27] [INFO] Subiendo: ERP_TEST_09.bak
[2026-07-10 00:06:27] [INFO] Subiendo: ERP_TEST_10.7z
[2026-07-10 00:06:27] [INFO] Subiendo: ERP_TEST_11.zip
[2026-07-10 00:06:27] [INFO] Subiendo: ERP_TEST_13.zip
[2026-07-10 00:06:27] [INFO] Subiendo: ERP_TEST_14.zip
[2026-07-10 00:06:27] [INFO] Subiendo: ERP_TEST_15.zip
[2026-07-10 00:06:27] [INFO] Subiendo: ERP_TEST_16.zip
[2026-07-10 00:06:27] [INFO] Subiendo: ERP_TEST_17.zip
[2026-07-10 00:06:27] [INFO] Subiendo: ERP_TEST_18.zip
[2026-07-10 00:06:27] [INFO] Subiendo: ERP_TEST_19.zip
[2026-07-10 00:06:27] [INFO] Subiendo: ERP_TEST_20.zip
[2026-07-10 00:06:27] [INFO] Subiendo: ERP_TEST_21.zip
[2026-07-10 00:06:27] [SUCCESS] Proceso finalizado.
[2026-07-10 00:06:37] [INFO] Ejecutando trabajo: ERP SQL
[2026-07-10 00:06:37] [INFO] === Backup Center iniciado ===
[2026-07-10 00:06:37] [INFO] Subiendo: ERP_TEST.zip
[2026-07-10 00:06:37] [INFO] Subiendo: ERP_TEST_01.zip
[2026-07-10 00:06:37] [INFO] Subiendo: ERP_TEST_02.zip
[2026-07-10 00:06:37] [INFO] Subiendo: ERP_TEST_03.zip
[2026-07-10 00:06:37] [INFO] Subiendo: ERP_TEST_04.bak
[2026-07-10 00:06:37] [INFO] Subiendo: ERP_TEST_05.7z
[2026-07-10 00:06:37] [INFO] Subiendo: ERP_TEST_06.zip
[2026-07-10 00:06:37] [INFO] Subiendo: ERP_TEST_07.zip
[2026-07-10 00:06:37] [INFO] Subiendo: ERP_TEST_08.zip
[2026-07-10 00:06:37] [INFO] Subiendo: ERP_TEST_09.bak
[2026-07-10 00:06:37] [INFO] Subiendo: ERP_TEST_10.7z
[2026-07-10 00:06:37] [INFO] Subiendo: ERP_TEST_11.zip
[2026-07-10 00:06:37] [INFO] Subiendo: ERP_TEST_13.zip
[2026-07-10 00:06:37] [INFO] Subiendo: ERP_TEST_14.zip
[2026-07-10 00:06:37] [INFO] Subiendo: ERP_TEST_15.zip
[2026-07-10 00:06:37] [INFO] Subiendo: ERP_TEST_16.zip
[2026-07-10 00:06:37] [INFO] Subiendo: ERP_TEST_17.zip
[2026-07-10 00:06:37] [INFO] Subiendo: ERP_TEST_18.zip
[2026-07-10 00:06:37] [INFO] Subiendo: ERP_TEST_19.zip
[2026-07-10 00:06:37] [INFO] Subiendo: ERP_TEST_20.zip
[2026-07-10 00:06:37] [INFO] Subiendo: ERP_TEST_21.zip
[2026-07-10 00:06:37] [SUCCESS] Proceso finalizado.
[2026-07-10 00:06:47] [INFO] Ejecutando trabajo: ERP SQL
[2026-07-10 00:06:47] [INFO] === Backup Center iniciado ===
[2026-07-10 00:06:47] [INFO] Subiendo: ERP_TEST.zip
[2026-07-10 00:06:47] [INFO] Subiendo: ERP_TEST_01.zip
[2026-07-10 00:06:47] [INFO] Subiendo: ERP_TEST_02.zip
[2026-07-10 00:06:47] [INFO] Subiendo: ERP_TEST_03.zip
[2026-07-10 00:06:47] [INFO] Subiendo: ERP_TEST_04.bak
[2026-07-10 00:06:47] [INFO] Subiendo: ERP_TEST_05.7z
[2026-07-10 00:06:47] [INFO] Subiendo: ERP_TEST_06.zip
[2026-07-10 00:06:47] [INFO] Subiendo: ERP_TEST_07.zip
[2026-07-10 00:06:47] [INFO] Subiendo: ERP_TEST_08.zip
[2026-07-10 00:06:47] [INFO] Subiendo: ERP_TEST_09.bak
[2026-07-10 00:06:47] [INFO] Subiendo: ERP_TEST_10.7z
[2026-07-10 00:06:47] [INFO] Subiendo: ERP_TEST_11.zip
[2026-07-10 00:06:47] [INFO] Subiendo: ERP_TEST_13.zip
[2026-07-10 00:06:47] [INFO] Subiendo: ERP_TEST_14.zip
[2026-07-10 00:06:47] [INFO] Subiendo: ERP_TEST_15.zip
[2026-07-10 00:06:47] [INFO] Subiendo: ERP_TEST_16.zip
[2026-07-10 00:06:47] [INFO] Subiendo: ERP_TEST_17.zip
[2026-07-10 00:06:47] [INFO] Subiendo: ERP_TEST_18.zip
[2026-07-10 00:06:47] [INFO] Subiendo: ERP_TEST_19.zip
[2026-07-10 00:06:47] [INFO] Subiendo: ERP_TEST_20.zip
[2026-07-10 00:06:47] [INFO] Subiendo: ERP_TEST_21.zip
[2026-07-10 00:06:47] [SUCCESS] Proceso finalizado.
[2026-07-10 00:06:57] [INFO] Ejecutando trabajo: ERP SQL
[2026-07-10 00:06:57] [INFO] === Backup Center iniciado ===
[2026-07-10 00:06:57] [INFO] Subiendo: ERP_TEST.zip
[2026-07-10 00:06:57] [INFO] Subiendo: ERP_TEST_01.zip
[2026-07-10 00:06:57] [INFO] Subiendo: ERP_TEST_02.zip
[2026-07-10 00:06:57] [INFO] Subiendo: ERP_TEST_03.zip
[2026-07-10 00:06:57] [INFO] Subiendo: ERP_TEST_04.bak
[2026-07-10 00:06:57] [INFO] Subiendo: ERP_TEST_05.7z
[2026-07-10 00:06:57] [INFO] Subiendo: ERP_TEST_06.zip
[2026-07-10 00:06:57] [INFO] Subiendo: ERP_TEST_07.zip
[2026-07-10 00:06:57] [INFO] Subiendo: ERP_TEST_08.zip
[2026-07-10 00:06:57] [INFO] Subiendo: ERP_TEST_09.bak
[2026-07-10 00:06:57] [INFO] Subiendo: ERP_TEST_10.7z
[2026-07-10 00:06:57] [INFO] Subiendo: ERP_TEST_11.zip
[2026-07-10 00:06:57] [INFO] Subiendo: ERP_TEST_13.zip
[2026-07-10 00:06:57] [INFO] Subiendo: ERP_TEST_14.zip
[2026-07-10 00:06:57] [INFO] Subiendo: ERP_TEST_15.zip
[2026-07-10 00:06:57] [INFO] Subiendo: ERP_TEST_16.zip
[2026-07-10 00:06:57] [INFO] Subiendo: ERP_TEST_17.zip
[2026-07-10 00:06:57] [INFO] Subiendo: ERP_TEST_18.zip
[2026-07-10 00:06:57] [INFO] Subiendo: ERP_TEST_19.zip
[2026-07-10 00:06:57] [INFO] Subiendo: ERP_TEST_20.zip
[2026-07-10 00:06:57] [INFO] Subiendo: ERP_TEST_21.zip
[2026-07-10 00:06:57] [SUCCESS] Proceso finalizado.
[2026-07-10 00:07:07] [INFO] Ejecutando trabajo: ERP SQL
[2026-07-10 00:07:07] [INFO] === Backup Center iniciado ===
[2026-07-10 00:07:07] [INFO] Subiendo: ERP_TEST.zip
[2026-07-10 00:07:07] [INFO] Subiendo: ERP_TEST_01.zip
[2026-07-10 00:07:07] [INFO] Subiendo: ERP_TEST_02.zip
[2026-07-10 00:07:07] [INFO] Subiendo: ERP_TEST_03.zip
[2026-07-10 00:07:07] [INFO] Subiendo: ERP_TEST_04.bak
[2026-07-10 00:07:07] [INFO] Subiendo: ERP_TEST_05.7z
[2026-07-10 00:07:07] [INFO] Subiendo: ERP_TEST_06.zip
[2026-07-10 00:07:07] [INFO] Subiendo: ERP_TEST_07.zip
[2026-07-10 00:07:07] [INFO] Subiendo: ERP_TEST_08.zip
[2026-07-10 00:07:07] [INFO] Subiendo: ERP_TEST_09.bak
[2026-07-10 00:07:07] [INFO] Subiendo: ERP_TEST_10.7z
[2026-07-10 00:07:07] [INFO] Subiendo: ERP_TEST_11.zip
[2026-07-10 00:07:07] [INFO] Subiendo: ERP_TEST_13.zip
[2026-07-10 00:07:07] [INFO] Subiendo: ERP_TEST_14.zip
[2026-07-10 00:07:07] [INFO] Subiendo: ERP_TEST_15.zip
[2026-07-10 00:07:07] [INFO] Subiendo: ERP_TEST_16.zip
[2026-07-10 00:07:07] [INFO] Subiendo: ERP_TEST_17.zip
[2026-07-10 00:07:07] [INFO] Subiendo: ERP_TEST_18.zip
[2026-07-10 00:07:07] [INFO] Subiendo: ERP_TEST_19.zip
[2026-07-10 00:07:07] [INFO] Subiendo: ERP_TEST_20.zip
[2026-07-10 00:07:07] [INFO] Subiendo: ERP_TEST_21.zip
[2026-07-10 00:07:07] [SUCCESS] Proceso finalizado.
[2026-07-10 00:07:17] [INFO] Ejecutando trabajo: ERP SQL
[2026-07-10 00:07:17] [INFO] === Backup Center iniciado ===
[2026-07-10 00:07:17] [INFO] Subiendo: ERP_TEST.zip
[2026-07-10 00:07:17] [INFO] Subiendo: ERP_TEST_01.zip
[2026-07-10 00:07:17] [INFO] Subiendo: ERP_TEST_02.zip
[2026-07-10 00:07:17] [INFO] Subiendo: ERP_TEST_03.zip
[2026-07-10 00:07:17] [INFO] Subiendo: ERP_TEST_04.bak
[2026-07-10 00:07:17] [INFO] Subiendo: ERP_TEST_05.7z
[2026-07-10 00:07:17] [INFO] Subiendo: ERP_TEST_06.zip
[2026-07-10 00:07:17] [INFO] Subiendo: ERP_TEST_07.zip
[2026-07-10 00:07:17] [INFO] Subiendo: ERP_TEST_08.zip
[2026-07-10 00:07:17] [INFO] Subiendo: ERP_TEST_09.bak
[2026-07-10 00:07:17] [INFO] Subiendo: ERP_TEST_10.7z
[2026-07-10 00:07:17] [INFO] Subiendo: ERP_TEST_11.zip
[2026-07-10 00:07:17] [INFO] Subiendo: ERP_TEST_13.zip
[2026-07-10 00:07:17] [INFO] Subiendo: ERP_TEST_14.zip
[2026-07-10 00:07:17] [INFO] Subiendo: ERP_TEST_15.zip
[2026-07-10 00:07:17] [INFO] Subiendo: ERP_TEST_16.zip
[2026-07-10 00:07:17] [INFO] Subiendo: ERP_TEST_17.zip
[2026-07-10 00:07:17] [INFO] Subiendo: ERP_TEST_18.zip
[2026-07-10 00:07:17] [INFO] Subiendo: ERP_TEST_19.zip
[2026-07-10 00:07:17] [INFO] Subiendo: ERP_TEST_20.zip
[2026-07-10 00:07:17] [INFO] Subiendo: ERP_TEST_21.zip
[2026-07-10 00:07:17] [SUCCESS] Proceso finalizado.
[2026-07-10 00:07:27] [INFO] Ejecutando trabajo: ERP SQL
[2026-07-10 00:07:27] [INFO] === Backup Center iniciado ===
[2026-07-10 00:07:27] [INFO] Subiendo: ERP_TEST.zip
[2026-07-10 00:07:27] [INFO] Subiendo: ERP_TEST_01.zip
[2026-07-10 00:07:27] [INFO] Subiendo: ERP_TEST_02.zip
[2026-07-10 00:07:27] [INFO] Subiendo: ERP_TEST_03.zip
[2026-07-10 00:07:27] [INFO] Subiendo: ERP_TEST_04.bak
[2026-07-10 00:07:27] [INFO] Subiendo: ERP_TEST_05.7z
[2026-07-10 00:07:27] [INFO] Subiendo: ERP_TEST_06.zip
[2026-07-10 00:07:27] [INFO] Subiendo: ERP_TEST_07.zip
[2026-07-10 00:07:27] [INFO] Subiendo: ERP_TEST_08.zip
[2026-07-10 00:07:27] [INFO] Subiendo: ERP_TEST_09.bak
[2026-07-10 00:07:27] [INFO] Subiendo: ERP_TEST_10.7z
[2026-07-10 00:07:27] [INFO] Subiendo: ERP_TEST_11.zip
[2026-07-10 00:07:27] [INFO] Subiendo: ERP_TEST_13.zip
[2026-07-10 00:07:27] [INFO] Subiendo: ERP_TEST_14.zip
[2026-07-10 00:07:27] [INFO] Subiendo: ERP_TEST_15.zip
[2026-07-10 00:07:27] [INFO] Subiendo: ERP_TEST_16.zip
[2026-07-10 00:07:27] [INFO] Subiendo: ERP_TEST_17.zip
[2026-07-10 00:07:27] [INFO] Subiendo: ERP_TEST_18.zip
[2026-07-10 00:07:27] [INFO] Subiendo: ERP_TEST_19.zip
[2026-07-10 00:07:27] [INFO] Subiendo: ERP_TEST_20.zip
[2026-07-10 00:07:28] [INFO] Subiendo: ERP_TEST_21.zip
[2026-07-10 00:07:28] [SUCCESS] Proceso finalizado.
[2026-07-10 00:07:38] [INFO] Ejecutando trabajo: ERP SQL
[2026-07-10 00:07:38] [INFO] === Backup Center iniciado ===
[2026-07-10 00:07:38] [INFO] Subiendo: ERP_TEST.zip
[2026-07-10 00:07:38] [INFO] Subiendo: ERP_TEST_01.zip
[2026-07-10 00:07:38] [INFO] Subiendo: ERP_TEST_02.zip
[2026-07-10 00:07:38] [INFO] Subiendo: ERP_TEST_03.zip
[2026-07-10 00:07:38] [INFO] Subiendo: ERP_TEST_04.bak
[2026-07-10 00:07:38] [INFO] Subiendo: ERP_TEST_05.7z
[2026-07-10 00:07:38] [INFO] Subiendo: ERP_TEST_06.zip
[2026-07-10 00:07:38] [INFO] Subiendo: ERP_TEST_07.zip
[2026-07-10 00:07:38] [INFO] Subiendo: ERP_TEST_08.zip
[2026-07-10 00:07:38] [INFO] Subiendo: ERP_TEST_09.bak
[2026-07-10 00:07:38] [INFO] Subiendo: ERP_TEST_10.7z
[2026-07-10 00:07:38] [INFO] Subiendo: ERP_TEST_11.zip
[2026-07-10 00:07:38] [INFO] Subiendo: ERP_TEST_13.zip
[2026-07-10 00:07:38] [INFO] Subiendo: ERP_TEST_14.zip
[2026-07-10 00:07:38] [INFO] Subiendo: ERP_TEST_15.zip
[2026-07-10 00:07:38] [INFO] Subiendo: ERP_TEST_16.zip
[2026-07-10 00:07:38] [INFO] Subiendo: ERP_TEST_17.zip
[2026-07-10 00:07:38] [INFO] Subiendo: ERP_TEST_18.zip
[2026-07-10 00:07:38] [INFO] Subiendo: ERP_TEST_19.zip
[2026-07-10 00:07:38] [INFO] Subiendo: ERP_TEST_20.zip
[2026-07-10 00:07:38] [INFO] Subiendo: ERP_TEST_21.zip
[2026-07-10 00:07:38] [SUCCESS] Proceso finalizado.
[2026-07-10 00:07:48] [INFO] Ejecutando trabajo: ERP SQL
[2026-07-10 00:07:48] [INFO] === Backup Center iniciado ===
[2026-07-10 00:07:48] [INFO] Subiendo: ERP_TEST.zip
[2026-07-10 00:07:48] [INFO] Subiendo: ERP_TEST_01.zip
[2026-07-10 00:07:48] [INFO] Subiendo: ERP_TEST_02.zip
[2026-07-10 00:07:48] [INFO] Subiendo: ERP_TEST_03.zip
[2026-07-10 00:07:48] [INFO] Subiendo: ERP_TEST_04.bak
[2026-07-10 00:07:48] [INFO] Subiendo: ERP_TEST_05.7z
[2026-07-10 00:07:48] [INFO] Subiendo: ERP_TEST_06.zip
[2026-07-10 00:07:48] [INFO] Subiendo: ERP_TEST_07.zip
[2026-07-10 00:07:48] [INFO] Subiendo: ERP_TEST_08.zip
[2026-07-10 00:07:48] [INFO] Subiendo: ERP_TEST_09.bak
[2026-07-10 00:07:48] [INFO] Subiendo: ERP_TEST_10.7z
[2026-07-10 00:07:48] [INFO] Subiendo: ERP_TEST_11.zip
[2026-07-10 00:07:48] [INFO] Subiendo: ERP_TEST_13.zip
[2026-07-10 00:07:48] [INFO] Subiendo: ERP_TEST_14.zip
[2026-07-10 00:07:48] [INFO] Subiendo: ERP_TEST_15.zip
[2026-07-10 00:07:48] [INFO] Subiendo: ERP_TEST_16.zip
[2026-07-10 00:07:48] [INFO] Subiendo: ERP_TEST_17.zip
[2026-07-10 00:07:48] [INFO] Subiendo: ERP_TEST_18.zip
[2026-07-10 00:07:48] [INFO] Subiendo: ERP_TEST_19.zip
[2026-07-10 00:07:48] [INFO] Subiendo: ERP_TEST_20.zip
[2026-07-10 00:07:48] [INFO] Subiendo: ERP_TEST_21.zip
[2026-07-10 00:07:48] [SUCCESS] Proceso finalizado.
[2026-07-10 00:07:58] [INFO] Ejecutando trabajo: ERP SQL
[2026-07-10 00:07:58] [INFO] === Backup Center iniciado ===
[2026-07-10 00:07:58] [INFO] Subiendo: ERP_TEST.zip
[2026-07-10 00:07:58] [INFO] Subiendo: ERP_TEST_01.zip
[2026-07-10 00:07:58] [INFO] Subiendo: ERP_TEST_02.zip
[2026-07-10 00:07:58] [INFO] Subiendo: ERP_TEST_03.zip
[2026-07-10 00:07:58] [INFO] Subiendo: ERP_TEST_04.bak
[2026-07-10 00:07:58] [INFO] Subiendo: ERP_TEST_05.7z
[2026-07-10 00:07:58] [INFO] Subiendo: ERP_TEST_06.zip
[2026-07-10 00:07:58] [INFO] Subiendo: ERP_TEST_07.zip
[2026-07-10 00:07:58] [INFO] Subiendo: ERP_TEST_08.zip
[2026-07-10 00:07:58] [INFO] Subiendo: ERP_TEST_09.bak
[2026-07-10 00:07:58] [INFO] Subiendo: ERP_TEST_10.7z
[2026-07-10 00:07:58] [INFO] Subiendo: ERP_TEST_11.zip
[2026-07-10 00:07:58] [INFO] Subiendo: ERP_TEST_13.zip
[2026-07-10 00:07:58] [INFO] Subiendo: ERP_TEST_14.zip
[2026-07-10 00:07:58] [INFO] Subiendo: ERP_TEST_15.zip
[2026-07-10 00:07:58] [INFO] Subiendo: ERP_TEST_16.zip
[2026-07-10 00:07:58] [INFO] Subiendo: ERP_TEST_17.zip
[2026-07-10 00:07:58] [INFO] Subiendo: ERP_TEST_18.zip
[2026-07-10 00:07:58] [INFO] Subiendo: ERP_TEST_19.zip
[2026-07-10 00:07:58] [INFO] Subiendo: ERP_TEST_20.zip
[2026-07-10 00:07:58] [INFO] Subiendo: ERP_TEST_21.zip
[2026-07-10 00:07:58] [SUCCESS] Proceso finalizado.
[2026-07-10 00:08:08] [INFO] Ejecutando trabajo: ERP SQL
[2026-07-10 00:08:08] [INFO] === Backup Center iniciado ===
[2026-07-10 00:08:08] [INFO] Subiendo: ERP_TEST.zip
[2026-07-10 00:08:08] [INFO] Subiendo: ERP_TEST_01.zip
[2026-07-10 00:08:08] [INFO] Subiendo: ERP_TEST_02.zip
[2026-07-10 00:08:08] [INFO] Subiendo: ERP_TEST_03.zip
[2026-07-10 00:08:08] [INFO] Subiendo: ERP_TEST_04.bak
[2026-07-10 00:08:08] [INFO] Subiendo: ERP_TEST_05.7z
[2026-07-10 00:08:08] [INFO] Subiendo: ERP_TEST_06.zip
[2026-07-10 00:08:08] [INFO] Subiendo: ERP_TEST_07.zip
[2026-07-10 00:08:08] [INFO] Subiendo: ERP_TEST_08.zip
[2026-07-10 00:08:08] [INFO] Subiendo: ERP_TEST_09.bak
[2026-07-10 00:08:08] [INFO] Subiendo: ERP_TEST_10.7z
[2026-07-10 00:08:08] [INFO] Subiendo: ERP_TEST_11.zip
[2026-07-10 00:08:08] [INFO] Subiendo: ERP_TEST_13.zip
[2026-07-10 00:08:08] [INFO] Subiendo: ERP_TEST_14.zip
[2026-07-10 00:08:08] [INFO] Subiendo: ERP_TEST_15.zip
[2026-07-10 00:08:08] [INFO] Subiendo: ERP_TEST_16.zip
[2026-07-10 00:08:08] [INFO] Subiendo: ERP_TEST_17.zip
[2026-07-10 00:08:08] [INFO] Subiendo: ERP_TEST_18.zip
[2026-07-10 00:08:08] [INFO] Subiendo: ERP_TEST_19.zip
[2026-07-10 00:08:08] [INFO] Subiendo: ERP_TEST_20.zip
[2026-07-10 00:08:08] [INFO] Subiendo: ERP_TEST_21.zip
[2026-07-10 00:08:08] [SUCCESS] Proceso finalizado.
[2026-07-10 00:08:18] [INFO] Ejecutando trabajo: ERP SQL
[2026-07-10 00:08:18] [INFO] === Backup Center iniciado ===
[2026-07-10 00:08:18] [INFO] Subiendo: ERP_TEST.zip
[2026-07-10 00:08:18] [INFO] Subiendo: ERP_TEST_01.zip
[2026-07-10 00:08:18] [INFO] Subiendo: ERP_TEST_02.zip
[2026-07-10 00:08:18] [INFO] Subiendo: ERP_TEST_03.zip
[2026-07-10 00:08:18] [INFO] Subiendo: ERP_TEST_04.bak
[2026-07-10 00:08:18] [INFO] Subiendo: ERP_TEST_05.7z
[2026-07-10 00:08:18] [INFO] Subiendo: ERP_TEST_06.zip
[2026-07-10 00:08:18] [INFO] Subiendo: ERP_TEST_07.zip
[2026-07-10 00:08:18] [INFO] Subiendo: ERP_TEST_08.zip
[2026-07-10 00:08:18] [INFO] Subiendo: ERP_TEST_09.bak
[2026-07-10 00:08:18] [INFO] Subiendo: ERP_TEST_10.7z
[2026-07-10 00:08:18] [INFO] Subiendo: ERP_TEST_11.zip
[2026-07-10 00:08:18] [INFO] Subiendo: ERP_TEST_13.zip
[2026-07-10 00:08:18] [INFO] Subiendo: ERP_TEST_14.zip
[2026-07-10 00:08:18] [INFO] Subiendo: ERP_TEST_15.zip
[2026-07-10 00:08:18] [INFO] Subiendo: ERP_TEST_16.zip
[2026-07-10 00:08:18] [INFO] Subiendo: ERP_TEST_17.zip
[2026-07-10 00:08:18] [INFO] Subiendo: ERP_TEST_18.zip
[2026-07-10 00:08:18] [INFO] Subiendo: ERP_TEST_19.zip
[2026-07-10 00:08:18] [INFO] Subiendo: ERP_TEST_20.zip
[2026-07-10 00:08:18] [INFO] Subiendo: ERP_TEST_21.zip
[2026-07-10 00:08:18] [SUCCESS] Proceso finalizado.
[2026-07-10 00:08:28] [INFO] Ejecutando trabajo: ERP SQL
[2026-07-10 00:08:28] [INFO] === Backup Center iniciado ===
[2026-07-10 00:08:28] [INFO] Subiendo: ERP_TEST.zip
[2026-07-10 00:08:28] [INFO] Subiendo: ERP_TEST_01.zip
[2026-07-10 00:08:28] [INFO] Subiendo: ERP_TEST_02.zip
[2026-07-10 00:08:28] [INFO] Subiendo: ERP_TEST_03.zip
[2026-07-10 00:08:28] [INFO] Subiendo: ERP_TEST_04.bak
[2026-07-10 00:08:28] [INFO] Subiendo: ERP_TEST_05.7z
[2026-07-10 00:08:28] [INFO] Subiendo: ERP_TEST_06.zip
[2026-07-10 00:08:28] [INFO] Subiendo: ERP_TEST_07.zip
[2026-07-10 00:08:28] [INFO] Subiendo: ERP_TEST_08.zip
[2026-07-10 00:08:28] [INFO] Subiendo: ERP_TEST_09.bak
[2026-07-10 00:08:28] [INFO] Subiendo: ERP_TEST_10.7z
[2026-07-10 00:08:28] [INFO] Subiendo: ERP_TEST_11.zip
[2026-07-10 00:08:28] [INFO] Subiendo: ERP_TEST_13.zip
[2026-07-10 00:08:28] [INFO] Subiendo: ERP_TEST_14.zip
[2026-07-10 00:08:28] [INFO] Subiendo: ERP_TEST_15.zip
[2026-07-10 00:08:28] [INFO] Subiendo: ERP_TEST_16.zip
[2026-07-10 00:08:28] [INFO] Subiendo: ERP_TEST_17.zip
[2026-07-10 00:08:28] [INFO] Subiendo: ERP_TEST_18.zip
[2026-07-10 00:08:28] [INFO] Subiendo: ERP_TEST_19.zip
[2026-07-10 00:08:28] [INFO] Subiendo: ERP_TEST_20.zip
[2026-07-10 00:08:28] [INFO] Subiendo: ERP_TEST_21.zip
[2026-07-10 00:08:28] [SUCCESS] Proceso finalizado.
[2026-07-10 00:08:38] [INFO] Ejecutando trabajo: ERP SQL
[2026-07-10 00:08:38] [INFO] === Backup Center iniciado ===
[2026-07-10 00:08:38] [INFO] Subiendo: ERP_TEST.zip
[2026-07-10 00:08:38] [INFO] Subiendo: ERP_TEST_01.zip
[2026-07-10 00:08:38] [INFO] Subiendo: ERP_TEST_02.zip
[2026-07-10 00:08:38] [INFO] Subiendo: ERP_TEST_03.zip
[2026-07-10 00:08:38] [INFO] Subiendo: ERP_TEST_04.bak
[2026-07-10 00:08:38] [INFO] Subiendo: ERP_TEST_05.7z
[2026-07-10 00:08:38] [INFO] Subiendo: ERP_TEST_06.zip
[2026-07-10 00:08:38] [INFO] Subiendo: ERP_TEST_07.zip
[2026-07-10 00:08:38] [INFO] Subiendo: ERP_TEST_08.zip
[2026-07-10 00:08:38] [INFO] Subiendo: ERP_TEST_09.bak
[2026-07-10 00:08:38] [INFO] Subiendo: ERP_TEST_10.7z
[2026-07-10 00:08:38] [INFO] Subiendo: ERP_TEST_11.zip
[2026-07-10 00:08:38] [INFO] Subiendo: ERP_TEST_13.zip
[2026-07-10 00:08:38] [INFO] Subiendo: ERP_TEST_14.zip
[2026-07-10 00:08:38] [INFO] Subiendo: ERP_TEST_15.zip
[2026-07-10 00:08:38] [INFO] Subiendo: ERP_TEST_16.zip
[2026-07-10 00:08:38] [INFO] Subiendo: ERP_TEST_17.zip
[2026-07-10 00:08:38] [INFO] Subiendo: ERP_TEST_18.zip
[2026-07-10 00:08:38] [INFO] Subiendo: ERP_TEST_19.zip
[2026-07-10 00:08:38] [INFO] Subiendo: ERP_TEST_20.zip
[2026-07-10 00:08:38] [INFO] Subiendo: ERP_TEST_21.zip
[2026-07-10 00:08:38] [SUCCESS] Proceso finalizado.
[2026-07-10 00:08:48] [INFO] Ejecutando trabajo: ERP SQL
[2026-07-10 00:08:48] [INFO] === Backup Center iniciado ===
[2026-07-10 00:08:48] [INFO] Subiendo: ERP_TEST.zip
[2026-07-10 00:08:48] [INFO] Subiendo: ERP_TEST_01.zip
[2026-07-10 00:08:48] [INFO] Subiendo: ERP_TEST_02.zip
[2026-07-10 00:08:48] [INFO] Subiendo: ERP_TEST_03.zip
[2026-07-10 00:08:48] [INFO] Subiendo: ERP_TEST_04.bak
[2026-07-10 00:08:48] [INFO] Subiendo: ERP_TEST_05.7z
[2026-07-10 00:08:48] [INFO] Subiendo: ERP_TEST_06.zip
[2026-07-10 00:08:48] [INFO] Subiendo: ERP_TEST_07.zip
[2026-07-10 00:08:48] [INFO] Subiendo: ERP_TEST_08.zip
[2026-07-10 00:08:48] [INFO] Subiendo: ERP_TEST_09.bak
[2026-07-10 00:08:48] [INFO] Subiendo: ERP_TEST_10.7z
[2026-07-10 00:08:48] [INFO] Subiendo: ERP_TEST_11.zip
[2026-07-10 00:08:48] [INFO] Subiendo: ERP_TEST_13.zip
[2026-07-10 00:08:48] [INFO] Subiendo: ERP_TEST_14.zip
[2026-07-10 00:08:48] [INFO] Subiendo: ERP_TEST_15.zip
[2026-07-10 00:08:48] [INFO] Subiendo: ERP_TEST_16.zip
[2026-07-10 00:08:48] [INFO] Subiendo: ERP_TEST_17.zip
[2026-07-10 00:08:48] [INFO] Subiendo: ERP_TEST_18.zip
[2026-07-10 00:08:48] [INFO] Subiendo: ERP_TEST_19.zip
[2026-07-10 00:08:48] [INFO] Subiendo: ERP_TEST_20.zip
[2026-07-10 00:08:48] [INFO] Subiendo: ERP_TEST_21.zip
[2026-07-10 00:08:48] [SUCCESS] Proceso finalizado.
[2026-07-10 00:08:58] [INFO] Ejecutando trabajo: ERP SQL
[2026-07-10 00:08:58] [INFO] === Backup Center iniciado ===
[2026-07-10 00:08:58] [INFO] Subiendo: ERP_TEST.zip
[2026-07-10 00:08:58] [INFO] Subiendo: ERP_TEST_01.zip
[2026-07-10 00:08:58] [INFO] Subiendo: ERP_TEST_02.zip
[2026-07-10 00:08:58] [INFO] Subiendo: ERP_TEST_03.zip
[2026-07-10 00:08:58] [INFO] Subiendo: ERP_TEST_04.bak
[2026-07-10 00:08:58] [INFO] Subiendo: ERP_TEST_05.7z
[2026-07-10 00:08:58] [INFO] Subiendo: ERP_TEST_06.zip
[2026-07-10 00:08:58] [INFO] Subiendo: ERP_TEST_07.zip
[2026-07-10 00:08:58] [INFO] Subiendo: ERP_TEST_08.zip
[2026-07-10 00:08:58] [INFO] Subiendo: ERP_TEST_09.bak
[2026-07-10 00:08:58] [INFO] Subiendo: ERP_TEST_10.7z
[2026-07-10 00:08:58] [INFO] Subiendo: ERP_TEST_11.zip
[2026-07-10 00:08:58] [INFO] Subiendo: ERP_TEST_13.zip
[2026-07-10 00:08:58] [INFO] Subiendo: ERP_TEST_14.zip
[2026-07-10 00:08:58] [INFO] Subiendo: ERP_TEST_15.zip
[2026-07-10 00:08:58] [INFO] Subiendo: ERP_TEST_16.zip
[2026-07-10 00:08:58] [INFO] Subiendo: ERP_TEST_17.zip
[2026-07-10 00:08:58] [INFO] Subiendo: ERP_TEST_18.zip
[2026-07-10 00:08:58] [INFO] Subiendo: ERP_TEST_19.zip
[2026-07-10 00:08:58] [INFO] Subiendo: ERP_TEST_20.zip
[2026-07-10 00:08:58] [INFO] Subiendo: ERP_TEST_21.zip
[2026-07-10 00:08:58] [SUCCESS] Proceso finalizado.
[2026-07-10 00:09:08] [INFO] Ejecutando trabajo: ERP SQL
[2026-07-10 00:09:08] [INFO] === Backup Center iniciado ===
[2026-07-10 00:09:08] [INFO] Subiendo: ERP_TEST.zip
[2026-07-10 00:09:08] [INFO] Subiendo: ERP_TEST_01.zip
[2026-07-10 00:09:08] [INFO] Subiendo: ERP_TEST_02.zip
[2026-07-10 00:09:08] [INFO] Subiendo: ERP_TEST_03.zip
[2026-07-10 00:09:08] [INFO] Subiendo: ERP_TEST_04.bak
[2026-07-10 00:09:08] [INFO] Subiendo: ERP_TEST_05.7z
[2026-07-10 00:09:08] [INFO] Subiendo: ERP_TEST_06.zip
[2026-07-10 00:09:08] [INFO] Subiendo: ERP_TEST_07.zip
[2026-07-10 00:09:08] [INFO] Subiendo: ERP_TEST_08.zip
[2026-07-10 00:09:08] [INFO] Subiendo: ERP_TEST_09.bak
[2026-07-10 00:09:08] [INFO] Subiendo: ERP_TEST_10.7z
[2026-07-10 00:09:08] [INFO] Subiendo: ERP_TEST_11.zip
[2026-07-10 00:09:08] [INFO] Subiendo: ERP_TEST_13.zip
[2026-07-10 00:09:08] [INFO] Subiendo: ERP_TEST_14.zip
[2026-07-10 00:09:08] [INFO] Subiendo: ERP_TEST_15.zip
[2026-07-10 00:09:08] [INFO] Subiendo: ERP_TEST_16.zip
[2026-07-10 00:09:08] [INFO] Subiendo: ERP_TEST_17.zip
[2026-07-10 00:09:08] [INFO] Subiendo: ERP_TEST_18.zip
[2026-07-10 00:09:08] [INFO] Subiendo: ERP_TEST_19.zip
[2026-07-10 00:09:08] [INFO] Subiendo: ERP_TEST_20.zip
[2026-07-10 00:09:08] [INFO] Subiendo: ERP_TEST_21.zip
[2026-07-10 00:09:08] [SUCCESS] Proceso finalizado.
[2026-07-10 00:09:18] [INFO] Ejecutando trabajo: ERP SQL
[2026-07-10 00:09:18] [INFO] === Backup Center iniciado ===
[2026-07-10 00:09:18] [INFO] Subiendo: ERP_TEST.zip
[2026-07-10 00:09:18] [INFO] Subiendo: ERP_TEST_01.zip
[2026-07-10 00:09:18] [INFO] Subiendo: ERP_TEST_02.zip
[2026-07-10 00:09:18] [INFO] Subiendo: ERP_TEST_03.zip
[2026-07-10 00:09:18] [INFO] Subiendo: ERP_TEST_04.bak
[2026-07-10 00:09:18] [INFO] Subiendo: ERP_TEST_05.7z
[2026-07-10 00:09:18] [INFO] Subiendo: ERP_TEST_06.zip
[2026-07-10 00:09:18] [INFO] Subiendo: ERP_TEST_07.zip
[2026-07-10 00:09:18] [INFO] Subiendo: ERP_TEST_08.zip
[2026-07-10 00:09:18] [INFO] Subiendo: ERP_TEST_09.bak
[2026-07-10 00:09:18] [INFO] Subiendo: ERP_TEST_10.7z
[2026-07-10 00:09:18] [INFO] Subiendo: ERP_TEST_11.zip
[2026-07-10 00:09:18] [INFO] Subiendo: ERP_TEST_13.zip
[2026-07-10 00:09:18] [INFO] Subiendo: ERP_TEST_14.zip
[2026-07-10 00:09:18] [INFO] Subiendo: ERP_TEST_15.zip
[2026-07-10 00:09:18] [INFO] Subiendo: ERP_TEST_16.zip
[2026-07-10 00:09:18] [INFO] Subiendo: ERP_TEST_17.zip
[2026-07-10 00:09:18] [INFO] Subiendo: ERP_TEST_18.zip
[2026-07-10 00:09:18] [INFO] Subiendo: ERP_TEST_19.zip
[2026-07-10 00:09:18] [INFO] Subiendo: ERP_TEST_20.zip
[2026-07-10 00:09:18] [INFO] Subiendo: ERP_TEST_21.zip
[2026-07-10 00:09:19] [SUCCESS] Proceso finalizado.
[2026-07-10 00:09:29] [INFO] Ejecutando trabajo: ERP SQL
[2026-07-10 00:09:29] [INFO] === Backup Center iniciado ===
[2026-07-10 00:09:29] [INFO] Subiendo: ERP_TEST.zip
[2026-07-10 00:09:29] [INFO] Subiendo: ERP_TEST_01.zip
[2026-07-10 00:09:29] [INFO] Subiendo: ERP_TEST_02.zip
[2026-07-10 00:09:29] [INFO] Subiendo: ERP_TEST_03.zip
[2026-07-10 00:09:29] [INFO] Subiendo: ERP_TEST_04.bak
[2026-07-10 00:09:29] [INFO] Subiendo: ERP_TEST_05.7z
[2026-07-10 00:09:29] [INFO] Subiendo: ERP_TEST_06.zip
[2026-07-10 00:09:29] [INFO] Subiendo: ERP_TEST_07.zip
[2026-07-10 00:09:29] [INFO] Subiendo: ERP_TEST_08.zip
[2026-07-10 00:09:29] [INFO] Subiendo: ERP_TEST_09.bak
[2026-07-10 00:09:29] [INFO] Subiendo: ERP_TEST_10.7z
[2026-07-10 00:09:29] [INFO] Subiendo: ERP_TEST_11.zip
[2026-07-10 00:09:29] [INFO] Subiendo: ERP_TEST_13.zip
[2026-07-10 00:09:29] [INFO] Subiendo: ERP_TEST_14.zip
[2026-07-10 00:09:29] [INFO] Subiendo: ERP_TEST_15.zip
[2026-07-10 00:09:29] [INFO] Subiendo: ERP_TEST_16.zip
[2026-07-10 00:09:29] [INFO] Subiendo: ERP_TEST_17.zip
[2026-07-10 00:09:29] [INFO] Subiendo: ERP_TEST_18.zip
[2026-07-10 00:09:29] [INFO] Subiendo: ERP_TEST_19.zip
[2026-07-10 00:09:29] [INFO] Subiendo: ERP_TEST_20.zip
[2026-07-10 00:09:29] [INFO] Subiendo: ERP_TEST_21.zip
[2026-07-10 00:09:29] [SUCCESS] Proceso finalizado.
[2026-07-10 00:09:39] [INFO] Ejecutando trabajo: ERP SQL
[2026-07-10 00:09:39] [INFO] === Backup Center iniciado ===
[2026-07-10 00:09:39] [INFO] Subiendo: ERP_TEST.zip
[2026-07-10 00:09:39] [INFO] Subiendo: ERP_TEST_01.zip
[2026-07-10 00:09:39] [INFO] Subiendo: ERP_TEST_02.zip
[2026-07-10 00:09:39] [INFO] Subiendo: ERP_TEST_03.zip
[2026-07-10 00:09:39] [INFO] Subiendo: ERP_TEST_04.bak
[2026-07-10 00:09:39] [INFO] Subiendo: ERP_TEST_05.7z
[2026-07-10 00:09:39] [INFO] Subiendo: ERP_TEST_06.zip
[2026-07-10 00:09:39] [INFO] Subiendo: ERP_TEST_07.zip
[2026-07-10 00:09:39] [INFO] Subiendo: ERP_TEST_08.zip
[2026-07-10 00:09:39] [INFO] Subiendo: ERP_TEST_09.bak
[2026-07-10 00:09:39] [INFO] Subiendo: ERP_TEST_10.7z
[2026-07-10 00:09:39] [INFO] Subiendo: ERP_TEST_11.zip
[2026-07-10 00:09:39] [INFO] Subiendo: ERP_TEST_13.zip
[2026-07-10 00:09:39] [INFO] Subiendo: ERP_TEST_14.zip
[2026-07-10 00:09:39] [INFO] Subiendo: ERP_TEST_15.zip
[2026-07-10 00:09:39] [INFO] Subiendo: ERP_TEST_16.zip
[2026-07-10 00:09:39] [INFO] Subiendo: ERP_TEST_17.zip
[2026-07-10 00:09:39] [INFO] Subiendo: ERP_TEST_18.zip
[2026-07-10 00:09:39] [INFO] Subiendo: ERP_TEST_19.zip
[2026-07-10 00:09:39] [INFO] Subiendo: ERP_TEST_20.zip
[2026-07-10 00:09:39] [INFO] Subiendo: ERP_TEST_21.zip
[2026-07-10 00:09:39] [SUCCESS] Proceso finalizado.
[2026-07-10 00:09:49] [INFO] Ejecutando trabajo: ERP SQL
[2026-07-10 00:09:49] [INFO] === Backup Center iniciado ===
[2026-07-10 00:09:49] [INFO] Subiendo: ERP_TEST.zip
[2026-07-10 00:09:49] [INFO] Subiendo: ERP_TEST_01.zip
[2026-07-10 00:09:49] [INFO] Subiendo: ERP_TEST_02.zip
[2026-07-10 00:09:49] [INFO] Subiendo: ERP_TEST_03.zip
[2026-07-10 00:09:49] [INFO] Subiendo: ERP_TEST_04.bak
[2026-07-10 00:09:49] [INFO] Subiendo: ERP_TEST_05.7z
[2026-07-10 00:09:49] [INFO] Subiendo: ERP_TEST_06.zip
[2026-07-10 00:09:49] [INFO] Subiendo: ERP_TEST_07.zip
[2026-07-10 00:09:49] [INFO] Subiendo: ERP_TEST_08.zip
[2026-07-10 00:09:49] [INFO] Subiendo: ERP_TEST_09.bak
[2026-07-10 00:09:49] [INFO] Subiendo: ERP_TEST_10.7z
[2026-07-10 00:09:49] [INFO] Subiendo: ERP_TEST_11.zip
[2026-07-10 00:09:49] [INFO] Subiendo: ERP_TEST_13.zip
[2026-07-10 00:09:49] [INFO] Subiendo: ERP_TEST_14.zip
[2026-07-10 00:09:49] [INFO] Subiendo: ERP_TEST_15.zip
[2026-07-10 00:09:49] [INFO] Subiendo: ERP_TEST_16.zip
[2026-07-10 00:09:49] [INFO] Subiendo: ERP_TEST_17.zip
[2026-07-10 00:09:49] [INFO] Subiendo: ERP_TEST_18.zip
[2026-07-10 00:09:49] [INFO] Subiendo: ERP_TEST_19.zip
[2026-07-10 00:09:49] [INFO] Subiendo: ERP_TEST_20.zip
[2026-07-10 00:09:49] [INFO] Subiendo: ERP_TEST_21.zip
[2026-07-10 00:09:49] [SUCCESS] Proceso finalizado.
[2026-07-10 00:09:59] [INFO] Ejecutando trabajo: ERP SQL
[2026-07-10 00:09:59] [INFO] === Backup Center iniciado ===
[2026-07-10 00:09:59] [INFO] Subiendo: ERP_TEST.zip
[2026-07-10 00:09:59] [INFO] Subiendo: ERP_TEST_01.zip
[2026-07-10 00:09:59] [INFO] Subiendo: ERP_TEST_02.zip
[2026-07-10 00:09:59] [INFO] Subiendo: ERP_TEST_03.zip
[2026-07-10 00:09:59] [INFO] Subiendo: ERP_TEST_04.bak
[2026-07-10 00:09:59] [INFO] Subiendo: ERP_TEST_05.7z
[2026-07-10 00:09:59] [INFO] Subiendo: ERP_TEST_06.zip
[2026-07-10 00:09:59] [INFO] Subiendo: ERP_TEST_07.zip
[2026-07-10 00:09:59] [INFO] Subiendo: ERP_TEST_08.zip
[2026-07-10 00:09:59] [INFO] Subiendo: ERP_TEST_09.bak
[2026-07-10 00:09:59] [INFO] Subiendo: ERP_TEST_10.7z
[2026-07-10 00:09:59] [INFO] Subiendo: ERP_TEST_11.zip
[2026-07-10 00:09:59] [INFO] Subiendo: ERP_TEST_13.zip
[2026-07-10 00:09:59] [INFO] Subiendo: ERP_TEST_14.zip
[2026-07-10 00:09:59] [INFO] Subiendo: ERP_TEST_15.zip
[2026-07-10 00:09:59] [INFO] Subiendo: ERP_TEST_16.zip
[2026-07-10 00:09:59] [INFO] Subiendo: ERP_TEST_17.zip
[2026-07-10 00:09:59] [INFO] Subiendo: ERP_TEST_18.zip
[2026-07-10 00:09:59] [INFO] Subiendo: ERP_TEST_19.zip
[2026-07-10 00:09:59] [INFO] Subiendo: ERP_TEST_20.zip
[2026-07-10 00:09:59] [INFO] Subiendo: ERP_TEST_21.zip
[2026-07-10 00:09:59] [SUCCESS] Proceso finalizado.
[2026-07-10 00:10:07] [INFO] Ejecutando trabajo: ERP SQL
[2026-07-10 00:10:07] [INFO] === Backup Center iniciado ===
[2026-07-10 00:10:07] [INFO] Subiendo: ERP_TEST.zip
[2026-07-10 00:10:07] [INFO] Subiendo: ERP_TEST_01.zip
[2026-07-10 00:10:07] [INFO] Subiendo: ERP_TEST_02.zip
[2026-07-10 00:10:07] [INFO] Subiendo: ERP_TEST_03.zip
[2026-07-10 00:10:07] [INFO] Subiendo: ERP_TEST_04.bak
[2026-07-10 00:10:07] [INFO] Subiendo: ERP_TEST_05.7z
[2026-07-10 00:10:07] [INFO] Subiendo: ERP_TEST_06.zip
[2026-07-10 00:10:07] [INFO] Subiendo: ERP_TEST_07.zip
[2026-07-10 00:10:07] [INFO] Subiendo: ERP_TEST_08.zip
[2026-07-10 00:10:07] [INFO] Subiendo: ERP_TEST_09.bak
[2026-07-10 00:10:07] [INFO] Subiendo: ERP_TEST_10.7z
[2026-07-10 00:10:07] [INFO] Subiendo: ERP_TEST_11.zip
[2026-07-10 00:10:07] [INFO] Subiendo: ERP_TEST_13.zip
[2026-07-10 00:10:07] [INFO] Subiendo: ERP_TEST_14.zip
[2026-07-10 00:10:07] [INFO] Subiendo: ERP_TEST_15.zip
[2026-07-10 00:10:07] [INFO] Subiendo: ERP_TEST_16.zip
[2026-07-10 00:10:07] [INFO] Subiendo: ERP_TEST_17.zip
[2026-07-10 00:10:07] [INFO] Subiendo: ERP_TEST_18.zip
[2026-07-10 00:10:07] [INFO] Subiendo: ERP_TEST_19.zip
[2026-07-10 00:10:07] [INFO] Subiendo: ERP_TEST_20.zip
[2026-07-10 00:10:07] [INFO] Subiendo: ERP_TEST_21.zip
[2026-07-10 00:10:07] [SUCCESS] Proceso finalizado.
[2026-07-10 00:10:17] [INFO] Ejecutando trabajo: ERP SQL
[2026-07-10 00:10:17] [INFO] === Backup Center iniciado ===
[2026-07-10 00:10:17] [INFO] Subiendo: ERP_TEST.zip
[2026-07-10 00:10:17] [INFO] Subiendo: ERP_TEST_01.zip
[2026-07-10 00:10:17] [INFO] Subiendo: ERP_TEST_02.zip
[2026-07-10 00:10:17] [INFO] Subiendo: ERP_TEST_03.zip
[2026-07-10 00:10:17] [INFO] Subiendo: ERP_TEST_04.bak
[2026-07-10 00:10:17] [INFO] Subiendo: ERP_TEST_05.7z
[2026-07-10 00:10:17] [INFO] Subiendo: ERP_TEST_06.zip
[2026-07-10 00:10:17] [INFO] Subiendo: ERP_TEST_07.zip
[2026-07-10 00:10:17] [INFO] Subiendo: ERP_TEST_08.zip
[2026-07-10 00:10:17] [INFO] Subiendo: ERP_TEST_09.bak
[2026-07-10 00:10:17] [INFO] Subiendo: ERP_TEST_10.7z
[2026-07-10 00:10:17] [INFO] Subiendo: ERP_TEST_11.zip
[2026-07-10 00:10:17] [INFO] Subiendo: ERP_TEST_13.zip
[2026-07-10 00:10:17] [INFO] Subiendo: ERP_TEST_14.zip
[2026-07-10 00:10:17] [INFO] Subiendo: ERP_TEST_15.zip
[2026-07-10 00:10:17] [INFO] Subiendo: ERP_TEST_16.zip
[2026-07-10 00:10:17] [INFO] Subiendo: ERP_TEST_17.zip
[2026-07-10 00:10:17] [INFO] Subiendo: ERP_TEST_18.zip
[2026-07-10 00:10:17] [INFO] Subiendo: ERP_TEST_19.zip
[2026-07-10 00:10:17] [INFO] Subiendo: ERP_TEST_20.zip
[2026-07-10 00:10:17] [INFO] Subiendo: ERP_TEST_21.zip
[2026-07-10 00:10:17] [SUCCESS] Proceso finalizado.
[2026-07-10 00:10:27] [INFO] Ejecutando trabajo: ERP SQL
[2026-07-10 00:10:27] [INFO] === Backup Center iniciado ===
[2026-07-10 00:10:27] [INFO] Subiendo: ERP_TEST.zip
[2026-07-10 00:10:27] [INFO] Subiendo: ERP_TEST_01.zip
[2026-07-10 00:10:27] [INFO] Subiendo: ERP_TEST_02.zip
[2026-07-10 00:10:27] [INFO] Subiendo: ERP_TEST_03.zip
[2026-07-10 00:10:27] [INFO] Subiendo: ERP_TEST_04.bak
[2026-07-10 00:10:27] [INFO] Subiendo: ERP_TEST_05.7z
[2026-07-10 00:10:27] [INFO] Subiendo: ERP_TEST_06.zip
[2026-07-10 00:10:27] [INFO] Subiendo: ERP_TEST_07.zip
[2026-07-10 00:10:27] [INFO] Subiendo: ERP_TEST_08.zip
[2026-07-10 00:10:27] [INFO] Subiendo: ERP_TEST_09.bak
[2026-07-10 00:10:27] [INFO] Subiendo: ERP_TEST_10.7z
[2026-07-10 00:10:27] [INFO] Subiendo: ERP_TEST_11.zip
[2026-07-10 00:10:27] [INFO] Subiendo: ERP_TEST_13.zip
[2026-07-10 00:10:27] [INFO] Subiendo: ERP_TEST_14.zip
[2026-07-10 00:10:27] [INFO] Subiendo: ERP_TEST_15.zip
[2026-07-10 00:10:27] [INFO] Subiendo: ERP_TEST_16.zip
[2026-07-10 00:10:27] [INFO] Subiendo: ERP_TEST_17.zip
[2026-07-10 00:10:27] [INFO] Subiendo: ERP_TEST_18.zip
[2026-07-10 00:10:27] [INFO] Subiendo: ERP_TEST_19.zip
[2026-07-10 00:10:27] [INFO] Subiendo: ERP_TEST_20.zip
[2026-07-10 00:10:27] [INFO] Subiendo: ERP_TEST_21.zip
[2026-07-10 00:10:27] [SUCCESS] Proceso finalizado.
[2026-07-10 00:10:37] [INFO] Ejecutando trabajo: ERP SQL
[2026-07-10 00:10:37] [INFO] === Backup Center iniciado ===
[2026-07-10 00:10:37] [INFO] Subiendo: ERP_TEST.zip
[2026-07-10 00:10:37] [INFO] Subiendo: ERP_TEST_01.zip
[2026-07-10 00:10:37] [INFO] Subiendo: ERP_TEST_02.zip
[2026-07-10 00:10:37] [INFO] Subiendo: ERP_TEST_03.zip
[2026-07-10 00:10:37] [INFO] Subiendo: ERP_TEST_04.bak
[2026-07-10 00:10:37] [INFO] Subiendo: ERP_TEST_05.7z
[2026-07-10 00:10:37] [INFO] Subiendo: ERP_TEST_06.zip
[2026-07-10 00:10:37] [INFO] Subiendo: ERP_TEST_07.zip
[2026-07-10 00:10:37] [INFO] Subiendo: ERP_TEST_08.zip
[2026-07-10 00:10:37] [INFO] Subiendo: ERP_TEST_09.bak
[2026-07-10 00:10:37] [INFO] Subiendo: ERP_TEST_10.7z
[2026-07-10 00:10:37] [INFO] Subiendo: ERP_TEST_11.zip
[2026-07-10 00:10:37] [INFO] Subiendo: ERP_TEST_13.zip
[2026-07-10 00:10:37] [INFO] Subiendo: ERP_TEST_14.zip
[2026-07-10 00:10:37] [INFO] Subiendo: ERP_TEST_15.zip
[2026-07-10 00:10:37] [INFO] Subiendo: ERP_TEST_16.zip
[2026-07-10 00:10:37] [INFO] Subiendo: ERP_TEST_17.zip
[2026-07-10 00:10:37] [INFO] Subiendo: ERP_TEST_18.zip
[2026-07-10 00:10:37] [INFO] Subiendo: ERP_TEST_19.zip
[2026-07-10 00:10:37] [INFO] Subiendo: ERP_TEST_20.zip
[2026-07-10 00:10:37] [INFO] Subiendo: ERP_TEST_21.zip
[2026-07-10 00:10:37] [SUCCESS] Proceso finalizado.
[2026-07-10 00:10:47] [INFO] Ejecutando trabajo: ERP SQL
[2026-07-10 00:10:47] [INFO] === Backup Center iniciado ===
[2026-07-10 00:10:47] [INFO] Subiendo: ERP_TEST.zip
[2026-07-10 00:10:47] [INFO] Subiendo: ERP_TEST_01.zip
[2026-07-10 00:10:47] [INFO] Subiendo: ERP_TEST_02.zip
[2026-07-10 00:10:47] [INFO] Subiendo: ERP_TEST_03.zip
[2026-07-10 00:10:47] [INFO] Subiendo: ERP_TEST_04.bak
[2026-07-10 00:10:47] [INFO] Subiendo: ERP_TEST_05.7z
[2026-07-10 00:10:47] [INFO] Subiendo: ERP_TEST_06.zip
[2026-07-10 00:10:47] [INFO] Subiendo: ERP_TEST_07.zip
[2026-07-10 00:10:47] [INFO] Subiendo: ERP_TEST_08.zip
[2026-07-10 00:10:47] [INFO] Subiendo: ERP_TEST_09.bak
[2026-07-10 00:10:47] [INFO] Subiendo: ERP_TEST_10.7z
[2026-07-10 00:10:47] [INFO] Subiendo: ERP_TEST_11.zip
[2026-07-10 00:10:47] [INFO] Subiendo: ERP_TEST_13.zip
[2026-07-10 00:10:47] [INFO] Subiendo: ERP_TEST_14.zip
[2026-07-10 00:10:47] [INFO] Subiendo: ERP_TEST_15.zip
[2026-07-10 00:10:47] [INFO] Subiendo: ERP_TEST_16.zip
[2026-07-10 00:10:47] [INFO] Subiendo: ERP_TEST_17.zip
[2026-07-10 00:10:47] [INFO] Subiendo: ERP_TEST_18.zip
[2026-07-10 00:10:47] [INFO] Subiendo: ERP_TEST_19.zip
[2026-07-10 00:10:47] [INFO] Subiendo: ERP_TEST_20.zip
[2026-07-10 00:10:47] [INFO] Subiendo: ERP_TEST_21.zip
[2026-07-10 00:10:47] [SUCCESS] Proceso finalizado.
[2026-07-10 00:10:57] [INFO] Ejecutando trabajo: ERP SQL
[2026-07-10 00:10:57] [INFO] === Backup Center iniciado ===
[2026-07-10 00:10:57] [INFO] Subiendo: ERP_TEST.zip
[2026-07-10 00:10:57] [INFO] Subiendo: ERP_TEST_01.zip
[2026-07-10 00:10:57] [INFO] Subiendo: ERP_TEST_02.zip
[2026-07-10 00:10:57] [INFO] Subiendo: ERP_TEST_03.zip
[2026-07-10 00:10:57] [INFO] Subiendo: ERP_TEST_04.bak
[2026-07-10 00:10:57] [INFO] Subiendo: ERP_TEST_05.7z
[2026-07-10 00:10:57] [INFO] Subiendo: ERP_TEST_06.zip
[2026-07-10 00:10:57] [INFO] Subiendo: ERP_TEST_07.zip
[2026-07-10 00:10:57] [INFO] Subiendo: ERP_TEST_08.zip
[2026-07-10 00:10:57] [INFO] Subiendo: ERP_TEST_09.bak
[2026-07-10 00:10:57] [INFO] Subiendo: ERP_TEST_10.7z
[2026-07-10 00:10:57] [INFO] Subiendo: ERP_TEST_11.zip
[2026-07-10 00:10:57] [INFO] Subiendo: ERP_TEST_13.zip
[2026-07-10 00:10:57] [INFO] Subiendo: ERP_TEST_14.zip
[2026-07-10 00:10:57] [INFO] Subiendo: ERP_TEST_15.zip
[2026-07-10 00:10:57] [INFO] Subiendo: ERP_TEST_16.zip
[2026-07-10 00:10:57] [INFO] Subiendo: ERP_TEST_17.zip
[2026-07-10 00:10:57] [INFO] Subiendo: ERP_TEST_18.zip
[2026-07-10 00:10:57] [INFO] Subiendo: ERP_TEST_19.zip
[2026-07-10 00:10:57] [INFO] Subiendo: ERP_TEST_20.zip
[2026-07-10 00:10:57] [INFO] Subiendo: ERP_TEST_21.zip
[2026-07-10 00:10:57] [SUCCESS] Proceso finalizado.
[2026-07-10 00:11:08] [INFO] Ejecutando trabajo: ERP SQL
[2026-07-10 00:11:08] [INFO] === Backup Center iniciado ===
[2026-07-10 00:11:08] [INFO] Subiendo: ERP_TEST.zip
[2026-07-10 00:11:08] [INFO] Subiendo: ERP_TEST_01.zip
[2026-07-10 00:11:08] [INFO] Subiendo: ERP_TEST_02.zip
[2026-07-10 00:11:08] [INFO] Subiendo: ERP_TEST_03.zip
[2026-07-10 00:11:08] [INFO] Subiendo: ERP_TEST_04.bak
[2026-07-10 00:11:08] [INFO] Subiendo: ERP_TEST_05.7z
[2026-07-10 00:11:08] [INFO] Subiendo: ERP_TEST_06.zip
[2026-07-10 00:11:08] [INFO] Subiendo: ERP_TEST_07.zip
[2026-07-10 00:11:08] [INFO] Subiendo: ERP_TEST_08.zip
[2026-07-10 00:11:08] [INFO] Subiendo: ERP_TEST_09.bak
[2026-07-10 00:11:08] [INFO] Subiendo: ERP_TEST_10.7z
[2026-07-10 00:11:08] [INFO] Subiendo: ERP_TEST_11.zip
[2026-07-10 00:11:08] [INFO] Subiendo: ERP_TEST_13.zip
[2026-07-10 00:11:08] [INFO] Subiendo: ERP_TEST_14.zip
[2026-07-10 00:11:08] [INFO] Subiendo: ERP_TEST_15.zip
[2026-07-10 00:11:08] [INFO] Subiendo: ERP_TEST_16.zip
[2026-07-10 00:11:08] [INFO] Subiendo: ERP_TEST_17.zip
[2026-07-10 00:11:08] [INFO] Subiendo: ERP_TEST_18.zip
[2026-07-10 00:11:08] [INFO] Subiendo: ERP_TEST_19.zip
[2026-07-10 00:11:08] [INFO] Subiendo: ERP_TEST_20.zip
[2026-07-10 00:11:08] [INFO] Subiendo: ERP_TEST_21.zip
[2026-07-10 00:11:08] [SUCCESS] Proceso finalizado.
[2026-07-10 00:11:18] [INFO] Ejecutando trabajo: ERP SQL
[2026-07-10 00:11:18] [INFO] === Backup Center iniciado ===
[2026-07-10 00:11:18] [INFO] Subiendo: ERP_TEST.zip
[2026-07-10 00:11:18] [INFO] Subiendo: ERP_TEST_01.zip
[2026-07-10 00:11:18] [INFO] Subiendo: ERP_TEST_02.zip
[2026-07-10 00:11:18] [INFO] Subiendo: ERP_TEST_03.zip
[2026-07-10 00:11:18] [INFO] Subiendo: ERP_TEST_04.bak
[2026-07-10 00:11:18] [INFO] Subiendo: ERP_TEST_05.7z
[2026-07-10 00:11:18] [INFO] Subiendo: ERP_TEST_06.zip
[2026-07-10 00:11:18] [INFO] Subiendo: ERP_TEST_07.zip
[2026-07-10 00:11:18] [INFO] Subiendo: ERP_TEST_08.zip
[2026-07-10 00:11:18] [INFO] Subiendo: ERP_TEST_09.bak
[2026-07-10 00:11:18] [INFO] Subiendo: ERP_TEST_10.7z
[2026-07-10 00:11:18] [INFO] Subiendo: ERP_TEST_11.zip
[2026-07-10 00:11:18] [INFO] Subiendo: ERP_TEST_13.zip
[2026-07-10 00:11:18] [INFO] Subiendo: ERP_TEST_14.zip
[2026-07-10 00:11:18] [INFO] Subiendo: ERP_TEST_15.zip
[2026-07-10 00:11:18] [INFO] Subiendo: ERP_TEST_16.zip
[2026-07-10 00:11:18] [INFO] Subiendo: ERP_TEST_17.zip
[2026-07-10 00:11:18] [INFO] Subiendo: ERP_TEST_18.zip
[2026-07-10 00:11:18] [INFO] Subiendo: ERP_TEST_19.zip
[2026-07-10 00:11:18] [INFO] Subiendo: ERP_TEST_20.zip
[2026-07-10 00:11:18] [INFO] Subiendo: ERP_TEST_21.zip
[2026-07-10 00:11:18] [SUCCESS] Proceso finalizado.
[2026-07-10 00:11:28] [INFO] Ejecutando trabajo: ERP SQL
[2026-07-10 00:11:28] [INFO] === Backup Center iniciado ===
[2026-07-10 00:11:28] [INFO] Subiendo: ERP_TEST.zip
[2026-07-10 00:11:28] [INFO] Subiendo: ERP_TEST_01.zip
[2026-07-10 00:11:28] [INFO] Subiendo: ERP_TEST_02.zip
[2026-07-10 00:11:28] [INFO] Subiendo: ERP_TEST_03.zip
[2026-07-10 00:11:28] [INFO] Subiendo: ERP_TEST_04.bak
[2026-07-10 00:11:28] [INFO] Subiendo: ERP_TEST_05.7z
[2026-07-10 00:11:28] [INFO] Subiendo: ERP_TEST_06.zip
[2026-07-10 00:11:28] [INFO] Subiendo: ERP_TEST_07.zip
[2026-07-10 00:11:28] [INFO] Subiendo: ERP_TEST_08.zip
[2026-07-10 00:11:28] [INFO] Subiendo: ERP_TEST_09.bak
[2026-07-10 00:11:28] [INFO] Subiendo: ERP_TEST_10.7z
[2026-07-10 00:11:28] [INFO] Subiendo: ERP_TEST_11.zip
[2026-07-10 00:11:28] [INFO] Subiendo: ERP_TEST_13.zip
[2026-07-10 00:11:28] [INFO] Subiendo: ERP_TEST_14.zip
[2026-07-10 00:11:28] [INFO] Subiendo: ERP_TEST_15.zip
[2026-07-10 00:11:28] [INFO] Subiendo: ERP_TEST_16.zip
[2026-07-10 00:11:28] [INFO] Subiendo: ERP_TEST_17.zip
[2026-07-10 00:11:28] [INFO] Subiendo: ERP_TEST_18.zip
[2026-07-10 00:11:28] [INFO] Subiendo: ERP_TEST_19.zip
[2026-07-10 00:11:28] [INFO] Subiendo: ERP_TEST_20.zip
[2026-07-10 00:11:28] [INFO] Subiendo: ERP_TEST_21.zip
[2026-07-10 00:11:28] [SUCCESS] Proceso finalizado.
[2026-07-10 00:11:38] [INFO] Ejecutando trabajo: ERP SQL
[2026-07-10 00:11:38] [INFO] === Backup Center iniciado ===
[2026-07-10 00:11:38] [INFO] Subiendo: ERP_TEST.zip
[2026-07-10 00:11:38] [INFO] Subiendo: ERP_TEST_01.zip
[2026-07-10 00:11:38] [INFO] Subiendo: ERP_TEST_02.zip
[2026-07-10 00:11:38] [INFO] Subiendo: ERP_TEST_03.zip
[2026-07-10 00:11:38] [INFO] Subiendo: ERP_TEST_04.bak
[2026-07-10 00:11:38] [INFO] Subiendo: ERP_TEST_05.7z
[2026-07-10 00:11:38] [INFO] Subiendo: ERP_TEST_06.zip
[2026-07-10 00:11:38] [INFO] Subiendo: ERP_TEST_07.zip
[2026-07-10 00:11:38] [INFO] Subiendo: ERP_TEST_08.zip
[2026-07-10 00:11:38] [INFO] Subiendo: ERP_TEST_09.bak
[2026-07-10 00:11:38] [INFO] Subiendo: ERP_TEST_10.7z
[2026-07-10 00:11:38] [INFO] Subiendo: ERP_TEST_11.zip
[2026-07-10 00:11:38] [INFO] Subiendo: ERP_TEST_13.zip
[2026-07-10 00:11:38] [INFO] Subiendo: ERP_TEST_14.zip
[2026-07-10 00:11:38] [INFO] Subiendo: ERP_TEST_15.zip
[2026-07-10 00:11:38] [INFO] Subiendo: ERP_TEST_16.zip
[2026-07-10 00:11:38] [INFO] Subiendo: ERP_TEST_17.zip
[2026-07-10 00:11:38] [INFO] Subiendo: ERP_TEST_18.zip
[2026-07-10 00:11:38] [INFO] Subiendo: ERP_TEST_19.zip
[2026-07-10 00:11:38] [INFO] Subiendo: ERP_TEST_20.zip
[2026-07-10 00:11:38] [INFO] Subiendo: ERP_TEST_21.zip
[2026-07-10 00:11:38] [SUCCESS] Proceso finalizado.
[2026-07-10 00:11:48] [INFO] Ejecutando trabajo: ERP SQL
[2026-07-10 00:11:48] [INFO] === Backup Center iniciado ===
[2026-07-10 00:11:48] [INFO] Subiendo: ERP_TEST.zip
[2026-07-10 00:11:48] [INFO] Subiendo: ERP_TEST_01.zip
[2026-07-10 00:11:48] [INFO] Subiendo: ERP_TEST_02.zip
[2026-07-10 00:11:48] [INFO] Subiendo: ERP_TEST_03.zip
[2026-07-10 00:11:48] [INFO] Subiendo: ERP_TEST_04.bak
[2026-07-10 00:11:48] [INFO] Subiendo: ERP_TEST_05.7z
[2026-07-10 00:11:48] [INFO] Subiendo: ERP_TEST_06.zip
[2026-07-10 00:11:48] [INFO] Subiendo: ERP_TEST_07.zip
[2026-07-10 00:11:48] [INFO] Subiendo: ERP_TEST_08.zip
[2026-07-10 00:11:48] [INFO] Subiendo: ERP_TEST_09.bak
[2026-07-10 00:11:48] [INFO] Subiendo: ERP_TEST_10.7z
[2026-07-10 00:11:48] [INFO] Subiendo: ERP_TEST_11.zip
[2026-07-10 00:11:48] [INFO] Subiendo: ERP_TEST_13.zip
[2026-07-10 00:11:48] [INFO] Subiendo: ERP_TEST_14.zip
[2026-07-10 00:11:48] [INFO] Subiendo: ERP_TEST_15.zip
[2026-07-10 00:11:48] [INFO] Subiendo: ERP_TEST_16.zip
[2026-07-10 00:11:48] [INFO] Subiendo: ERP_TEST_17.zip
[2026-07-10 00:11:48] [INFO] Subiendo: ERP_TEST_18.zip
[2026-07-10 00:11:48] [INFO] Subiendo: ERP_TEST_19.zip
[2026-07-10 00:11:48] [INFO] Subiendo: ERP_TEST_20.zip
[2026-07-10 00:11:48] [INFO] Subiendo: ERP_TEST_21.zip
[2026-07-10 00:11:48] [SUCCESS] Proceso finalizado.
[2026-07-10 00:11:58] [INFO] Ejecutando trabajo: ERP SQL
[2026-07-10 00:11:58] [INFO] === Backup Center iniciado ===
[2026-07-10 00:11:58] [INFO] Subiendo: ERP_TEST.zip
[2026-07-10 00:11:58] [INFO] Subiendo: ERP_TEST_01.zip
[2026-07-10 00:11:58] [INFO] Subiendo: ERP_TEST_02.zip
[2026-07-10 00:11:58] [INFO] Subiendo: ERP_TEST_03.zip
[2026-07-10 00:11:58] [INFO] Subiendo: ERP_TEST_04.bak
[2026-07-10 00:11:58] [INFO] Subiendo: ERP_TEST_05.7z
[2026-07-10 00:11:58] [INFO] Subiendo: ERP_TEST_06.zip
[2026-07-10 00:11:58] [INFO] Subiendo: ERP_TEST_07.zip
[2026-07-10 00:11:58] [INFO] Subiendo: ERP_TEST_08.zip
[2026-07-10 00:11:58] [INFO] Subiendo: ERP_TEST_09.bak
[2026-07-10 00:11:58] [INFO] Subiendo: ERP_TEST_10.7z
[2026-07-10 00:11:58] [INFO] Subiendo: ERP_TEST_11.zip
[2026-07-10 00:11:58] [INFO] Subiendo: ERP_TEST_13.zip
[2026-07-10 00:11:58] [INFO] Subiendo: ERP_TEST_14.zip
[2026-07-10 00:11:58] [INFO] Subiendo: ERP_TEST_15.zip
[2026-07-10 00:11:58] [INFO] Subiendo: ERP_TEST_16.zip
[2026-07-10 00:11:58] [INFO] Subiendo: ERP_TEST_17.zip
[2026-07-10 00:11:58] [INFO] Subiendo: ERP_TEST_18.zip
[2026-07-10 00:11:58] [INFO] Subiendo: ERP_TEST_19.zip
[2026-07-10 00:11:58] [INFO] Subiendo: ERP_TEST_20.zip
[2026-07-10 00:11:58] [INFO] Subiendo: ERP_TEST_21.zip
[2026-07-10 00:11:58] [SUCCESS] Proceso finalizado.
[2026-07-10 00:12:08] [INFO] Ejecutando trabajo: ERP SQL
[2026-07-10 00:12:08] [INFO] === Backup Center iniciado ===
[2026-07-10 00:12:08] [INFO] Subiendo: ERP_TEST.zip
[2026-07-10 00:12:08] [INFO] Subiendo: ERP_TEST_01.zip
[2026-07-10 00:12:08] [INFO] Subiendo: ERP_TEST_02.zip
[2026-07-10 00:12:08] [INFO] Subiendo: ERP_TEST_03.zip
[2026-07-10 00:12:08] [INFO] Subiendo: ERP_TEST_04.bak
[2026-07-10 00:12:08] [INFO] Subiendo: ERP_TEST_05.7z
[2026-07-10 00:12:08] [INFO] Subiendo: ERP_TEST_06.zip
[2026-07-10 00:12:08] [INFO] Subiendo: ERP_TEST_07.zip
[2026-07-10 00:12:08] [INFO] Subiendo: ERP_TEST_08.zip
[2026-07-10 00:12:08] [INFO] Subiendo: ERP_TEST_09.bak
[2026-07-10 00:12:08] [INFO] Subiendo: ERP_TEST_10.7z
[2026-07-10 00:12:08] [INFO] Subiendo: ERP_TEST_11.zip
[2026-07-10 00:12:08] [INFO] Subiendo: ERP_TEST_13.zip
[2026-07-10 00:12:08] [INFO] Subiendo: ERP_TEST_14.zip
[2026-07-10 00:12:08] [INFO] Subiendo: ERP_TEST_15.zip
[2026-07-10 00:12:08] [INFO] Subiendo: ERP_TEST_16.zip
[2026-07-10 00:12:08] [INFO] Subiendo: ERP_TEST_17.zip
[2026-07-10 00:12:08] [INFO] Subiendo: ERP_TEST_18.zip
[2026-07-10 00:12:08] [INFO] Subiendo: ERP_TEST_19.zip
[2026-07-10 00:12:08] [INFO] Subiendo: ERP_TEST_20.zip
[2026-07-10 00:12:08] [INFO] Subiendo: ERP_TEST_21.zip
[2026-07-10 00:12:08] [SUCCESS] Proceso finalizado.
[2026-07-10 00:12:18] [INFO] Ejecutando trabajo: ERP SQL
[2026-07-10 00:12:18] [INFO] === Backup Center iniciado ===
[2026-07-10 00:12:18] [INFO] Subiendo: ERP_TEST.zip
[2026-07-10 00:12:18] [INFO] Subiendo: ERP_TEST_01.zip
[2026-07-10 00:12:18] [INFO] Subiendo: ERP_TEST_02.zip
[2026-07-10 00:12:18] [INFO] Subiendo: ERP_TEST_03.zip
[2026-07-10 00:12:18] [INFO] Subiendo: ERP_TEST_04.bak
[2026-07-10 00:12:18] [INFO] Subiendo: ERP_TEST_05.7z
[2026-07-10 00:12:18] [INFO] Subiendo: ERP_TEST_06.zip
[2026-07-10 00:12:18] [INFO] Subiendo: ERP_TEST_07.zip
[2026-07-10 00:12:18] [INFO] Subiendo: ERP_TEST_08.zip
[2026-07-10 00:12:18] [INFO] Subiendo: ERP_TEST_09.bak
[2026-07-10 00:12:18] [INFO] Subiendo: ERP_TEST_10.7z
[2026-07-10 00:12:18] [INFO] Subiendo: ERP_TEST_11.zip
[2026-07-10 00:12:18] [INFO] Subiendo: ERP_TEST_13.zip
[2026-07-10 00:12:18] [INFO] Subiendo: ERP_TEST_14.zip
[2026-07-10 00:12:18] [INFO] Subiendo: ERP_TEST_15.zip
[2026-07-10 00:12:18] [INFO] Subiendo: ERP_TEST_16.zip
[2026-07-10 00:12:18] [INFO] Subiendo: ERP_TEST_17.zip
[2026-07-10 00:12:18] [INFO] Subiendo: ERP_TEST_18.zip
[2026-07-10 00:12:18] [INFO] Subiendo: ERP_TEST_19.zip
[2026-07-10 00:12:18] [INFO] Subiendo: ERP_TEST_20.zip
[2026-07-10 00:12:18] [INFO] Subiendo: ERP_TEST_21.zip
[2026-07-10 00:12:18] [SUCCESS] Proceso finalizado.
[2026-07-10 00:12:28] [INFO] Ejecutando trabajo: ERP SQL
[2026-07-10 00:12:28] [INFO] === Backup Center iniciado ===
[2026-07-10 00:12:28] [INFO] Subiendo: ERP_TEST.zip
[2026-07-10 00:12:28] [INFO] Subiendo: ERP_TEST_01.zip
[2026-07-10 00:12:28] [INFO] Subiendo: ERP_TEST_02.zip
[2026-07-10 00:12:28] [INFO] Subiendo: ERP_TEST_03.zip
[2026-07-10 00:12:28] [INFO] Subiendo: ERP_TEST_04.bak
[2026-07-10 00:12:28] [INFO] Subiendo: ERP_TEST_05.7z
[2026-07-10 00:12:28] [INFO] Subiendo: ERP_TEST_06.zip
[2026-07-10 00:12:28] [INFO] Subiendo: ERP_TEST_07.zip
[2026-07-10 00:12:28] [INFO] Subiendo: ERP_TEST_08.zip
[2026-07-10 00:12:28] [INFO] Subiendo: ERP_TEST_09.bak
[2026-07-10 00:12:28] [INFO] Subiendo: ERP_TEST_10.7z
[2026-07-10 00:12:28] [INFO] Subiendo: ERP_TEST_11.zip
[2026-07-10 00:12:28] [INFO] Subiendo: ERP_TEST_13.zip
[2026-07-10 00:12:28] [INFO] Subiendo: ERP_TEST_14.zip
[2026-07-10 00:12:28] [INFO] Subiendo: ERP_TEST_15.zip
[2026-07-10 00:12:28] [INFO] Subiendo: ERP_TEST_16.zip
[2026-07-10 00:12:28] [INFO] Subiendo: ERP_TEST_17.zip
[2026-07-10 00:12:28] [INFO] Subiendo: ERP_TEST_18.zip
[2026-07-10 00:12:28] [INFO] Subiendo: ERP_TEST_19.zip
[2026-07-10 00:12:28] [INFO] Subiendo: ERP_TEST_20.zip
[2026-07-10 00:12:28] [INFO] Subiendo: ERP_TEST_21.zip
[2026-07-10 00:12:28] [SUCCESS] Proceso finalizado.
[2026-07-10 00:12:39] [INFO] Ejecutando trabajo: ERP SQL
[2026-07-10 00:12:39] [INFO] === Backup Center iniciado ===
[2026-07-10 00:12:39] [INFO] Subiendo: ERP_TEST.zip
[2026-07-10 00:12:39] [INFO] Subiendo: ERP_TEST_01.zip
[2026-07-10 00:12:39] [INFO] Subiendo: ERP_TEST_02.zip
[2026-07-10 00:12:39] [INFO] Subiendo: ERP_TEST_03.zip
[2026-07-10 00:12:39] [INFO] Subiendo: ERP_TEST_04.bak
[2026-07-10 00:12:39] [INFO] Subiendo: ERP_TEST_05.7z
[2026-07-10 00:12:39] [INFO] Subiendo: ERP_TEST_06.zip
[2026-07-10 00:12:39] [INFO] Subiendo: ERP_TEST_07.zip
[2026-07-10 00:12:39] [INFO] Subiendo: ERP_TEST_08.zip
[2026-07-10 00:12:39] [INFO] Subiendo: ERP_TEST_09.bak
[2026-07-10 00:12:39] [INFO] Subiendo: ERP_TEST_10.7z
[2026-07-10 00:12:39] [INFO] Subiendo: ERP_TEST_11.zip
[2026-07-10 00:12:39] [INFO] Subiendo: ERP_TEST_13.zip
[2026-07-10 00:12:39] [INFO] Subiendo: ERP_TEST_14.zip
[2026-07-10 00:12:39] [INFO] Subiendo: ERP_TEST_15.zip
[2026-07-10 00:12:39] [INFO] Subiendo: ERP_TEST_16.zip
[2026-07-10 00:12:39] [INFO] Subiendo: ERP_TEST_17.zip
[2026-07-10 00:12:39] [INFO] Subiendo: ERP_TEST_18.zip
[2026-07-10 00:12:39] [INFO] Subiendo: ERP_TEST_19.zip
[2026-07-10 00:12:39] [INFO] Subiendo: ERP_TEST_20.zip
[2026-07-10 00:12:39] [INFO] Subiendo: ERP_TEST_21.zip
[2026-07-10 00:12:39] [SUCCESS] Proceso finalizado.
[2026-07-10 00:12:49] [INFO] Ejecutando trabajo: ERP SQL
[2026-07-10 00:12:49] [INFO] === Backup Center iniciado ===
[2026-07-10 00:12:49] [INFO] Subiendo: ERP_TEST.zip
[2026-07-10 00:12:49] [INFO] Subiendo: ERP_TEST_01.zip
[2026-07-10 00:12:49] [INFO] Subiendo: ERP_TEST_02.zip
[2026-07-10 00:12:49] [INFO] Subiendo: ERP_TEST_03.zip
[2026-07-10 00:12:49] [INFO] Subiendo: ERP_TEST_04.bak
[2026-07-10 00:12:49] [INFO] Subiendo: ERP_TEST_05.7z
[2026-07-10 00:12:49] [INFO] Subiendo: ERP_TEST_06.zip
[2026-07-10 00:12:49] [INFO] Subiendo: ERP_TEST_07.zip
[2026-07-10 00:12:49] [INFO] Subiendo: ERP_TEST_08.zip
[2026-07-10 00:12:49] [INFO] Subiendo: ERP_TEST_09.bak
[2026-07-10 00:12:49] [INFO] Subiendo: ERP_TEST_10.7z
[2026-07-10 00:12:49] [INFO] Subiendo: ERP_TEST_11.zip
[2026-07-10 00:12:49] [INFO] Subiendo: ERP_TEST_13.zip
[2026-07-10 00:12:49] [INFO] Subiendo: ERP_TEST_14.zip
[2026-07-10 00:12:49] [INFO] Subiendo: ERP_TEST_15.zip
[2026-07-10 00:12:49] [INFO] Subiendo: ERP_TEST_16.zip
[2026-07-10 00:12:49] [INFO] Subiendo: ERP_TEST_17.zip
[2026-07-10 00:12:49] [INFO] Subiendo: ERP_TEST_18.zip
[2026-07-10 00:12:49] [INFO] Subiendo: ERP_TEST_19.zip
[2026-07-10 00:12:49] [INFO] Subiendo: ERP_TEST_20.zip
[2026-07-10 00:12:49] [INFO] Subiendo: ERP_TEST_21.zip
[2026-07-10 00:12:49] [SUCCESS] Proceso finalizado.
[2026-07-10 00:12:59] [INFO] Ejecutando trabajo: ERP SQL
[2026-07-10 00:12:59] [INFO] === Backup Center iniciado ===
[2026-07-10 00:12:59] [INFO] Subiendo: ERP_TEST.zip
[2026-07-10 00:12:59] [INFO] Subiendo: ERP_TEST_01.zip
[2026-07-10 00:12:59] [INFO] Subiendo: ERP_TEST_02.zip
[2026-07-10 00:12:59] [INFO] Subiendo: ERP_TEST_03.zip
[2026-07-10 00:12:59] [INFO] Subiendo: ERP_TEST_04.bak
[2026-07-10 00:12:59] [INFO] Subiendo: ERP_TEST_05.7z
[2026-07-10 00:12:59] [INFO] Subiendo: ERP_TEST_06.zip
[2026-07-10 00:12:59] [INFO] Subiendo: ERP_TEST_07.zip
[2026-07-10 00:12:59] [INFO] Subiendo: ERP_TEST_08.zip
[2026-07-10 00:12:59] [INFO] Subiendo: ERP_TEST_09.bak
[2026-07-10 00:12:59] [INFO] Subiendo: ERP_TEST_10.7z
[2026-07-10 00:12:59] [INFO] Subiendo: ERP_TEST_11.zip
[2026-07-10 00:12:59] [INFO] Subiendo: ERP_TEST_13.zip
[2026-07-10 00:12:59] [INFO] Subiendo: ERP_TEST_14.zip
[2026-07-10 00:12:59] [INFO] Subiendo: ERP_TEST_15.zip
[2026-07-10 00:12:59] [INFO] Subiendo: ERP_TEST_16.zip
[2026-07-10 00:12:59] [INFO] Subiendo: ERP_TEST_17.zip
[2026-07-10 00:12:59] [INFO] Subiendo: ERP_TEST_18.zip
[2026-07-10 00:12:59] [INFO] Subiendo: ERP_TEST_19.zip
[2026-07-10 00:12:59] [INFO] Subiendo: ERP_TEST_20.zip
[2026-07-10 00:12:59] [INFO] Subiendo: ERP_TEST_21.zip
[2026-07-10 00:12:59] [SUCCESS] Proceso finalizado.
[2026-07-10 00:13:09] [INFO] Ejecutando trabajo: ERP SQL
[2026-07-10 00:13:09] [INFO] === Backup Center iniciado ===
[2026-07-10 00:13:09] [INFO] Subiendo: ERP_TEST.zip
[2026-07-10 00:13:09] [INFO] Subiendo: ERP_TEST_01.zip
[2026-07-10 00:13:09] [INFO] Subiendo: ERP_TEST_02.zip
[2026-07-10 00:13:09] [INFO] Subiendo: ERP_TEST_03.zip
[2026-07-10 00:13:09] [INFO] Subiendo: ERP_TEST_04.bak
[2026-07-10 00:13:09] [INFO] Subiendo: ERP_TEST_05.7z
[2026-07-10 00:13:09] [INFO] Subiendo: ERP_TEST_06.zip
[2026-07-10 00:13:09] [INFO] Subiendo: ERP_TEST_07.zip
[2026-07-10 00:13:09] [INFO] Subiendo: ERP_TEST_08.zip
[2026-07-10 00:13:09] [INFO] Subiendo: ERP_TEST_09.bak
[2026-07-10 00:13:09] [INFO] Subiendo: ERP_TEST_10.7z
[2026-07-10 00:13:09] [INFO] Subiendo: ERP_TEST_11.zip
[2026-07-10 00:13:09] [INFO] Subiendo: ERP_TEST_13.zip
[2026-07-10 00:13:09] [INFO] Subiendo: ERP_TEST_14.zip
[2026-07-10 00:13:09] [INFO] Subiendo: ERP_TEST_15.zip
[2026-07-10 00:13:09] [INFO] Subiendo: ERP_TEST_16.zip
[2026-07-10 00:13:09] [INFO] Subiendo: ERP_TEST_17.zip
[2026-07-10 00:13:09] [INFO] Subiendo: ERP_TEST_18.zip
[2026-07-10 00:13:09] [INFO] Subiendo: ERP_TEST_19.zip
[2026-07-10 00:13:09] [INFO] Subiendo: ERP_TEST_20.zip
[2026-07-10 00:13:09] [INFO] Subiendo: ERP_TEST_21.zip
[2026-07-10 00:13:09] [SUCCESS] Proceso finalizado.
[2026-07-10 00:13:19] [INFO] Ejecutando trabajo: ERP SQL
[2026-07-10 00:13:19] [INFO] === Backup Center iniciado ===
[2026-07-10 00:13:19] [INFO] Subiendo: ERP_TEST.zip
[2026-07-10 00:13:19] [INFO] Subiendo: ERP_TEST_01.zip
[2026-07-10 00:13:19] [INFO] Subiendo: ERP_TEST_02.zip
[2026-07-10 00:13:19] [INFO] Subiendo: ERP_TEST_03.zip
[2026-07-10 00:13:19] [INFO] Subiendo: ERP_TEST_04.bak
[2026-07-10 00:13:19] [INFO] Subiendo: ERP_TEST_05.7z
[2026-07-10 00:13:19] [INFO] Subiendo: ERP_TEST_06.zip
[2026-07-10 00:13:19] [INFO] Subiendo: ERP_TEST_07.zip
[2026-07-10 00:13:19] [INFO] Subiendo: ERP_TEST_08.zip
[2026-07-10 00:13:19] [INFO] Subiendo: ERP_TEST_09.bak
[2026-07-10 00:13:19] [INFO] Subiendo: ERP_TEST_10.7z
[2026-07-10 00:13:19] [INFO] Subiendo: ERP_TEST_11.zip
[2026-07-10 00:13:19] [INFO] Subiendo: ERP_TEST_13.zip
[2026-07-10 00:13:19] [INFO] Subiendo: ERP_TEST_14.zip
[2026-07-10 00:13:19] [INFO] Subiendo: ERP_TEST_15.zip
[2026-07-10 00:13:19] [INFO] Subiendo: ERP_TEST_16.zip
[2026-07-10 00:13:19] [INFO] Subiendo: ERP_TEST_17.zip
[2026-07-10 00:13:19] [INFO] Subiendo: ERP_TEST_18.zip
[2026-07-10 00:13:19] [INFO] Subiendo: ERP_TEST_19.zip
[2026-07-10 00:13:19] [INFO] Subiendo: ERP_TEST_20.zip
[2026-07-10 00:13:19] [INFO] Subiendo: ERP_TEST_21.zip
[2026-07-10 00:13:19] [SUCCESS] Proceso finalizado.
[2026-07-10 00:13:29] [INFO] Ejecutando trabajo: ERP SQL
[2026-07-10 00:13:29] [INFO] === Backup Center iniciado ===
[2026-07-10 00:13:29] [INFO] Subiendo: ERP_TEST.zip
[2026-07-10 00:13:29] [INFO] Subiendo: ERP_TEST_01.zip
[2026-07-10 00:13:29] [INFO] Subiendo: ERP_TEST_02.zip
[2026-07-10 00:13:29] [INFO] Subiendo: ERP_TEST_03.zip
[2026-07-10 00:13:29] [INFO] Subiendo: ERP_TEST_04.bak
[2026-07-10 00:13:29] [INFO] Subiendo: ERP_TEST_05.7z
[2026-07-10 00:13:29] [INFO] Subiendo: ERP_TEST_06.zip
[2026-07-10 00:13:29] [INFO] Subiendo: ERP_TEST_07.zip
[2026-07-10 00:13:29] [INFO] Subiendo: ERP_TEST_08.zip
[2026-07-10 00:13:29] [INFO] Subiendo: ERP_TEST_09.bak
[2026-07-10 00:13:29] [INFO] Subiendo: ERP_TEST_10.7z
[2026-07-10 00:13:29] [INFO] Subiendo: ERP_TEST_11.zip
[2026-07-10 00:13:29] [INFO] Subiendo: ERP_TEST_13.zip
[2026-07-10 00:13:29] [INFO] Subiendo: ERP_TEST_14.zip
[2026-07-10 00:13:29] [INFO] Subiendo: ERP_TEST_15.zip
[2026-07-10 00:13:29] [INFO] Subiendo: ERP_TEST_16.zip
[2026-07-10 00:13:29] [INFO] Subiendo: ERP_TEST_17.zip
[2026-07-10 00:13:29] [INFO] Subiendo: ERP_TEST_18.zip
[2026-07-10 00:13:29] [INFO] Subiendo: ERP_TEST_19.zip
[2026-07-10 00:13:29] [INFO] Subiendo: ERP_TEST_20.zip
[2026-07-10 00:13:29] [INFO] Subiendo: ERP_TEST_21.zip
[2026-07-10 00:13:29] [SUCCESS] Proceso finalizado.
[2026-07-10 00:13:39] [INFO] Ejecutando trabajo: ERP SQL
[2026-07-10 00:13:39] [INFO] === Backup Center iniciado ===
[2026-07-10 00:13:39] [INFO] Subiendo: ERP_TEST.zip
[2026-07-10 00:13:39] [INFO] Subiendo: ERP_TEST_01.zip
[2026-07-10 00:13:39] [INFO] Subiendo: ERP_TEST_02.zip
[2026-07-10 00:13:39] [INFO] Subiendo: ERP_TEST_03.zip
[2026-07-10 00:13:39] [INFO] Subiendo: ERP_TEST_04.bak
[2026-07-10 00:13:39] [INFO] Subiendo: ERP_TEST_05.7z
[2026-07-10 00:13:39] [INFO] Subiendo: ERP_TEST_06.zip
[2026-07-10 00:13:39] [INFO] Subiendo: ERP_TEST_07.zip
[2026-07-10 00:13:39] [INFO] Subiendo: ERP_TEST_08.zip
[2026-07-10 00:13:39] [INFO] Subiendo: ERP_TEST_09.bak
[2026-07-10 00:13:39] [INFO] Subiendo: ERP_TEST_10.7z
[2026-07-10 00:13:39] [INFO] Subiendo: ERP_TEST_11.zip
[2026-07-10 00:13:39] [INFO] Subiendo: ERP_TEST_13.zip
[2026-07-10 00:13:39] [INFO] Subiendo: ERP_TEST_14.zip
[2026-07-10 00:13:39] [INFO] Subiendo: ERP_TEST_15.zip
[2026-07-10 00:13:39] [INFO] Subiendo: ERP_TEST_16.zip
[2026-07-10 00:13:39] [INFO] Subiendo: ERP_TEST_17.zip
[2026-07-10 00:13:39] [INFO] Subiendo: ERP_TEST_18.zip
[2026-07-10 00:13:39] [INFO] Subiendo: ERP_TEST_19.zip
[2026-07-10 00:13:39] [INFO] Subiendo: ERP_TEST_20.zip
[2026-07-10 00:13:39] [INFO] Subiendo: ERP_TEST_21.zip
[2026-07-10 00:13:39] [SUCCESS] Proceso finalizado.
[2026-07-10 00:13:49] [INFO] Ejecutando trabajo: ERP SQL
[2026-07-10 00:13:49] [INFO] === Backup Center iniciado ===
[2026-07-10 00:13:49] [INFO] Subiendo: ERP_TEST.zip
[2026-07-10 00:13:49] [INFO] Subiendo: ERP_TEST_01.zip
[2026-07-10 00:13:49] [INFO] Subiendo: ERP_TEST_02.zip
[2026-07-10 00:13:49] [INFO] Subiendo: ERP_TEST_03.zip
[2026-07-10 00:13:49] [INFO] Subiendo: ERP_TEST_04.bak
[2026-07-10 00:13:49] [INFO] Subiendo: ERP_TEST_05.7z
[2026-07-10 00:13:49] [INFO] Subiendo: ERP_TEST_06.zip
[2026-07-10 00:13:49] [INFO] Subiendo: ERP_TEST_07.zip
[2026-07-10 00:13:49] [INFO] Subiendo: ERP_TEST_08.zip
[2026-07-10 00:13:49] [INFO] Subiendo: ERP_TEST_09.bak
[2026-07-10 00:13:49] [INFO] Subiendo: ERP_TEST_10.7z
[2026-07-10 00:13:49] [INFO] Subiendo: ERP_TEST_11.zip
[2026-07-10 00:13:49] [INFO] Subiendo: ERP_TEST_13.zip
[2026-07-10 00:13:49] [INFO] Subiendo: ERP_TEST_14.zip
[2026-07-10 00:13:49] [INFO] Subiendo: ERP_TEST_15.zip
[2026-07-10 00:13:49] [INFO] Subiendo: ERP_TEST_16.zip
[2026-07-10 00:13:49] [INFO] Subiendo: ERP_TEST_17.zip
[2026-07-10 00:13:49] [INFO] Subiendo: ERP_TEST_18.zip
[2026-07-10 00:13:49] [INFO] Subiendo: ERP_TEST_19.zip
[2026-07-10 00:13:49] [INFO] Subiendo: ERP_TEST_20.zip
[2026-07-10 00:13:49] [INFO] Subiendo: ERP_TEST_21.zip
[2026-07-10 00:13:49] [SUCCESS] Proceso finalizado.
[2026-07-10 00:13:59] [INFO] Ejecutando trabajo: ERP SQL
[2026-07-10 00:13:59] [INFO] === Backup Center iniciado ===
[2026-07-10 00:13:59] [INFO] Subiendo: ERP_TEST.zip
[2026-07-10 00:13:59] [INFO] Subiendo: ERP_TEST_01.zip
[2026-07-10 00:13:59] [INFO] Subiendo: ERP_TEST_02.zip
[2026-07-10 00:13:59] [INFO] Subiendo: ERP_TEST_03.zip
[2026-07-10 00:13:59] [INFO] Subiendo: ERP_TEST_04.bak
[2026-07-10 00:13:59] [INFO] Subiendo: ERP_TEST_05.7z
[2026-07-10 00:13:59] [INFO] Subiendo: ERP_TEST_06.zip
[2026-07-10 00:13:59] [INFO] Subiendo: ERP_TEST_07.zip
[2026-07-10 00:13:59] [INFO] Subiendo: ERP_TEST_08.zip
[2026-07-10 00:13:59] [INFO] Subiendo: ERP_TEST_09.bak
[2026-07-10 00:13:59] [INFO] Subiendo: ERP_TEST_10.7z
[2026-07-10 00:13:59] [INFO] Subiendo: ERP_TEST_11.zip
[2026-07-10 00:13:59] [INFO] Subiendo: ERP_TEST_13.zip
[2026-07-10 00:13:59] [INFO] Subiendo: ERP_TEST_14.zip
[2026-07-10 00:13:59] [INFO] Subiendo: ERP_TEST_15.zip
[2026-07-10 00:13:59] [INFO] Subiendo: ERP_TEST_16.zip
[2026-07-10 00:13:59] [INFO] Subiendo: ERP_TEST_17.zip
[2026-07-10 00:13:59] [INFO] Subiendo: ERP_TEST_18.zip
[2026-07-10 00:13:59] [INFO] Subiendo: ERP_TEST_19.zip
[2026-07-10 00:13:59] [INFO] Subiendo: ERP_TEST_20.zip
[2026-07-10 00:13:59] [INFO] Subiendo: ERP_TEST_21.zip
[2026-07-10 00:13:59] [SUCCESS] Proceso finalizado.
[2026-07-10 00:14:09] [INFO] Ejecutando trabajo: ERP SQL
[2026-07-10 00:14:09] [INFO] === Backup Center iniciado ===
[2026-07-10 00:14:09] [INFO] Subiendo: ERP_TEST.zip
[2026-07-10 00:14:09] [INFO] Subiendo: ERP_TEST_01.zip
[2026-07-10 00:14:09] [INFO] Subiendo: ERP_TEST_02.zip
[2026-07-10 00:14:09] [INFO] Subiendo: ERP_TEST_03.zip
[2026-07-10 00:14:09] [INFO] Subiendo: ERP_TEST_04.bak
[2026-07-10 00:14:09] [INFO] Subiendo: ERP_TEST_05.7z
[2026-07-10 00:14:09] [INFO] Subiendo: ERP_TEST_06.zip
[2026-07-10 00:14:09] [INFO] Subiendo: ERP_TEST_07.zip
[2026-07-10 00:14:09] [INFO] Subiendo: ERP_TEST_08.zip
[2026-07-10 00:14:09] [INFO] Subiendo: ERP_TEST_09.bak
[2026-07-10 00:14:09] [INFO] Subiendo: ERP_TEST_10.7z
[2026-07-10 00:14:09] [INFO] Subiendo: ERP_TEST_11.zip
[2026-07-10 00:14:09] [INFO] Subiendo: ERP_TEST_13.zip
[2026-07-10 00:14:09] [INFO] Subiendo: ERP_TEST_14.zip
[2026-07-10 00:14:09] [INFO] Subiendo: ERP_TEST_15.zip
[2026-07-10 00:14:09] [INFO] Subiendo: ERP_TEST_16.zip
[2026-07-10 00:14:09] [INFO] Subiendo: ERP_TEST_17.zip
[2026-07-10 00:14:09] [INFO] Subiendo: ERP_TEST_18.zip
[2026-07-10 00:14:09] [INFO] Subiendo: ERP_TEST_19.zip
[2026-07-10 00:14:09] [INFO] Subiendo: ERP_TEST_20.zip
[2026-07-10 00:14:09] [INFO] Subiendo: ERP_TEST_21.zip
[2026-07-10 00:14:09] [SUCCESS] Proceso finalizado.
[2026-07-10 00:14:18] [INFO] Ejecutando trabajo: ERP SQL
[2026-07-10 00:14:18] [INFO] === Backup Center iniciado ===
[2026-07-10 00:14:18] [INFO] Subiendo: ERP_TEST.zip
[2026-07-10 00:14:18] [INFO] Subiendo: ERP_TEST_01.zip
[2026-07-10 00:14:18] [INFO] Subiendo: ERP_TEST_02.zip
[2026-07-10 00:14:18] [INFO] Subiendo: ERP_TEST_03.zip
[2026-07-10 00:14:18] [INFO] Subiendo: ERP_TEST_04.bak
[2026-07-10 00:14:18] [INFO] Subiendo: ERP_TEST_05.7z
[2026-07-10 00:14:18] [INFO] Subiendo: ERP_TEST_06.zip
[2026-07-10 00:14:18] [INFO] Subiendo: ERP_TEST_07.zip
[2026-07-10 00:14:18] [INFO] Subiendo: ERP_TEST_08.zip
[2026-07-10 00:14:18] [INFO] Subiendo: ERP_TEST_09.bak
[2026-07-10 00:14:18] [INFO] Subiendo: ERP_TEST_10.7z
[2026-07-10 00:14:18] [INFO] Subiendo: ERP_TEST_11.zip
[2026-07-10 00:14:18] [INFO] Subiendo: ERP_TEST_13.zip
[2026-07-10 00:14:18] [INFO] Subiendo: ERP_TEST_14.zip
[2026-07-10 00:14:18] [INFO] Subiendo: ERP_TEST_15.zip
[2026-07-10 00:14:18] [INFO] Subiendo: ERP_TEST_16.zip
[2026-07-10 00:14:18] [INFO] Subiendo: ERP_TEST_17.zip
[2026-07-10 00:14:18] [INFO] Subiendo: ERP_TEST_18.zip
[2026-07-10 00:14:18] [INFO] Subiendo: ERP_TEST_19.zip
[2026-07-10 00:14:18] [INFO] Subiendo: ERP_TEST_20.zip
[2026-07-10 00:14:18] [INFO] Subiendo: ERP_TEST_21.zip
[2026-07-10 00:14:18] [SUCCESS] Proceso finalizado.
[2026-07-10 00:14:28] [INFO] Ejecutando trabajo: ERP SQL
[2026-07-10 00:14:28] [INFO] === Backup Center iniciado ===
[2026-07-10 00:14:28] [INFO] Subiendo: ERP_TEST.zip
[2026-07-10 00:14:28] [INFO] Subiendo: ERP_TEST_01.zip
[2026-07-10 00:14:28] [INFO] Subiendo: ERP_TEST_02.zip
[2026-07-10 00:14:28] [INFO] Subiendo: ERP_TEST_03.zip
[2026-07-10 00:14:28] [INFO] Subiendo: ERP_TEST_04.bak
[2026-07-10 00:14:28] [INFO] Subiendo: ERP_TEST_05.7z
[2026-07-10 00:14:28] [INFO] Subiendo: ERP_TEST_06.zip
[2026-07-10 00:14:28] [INFO] Subiendo: ERP_TEST_07.zip
[2026-07-10 00:14:28] [INFO] Subiendo: ERP_TEST_08.zip
[2026-07-10 00:14:28] [INFO] Subiendo: ERP_TEST_09.bak
[2026-07-10 00:14:28] [INFO] Subiendo: ERP_TEST_10.7z
[2026-07-10 00:14:28] [INFO] Subiendo: ERP_TEST_11.zip
[2026-07-10 00:14:28] [INFO] Subiendo: ERP_TEST_13.zip
[2026-07-10 00:14:28] [INFO] Subiendo: ERP_TEST_14.zip
[2026-07-10 00:14:28] [INFO] Subiendo: ERP_TEST_15.zip
[2026-07-10 00:14:28] [INFO] Subiendo: ERP_TEST_16.zip
[2026-07-10 00:14:28] [INFO] Subiendo: ERP_TEST_17.zip
[2026-07-10 00:14:28] [INFO] Subiendo: ERP_TEST_18.zip
[2026-07-10 00:14:28] [INFO] Subiendo: ERP_TEST_19.zip
[2026-07-10 00:14:28] [INFO] Subiendo: ERP_TEST_20.zip
[2026-07-10 00:14:28] [INFO] Subiendo: ERP_TEST_21.zip
[2026-07-10 00:14:28] [SUCCESS] Proceso finalizado.
[2026-07-10 00:14:38] [INFO] Ejecutando trabajo: ERP SQL
[2026-07-10 00:14:38] [INFO] === Backup Center iniciado ===
[2026-07-10 00:14:38] [INFO] Subiendo: ERP_TEST.zip
[2026-07-10 00:14:38] [INFO] Subiendo: ERP_TEST_01.zip
[2026-07-10 00:14:38] [INFO] Subiendo: ERP_TEST_02.zip
[2026-07-10 00:14:38] [INFO] Subiendo: ERP_TEST_03.zip
[2026-07-10 00:14:38] [INFO] Subiendo: ERP_TEST_04.bak
[2026-07-10 00:14:38] [INFO] Subiendo: ERP_TEST_05.7z
[2026-07-10 00:14:38] [INFO] Subiendo: ERP_TEST_06.zip
[2026-07-10 00:14:38] [INFO] Subiendo: ERP_TEST_07.zip
[2026-07-10 00:14:38] [INFO] Subiendo: ERP_TEST_08.zip
[2026-07-10 00:14:38] [INFO] Subiendo: ERP_TEST_09.bak
[2026-07-10 00:14:38] [INFO] Subiendo: ERP_TEST_10.7z
[2026-07-10 00:14:38] [INFO] Subiendo: ERP_TEST_11.zip
[2026-07-10 00:14:38] [INFO] Subiendo: ERP_TEST_13.zip
[2026-07-10 00:14:38] [INFO] Subiendo: ERP_TEST_14.zip
[2026-07-10 00:14:38] [INFO] Subiendo: ERP_TEST_15.zip
[2026-07-10 00:14:38] [INFO] Subiendo: ERP_TEST_16.zip
[2026-07-10 00:14:38] [INFO] Subiendo: ERP_TEST_17.zip
[2026-07-10 00:14:38] [INFO] Subiendo: ERP_TEST_18.zip
[2026-07-10 00:14:38] [INFO] Subiendo: ERP_TEST_19.zip
[2026-07-10 00:14:38] [INFO] Subiendo: ERP_TEST_20.zip
[2026-07-10 00:14:38] [INFO] Subiendo: ERP_TEST_21.zip
[2026-07-10 00:14:38] [SUCCESS] Proceso finalizado.
[2026-07-10 00:14:48] [INFO] Ejecutando trabajo: ERP SQL
[2026-07-10 00:14:48] [INFO] === Backup Center iniciado ===
[2026-07-10 00:14:48] [INFO] Subiendo: ERP_TEST.zip
[2026-07-10 00:14:48] [INFO] Subiendo: ERP_TEST_01.zip
[2026-07-10 00:14:48] [INFO] Subiendo: ERP_TEST_02.zip
[2026-07-10 00:14:48] [INFO] Subiendo: ERP_TEST_03.zip
[2026-07-10 00:14:48] [INFO] Subiendo: ERP_TEST_04.bak
[2026-07-10 00:14:48] [INFO] Subiendo: ERP_TEST_05.7z
[2026-07-10 00:14:48] [INFO] Subiendo: ERP_TEST_06.zip
[2026-07-10 00:14:48] [INFO] Subiendo: ERP_TEST_07.zip
[2026-07-10 00:14:48] [INFO] Subiendo: ERP_TEST_08.zip
[2026-07-10 00:14:48] [INFO] Subiendo: ERP_TEST_09.bak
[2026-07-10 00:14:48] [INFO] Subiendo: ERP_TEST_10.7z
[2026-07-10 00:14:48] [INFO] Subiendo: ERP_TEST_11.zip
[2026-07-10 00:14:48] [INFO] Subiendo: ERP_TEST_13.zip
[2026-07-10 00:14:48] [INFO] Subiendo: ERP_TEST_14.zip
[2026-07-10 00:14:48] [INFO] Subiendo: ERP_TEST_15.zip
[2026-07-10 00:14:48] [INFO] Subiendo: ERP_TEST_16.zip
[2026-07-10 00:14:48] [INFO] Subiendo: ERP_TEST_17.zip
[2026-07-10 00:14:48] [INFO] Subiendo: ERP_TEST_18.zip
[2026-07-10 00:14:48] [INFO] Subiendo: ERP_TEST_19.zip
[2026-07-10 00:14:48] [INFO] Subiendo: ERP_TEST_20.zip
[2026-07-10 00:14:48] [INFO] Subiendo: ERP_TEST_21.zip
[2026-07-10 00:14:48] [SUCCESS] Proceso finalizado.
[2026-07-10 00:14:58] [INFO] Ejecutando trabajo: ERP SQL
[2026-07-10 00:14:58] [INFO] === Backup Center iniciado ===
[2026-07-10 00:14:58] [INFO] Subiendo: ERP_TEST.zip
[2026-07-10 00:14:58] [INFO] Subiendo: ERP_TEST_01.zip
[2026-07-10 00:14:58] [INFO] Subiendo: ERP_TEST_02.zip
[2026-07-10 00:14:58] [INFO] Subiendo: ERP_TEST_03.zip
[2026-07-10 00:14:58] [INFO] Subiendo: ERP_TEST_04.bak
[2026-07-10 00:14:58] [INFO] Subiendo: ERP_TEST_05.7z
[2026-07-10 00:14:58] [INFO] Subiendo: ERP_TEST_06.zip
[2026-07-10 00:14:58] [INFO] Subiendo: ERP_TEST_07.zip
[2026-07-10 00:14:58] [INFO] Subiendo: ERP_TEST_08.zip
[2026-07-10 00:14:58] [INFO] Subiendo: ERP_TEST_09.bak
[2026-07-10 00:14:58] [INFO] Subiendo: ERP_TEST_10.7z
[2026-07-10 00:14:58] [INFO] Subiendo: ERP_TEST_11.zip
[2026-07-10 00:14:58] [INFO] Subiendo: ERP_TEST_13.zip
[2026-07-10 00:14:58] [INFO] Subiendo: ERP_TEST_14.zip
[2026-07-10 00:14:58] [INFO] Subiendo: ERP_TEST_15.zip
[2026-07-10 00:14:58] [INFO] Subiendo: ERP_TEST_16.zip
[2026-07-10 00:14:58] [INFO] Subiendo: ERP_TEST_17.zip
[2026-07-10 00:14:58] [INFO] Subiendo: ERP_TEST_18.zip
[2026-07-10 00:14:58] [INFO] Subiendo: ERP_TEST_19.zip
[2026-07-10 00:14:58] [INFO] Subiendo: ERP_TEST_20.zip
[2026-07-10 00:14:58] [INFO] Subiendo: ERP_TEST_21.zip
[2026-07-10 00:14:58] [SUCCESS] Proceso finalizado.
[2026-07-10 00:15:08] [INFO] Ejecutando trabajo: ERP SQL
[2026-07-10 00:15:08] [INFO] === Backup Center iniciado ===
[2026-07-10 00:15:08] [INFO] Subiendo: ERP_TEST.zip
[2026-07-10 00:15:08] [INFO] Subiendo: ERP_TEST_01.zip
[2026-07-10 00:15:08] [INFO] Subiendo: ERP_TEST_02.zip
[2026-07-10 00:15:08] [INFO] Subiendo: ERP_TEST_03.zip
[2026-07-10 00:15:08] [INFO] Subiendo: ERP_TEST_04.bak
[2026-07-10 00:15:08] [INFO] Subiendo: ERP_TEST_05.7z
[2026-07-10 00:15:08] [INFO] Subiendo: ERP_TEST_06.zip
[2026-07-10 00:15:08] [INFO] Subiendo: ERP_TEST_07.zip
[2026-07-10 00:15:08] [INFO] Subiendo: ERP_TEST_08.zip
[2026-07-10 00:15:08] [INFO] Subiendo: ERP_TEST_09.bak
[2026-07-10 00:15:08] [INFO] Subiendo: ERP_TEST_10.7z
[2026-07-10 00:15:08] [INFO] Subiendo: ERP_TEST_11.zip
[2026-07-10 00:15:08] [INFO] Subiendo: ERP_TEST_13.zip
[2026-07-10 00:15:08] [INFO] Subiendo: ERP_TEST_14.zip
[2026-07-10 00:15:08] [INFO] Subiendo: ERP_TEST_15.zip
[2026-07-10 00:15:08] [INFO] Subiendo: ERP_TEST_16.zip
[2026-07-10 00:15:08] [INFO] Subiendo: ERP_TEST_17.zip
[2026-07-10 00:15:08] [INFO] Subiendo: ERP_TEST_18.zip
[2026-07-10 00:15:08] [INFO] Subiendo: ERP_TEST_19.zip
[2026-07-10 00:15:08] [INFO] Subiendo: ERP_TEST_20.zip
[2026-07-10 00:15:08] [INFO] Subiendo: ERP_TEST_21.zip
[2026-07-10 00:15:08] [SUCCESS] Proceso finalizado.
[2026-07-10 00:15:18] [INFO] Ejecutando trabajo: ERP SQL
[2026-07-10 00:15:18] [INFO] === Backup Center iniciado ===
[2026-07-10 00:15:18] [INFO] Subiendo: ERP_TEST.zip
[2026-07-10 00:15:18] [INFO] Subiendo: ERP_TEST_01.zip
[2026-07-10 00:15:18] [INFO] Subiendo: ERP_TEST_02.zip
[2026-07-10 00:15:18] [INFO] Subiendo: ERP_TEST_03.zip
[2026-07-10 00:15:18] [INFO] Subiendo: ERP_TEST_04.bak
[2026-07-10 00:15:18] [INFO] Subiendo: ERP_TEST_05.7z
[2026-07-10 00:15:18] [INFO] Subiendo: ERP_TEST_06.zip
[2026-07-10 00:15:18] [INFO] Subiendo: ERP_TEST_07.zip
[2026-07-10 00:15:18] [INFO] Subiendo: ERP_TEST_08.zip
[2026-07-10 00:15:18] [INFO] Subiendo: ERP_TEST_09.bak
[2026-07-10 00:15:18] [INFO] Subiendo: ERP_TEST_10.7z
[2026-07-10 00:15:18] [INFO] Subiendo: ERP_TEST_11.zip
[2026-07-10 00:15:18] [INFO] Subiendo: ERP_TEST_13.zip
[2026-07-10 00:15:18] [INFO] Subiendo: ERP_TEST_14.zip
[2026-07-10 00:15:18] [INFO] Subiendo: ERP_TEST_15.zip
[2026-07-10 00:15:18] [INFO] Subiendo: ERP_TEST_16.zip
[2026-07-10 00:15:18] [INFO] Subiendo: ERP_TEST_17.zip
[2026-07-10 00:15:18] [INFO] Subiendo: ERP_TEST_18.zip
[2026-07-10 00:15:18] [INFO] Subiendo: ERP_TEST_19.zip
[2026-07-10 00:15:18] [INFO] Subiendo: ERP_TEST_20.zip
[2026-07-10 00:15:18] [INFO] Subiendo: ERP_TEST_21.zip
[2026-07-10 00:15:18] [SUCCESS] Proceso finalizado.
[2026-07-10 00:15:28] [INFO] Ejecutando trabajo: ERP SQL
[2026-07-10 00:15:28] [INFO] === Backup Center iniciado ===
[2026-07-10 00:15:28] [INFO] Subiendo: ERP_TEST.zip
[2026-07-10 00:15:28] [INFO] Subiendo: ERP_TEST_01.zip
[2026-07-10 00:15:28] [INFO] Subiendo: ERP_TEST_02.zip
[2026-07-10 00:15:28] [INFO] Subiendo: ERP_TEST_03.zip
[2026-07-10 00:15:28] [INFO] Subiendo: ERP_TEST_04.bak
[2026-07-10 00:15:28] [INFO] Subiendo: ERP_TEST_05.7z
[2026-07-10 00:15:28] [INFO] Subiendo: ERP_TEST_06.zip
[2026-07-10 00:15:28] [INFO] Subiendo: ERP_TEST_07.zip
[2026-07-10 00:15:28] [INFO] Subiendo: ERP_TEST_08.zip
[2026-07-10 00:15:28] [INFO] Subiendo: ERP_TEST_09.bak
[2026-07-10 00:15:28] [INFO] Subiendo: ERP_TEST_10.7z
[2026-07-10 00:15:28] [INFO] Subiendo: ERP_TEST_11.zip
[2026-07-10 00:15:28] [INFO] Subiendo: ERP_TEST_13.zip
[2026-07-10 00:15:28] [INFO] Subiendo: ERP_TEST_14.zip
[2026-07-10 00:15:28] [INFO] Subiendo: ERP_TEST_15.zip
[2026-07-10 00:15:28] [INFO] Subiendo: ERP_TEST_16.zip
[2026-07-10 00:15:28] [INFO] Subiendo: ERP_TEST_17.zip
[2026-07-10 00:15:28] [INFO] Subiendo: ERP_TEST_18.zip
[2026-07-10 00:15:28] [INFO] Subiendo: ERP_TEST_19.zip
[2026-07-10 00:15:28] [INFO] Subiendo: ERP_TEST_20.zip
[2026-07-10 00:15:28] [INFO] Subiendo: ERP_TEST_21.zip
[2026-07-10 00:15:28] [SUCCESS] Proceso finalizado.
[2026-07-10 00:15:38] [INFO] Ejecutando trabajo: ERP SQL
[2026-07-10 00:15:38] [INFO] === Backup Center iniciado ===
[2026-07-10 00:15:38] [INFO] Subiendo: ERP_TEST.zip
[2026-07-10 00:15:38] [INFO] Subiendo: ERP_TEST_01.zip
[2026-07-10 00:15:38] [INFO] Subiendo: ERP_TEST_02.zip
[2026-07-10 00:15:38] [INFO] Subiendo: ERP_TEST_03.zip
[2026-07-10 00:15:38] [INFO] Subiendo: ERP_TEST_04.bak
[2026-07-10 00:15:38] [INFO] Subiendo: ERP_TEST_05.7z
[2026-07-10 00:15:38] [INFO] Subiendo: ERP_TEST_06.zip
[2026-07-10 00:15:38] [INFO] Subiendo: ERP_TEST_07.zip
[2026-07-10 00:15:38] [INFO] Subiendo: ERP_TEST_08.zip
[2026-07-10 00:15:38] [INFO] Subiendo: ERP_TEST_09.bak
[2026-07-10 00:15:38] [INFO] Subiendo: ERP_TEST_10.7z
[2026-07-10 00:15:38] [INFO] Subiendo: ERP_TEST_11.zip
[2026-07-10 00:15:38] [INFO] Subiendo: ERP_TEST_13.zip
[2026-07-10 00:15:38] [INFO] Subiendo: ERP_TEST_14.zip
[2026-07-10 00:15:38] [INFO] Subiendo: ERP_TEST_15.zip
[2026-07-10 00:15:38] [INFO] Subiendo: ERP_TEST_16.zip
[2026-07-10 00:15:38] [INFO] Subiendo: ERP_TEST_17.zip
[2026-07-10 00:15:38] [INFO] Subiendo: ERP_TEST_18.zip
[2026-07-10 00:15:38] [INFO] Subiendo: ERP_TEST_19.zip
[2026-07-10 00:15:38] [INFO] Subiendo: ERP_TEST_20.zip
[2026-07-10 00:15:38] [INFO] Subiendo: ERP_TEST_21.zip
[2026-07-10 00:15:38] [SUCCESS] Proceso finalizado.
[2026-07-10 00:15:48] [INFO] Ejecutando trabajo: ERP SQL
[2026-07-10 00:15:48] [INFO] === Backup Center iniciado ===
[2026-07-10 00:15:48] [INFO] Subiendo: ERP_TEST.zip
[2026-07-10 00:15:48] [INFO] Subiendo: ERP_TEST_01.zip
[2026-07-10 00:15:48] [INFO] Subiendo: ERP_TEST_02.zip
[2026-07-10 00:15:48] [INFO] Subiendo: ERP_TEST_03.zip
[2026-07-10 00:15:48] [INFO] Subiendo: ERP_TEST_04.bak
[2026-07-10 00:15:48] [INFO] Subiendo: ERP_TEST_05.7z
[2026-07-10 00:15:48] [INFO] Subiendo: ERP_TEST_06.zip
[2026-07-10 00:15:48] [INFO] Subiendo: ERP_TEST_07.zip
[2026-07-10 00:15:48] [INFO] Subiendo: ERP_TEST_08.zip
[2026-07-10 00:15:48] [INFO] Subiendo: ERP_TEST_09.bak
[2026-07-10 00:15:48] [INFO] Subiendo: ERP_TEST_10.7z
[2026-07-10 00:15:48] [INFO] Subiendo: ERP_TEST_11.zip
[2026-07-10 00:15:48] [INFO] Subiendo: ERP_TEST_13.zip
[2026-07-10 00:15:48] [INFO] Subiendo: ERP_TEST_14.zip
[2026-07-10 00:15:48] [INFO] Subiendo: ERP_TEST_15.zip
[2026-07-10 00:15:48] [INFO] Subiendo: ERP_TEST_16.zip
[2026-07-10 00:15:48] [INFO] Subiendo: ERP_TEST_17.zip
[2026-07-10 00:15:48] [INFO] Subiendo: ERP_TEST_18.zip
[2026-07-10 00:15:48] [INFO] Subiendo: ERP_TEST_19.zip
[2026-07-10 00:15:48] [INFO] Subiendo: ERP_TEST_20.zip
[2026-07-10 00:15:48] [INFO] Subiendo: ERP_TEST_21.zip
[2026-07-10 00:15:48] [SUCCESS] Proceso finalizado.
[2026-07-10 00:15:59] [INFO] Ejecutando trabajo: ERP SQL
[2026-07-10 00:15:59] [INFO] === Backup Center iniciado ===
[2026-07-10 00:15:59] [INFO] Subiendo: ERP_TEST.zip
[2026-07-10 00:15:59] [INFO] Subiendo: ERP_TEST_01.zip
[2026-07-10 00:15:59] [INFO] Subiendo: ERP_TEST_02.zip
[2026-07-10 00:15:59] [INFO] Subiendo: ERP_TEST_03.zip
[2026-07-10 00:15:59] [INFO] Subiendo: ERP_TEST_04.bak
[2026-07-10 00:15:59] [INFO] Subiendo: ERP_TEST_05.7z
[2026-07-10 00:15:59] [INFO] Subiendo: ERP_TEST_06.zip
[2026-07-10 00:15:59] [INFO] Subiendo: ERP_TEST_07.zip
[2026-07-10 00:15:59] [INFO] Subiendo: ERP_TEST_08.zip
[2026-07-10 00:15:59] [INFO] Subiendo: ERP_TEST_09.bak
[2026-07-10 00:15:59] [INFO] Subiendo: ERP_TEST_10.7z
[2026-07-10 00:15:59] [INFO] Subiendo: ERP_TEST_11.zip
[2026-07-10 00:15:59] [INFO] Subiendo: ERP_TEST_13.zip
[2026-07-10 00:15:59] [INFO] Subiendo: ERP_TEST_14.zip
[2026-07-10 00:15:59] [INFO] Subiendo: ERP_TEST_15.zip
[2026-07-10 00:15:59] [INFO] Subiendo: ERP_TEST_16.zip
[2026-07-10 00:15:59] [INFO] Subiendo: ERP_TEST_17.zip
[2026-07-10 00:15:59] [INFO] Subiendo: ERP_TEST_18.zip
[2026-07-10 00:15:59] [INFO] Subiendo: ERP_TEST_19.zip
[2026-07-10 00:15:59] [INFO] Subiendo: ERP_TEST_20.zip
[2026-07-10 00:15:59] [INFO] Subiendo: ERP_TEST_21.zip
[2026-07-10 00:15:59] [SUCCESS] Proceso finalizado.
[2026-07-10 00:16:09] [INFO] Ejecutando trabajo: ERP SQL
[2026-07-10 00:16:09] [INFO] === Backup Center iniciado ===
[2026-07-10 00:16:09] [INFO] Subiendo: ERP_TEST.zip
[2026-07-10 00:16:09] [INFO] Subiendo: ERP_TEST_01.zip
[2026-07-10 00:16:09] [INFO] Subiendo: ERP_TEST_02.zip
[2026-07-10 00:16:09] [INFO] Subiendo: ERP_TEST_03.zip
[2026-07-10 00:16:09] [INFO] Subiendo: ERP_TEST_04.bak
[2026-07-10 00:16:09] [INFO] Subiendo: ERP_TEST_05.7z
[2026-07-10 00:16:09] [INFO] Subiendo: ERP_TEST_06.zip
[2026-07-10 00:16:09] [INFO] Subiendo: ERP_TEST_07.zip
[2026-07-10 00:16:09] [INFO] Subiendo: ERP_TEST_08.zip
[2026-07-10 00:16:09] [INFO] Subiendo: ERP_TEST_09.bak
[2026-07-10 00:16:09] [INFO] Subiendo: ERP_TEST_10.7z
[2026-07-10 00:16:09] [INFO] Subiendo: ERP_TEST_11.zip
[2026-07-10 00:16:09] [INFO] Subiendo: ERP_TEST_13.zip
[2026-07-10 00:16:09] [INFO] Subiendo: ERP_TEST_14.zip
[2026-07-10 00:16:09] [INFO] Subiendo: ERP_TEST_15.zip
[2026-07-10 00:16:09] [INFO] Subiendo: ERP_TEST_16.zip
[2026-07-10 00:16:09] [INFO] Subiendo: ERP_TEST_17.zip
[2026-07-10 00:16:09] [INFO] Subiendo: ERP_TEST_18.zip
[2026-07-10 00:16:09] [INFO] Subiendo: ERP_TEST_19.zip
[2026-07-10 00:16:09] [INFO] Subiendo: ERP_TEST_20.zip
[2026-07-10 00:16:09] [INFO] Subiendo: ERP_TEST_21.zip
[2026-07-10 00:16:09] [SUCCESS] Proceso finalizado.
[2026-07-10 00:16:19] [INFO] Ejecutando trabajo: ERP SQL
[2026-07-10 00:16:19] [INFO] === Backup Center iniciado ===
[2026-07-10 00:16:19] [INFO] Subiendo: ERP_TEST.zip
[2026-07-10 00:16:19] [INFO] Subiendo: ERP_TEST_01.zip
[2026-07-10 00:16:19] [INFO] Subiendo: ERP_TEST_02.zip
[2026-07-10 00:16:19] [INFO] Subiendo: ERP_TEST_03.zip
[2026-07-10 00:16:19] [INFO] Subiendo: ERP_TEST_04.bak
[2026-07-10 00:16:19] [INFO] Subiendo: ERP_TEST_05.7z
[2026-07-10 00:16:19] [INFO] Subiendo: ERP_TEST_06.zip
[2026-07-10 00:16:19] [INFO] Subiendo: ERP_TEST_07.zip
[2026-07-10 00:16:19] [INFO] Subiendo: ERP_TEST_08.zip
[2026-07-10 00:16:19] [INFO] Subiendo: ERP_TEST_09.bak
[2026-07-10 00:16:19] [INFO] Subiendo: ERP_TEST_10.7z
[2026-07-10 00:16:19] [INFO] Subiendo: ERP_TEST_11.zip
[2026-07-10 00:16:19] [INFO] Subiendo: ERP_TEST_13.zip
[2026-07-10 00:16:19] [INFO] Subiendo: ERP_TEST_14.zip
[2026-07-10 00:16:19] [INFO] Subiendo: ERP_TEST_15.zip
[2026-07-10 00:16:19] [INFO] Subiendo: ERP_TEST_16.zip
[2026-07-10 00:16:19] [INFO] Subiendo: ERP_TEST_17.zip
[2026-07-10 00:16:19] [INFO] Subiendo: ERP_TEST_18.zip
[2026-07-10 00:16:19] [INFO] Subiendo: ERP_TEST_19.zip
[2026-07-10 00:16:19] [INFO] Subiendo: ERP_TEST_20.zip
[2026-07-10 00:16:19] [INFO] Subiendo: ERP_TEST_21.zip
[2026-07-10 00:16:19] [SUCCESS] Proceso finalizado.
[2026-07-10 00:16:29] [INFO] Ejecutando trabajo: ERP SQL
[2026-07-10 00:16:29] [INFO] === Backup Center iniciado ===
[2026-07-10 00:16:29] [INFO] Subiendo: ERP_TEST.zip
[2026-07-10 00:16:29] [INFO] Subiendo: ERP_TEST_01.zip
[2026-07-10 00:16:29] [INFO] Subiendo: ERP_TEST_02.zip
[2026-07-10 00:16:29] [INFO] Subiendo: ERP_TEST_03.zip
[2026-07-10 00:16:29] [INFO] Subiendo: ERP_TEST_04.bak
[2026-07-10 00:16:29] [INFO] Subiendo: ERP_TEST_05.7z
[2026-07-10 00:16:29] [INFO] Subiendo: ERP_TEST_06.zip
[2026-07-10 00:16:29] [INFO] Subiendo: ERP_TEST_07.zip
[2026-07-10 00:16:29] [INFO] Subiendo: ERP_TEST_08.zip
[2026-07-10 00:16:29] [INFO] Subiendo: ERP_TEST_09.bak
[2026-07-10 00:16:29] [INFO] Subiendo: ERP_TEST_10.7z
[2026-07-10 00:16:29] [INFO] Subiendo: ERP_TEST_11.zip
[2026-07-10 00:16:29] [INFO] Subiendo: ERP_TEST_13.zip
[2026-07-10 00:16:29] [INFO] Subiendo: ERP_TEST_14.zip
[2026-07-10 00:16:29] [INFO] Subiendo: ERP_TEST_15.zip
[2026-07-10 00:16:29] [INFO] Subiendo: ERP_TEST_16.zip
[2026-07-10 00:16:29] [INFO] Subiendo: ERP_TEST_17.zip
[2026-07-10 00:16:29] [INFO] Subiendo: ERP_TEST_18.zip
[2026-07-10 00:16:29] [INFO] Subiendo: ERP_TEST_19.zip
[2026-07-10 00:16:29] [INFO] Subiendo: ERP_TEST_20.zip
[2026-07-10 00:16:29] [INFO] Subiendo: ERP_TEST_21.zip
[2026-07-10 00:16:29] [SUCCESS] Proceso finalizado.
[2026-07-10 00:16:39] [INFO] Ejecutando trabajo: ERP SQL
[2026-07-10 00:16:39] [INFO] === Backup Center iniciado ===
[2026-07-10 00:16:39] [INFO] Subiendo: ERP_TEST.zip
[2026-07-10 00:16:39] [INFO] Subiendo: ERP_TEST_01.zip
[2026-07-10 00:16:39] [INFO] Subiendo: ERP_TEST_02.zip
[2026-07-10 00:16:39] [INFO] Subiendo: ERP_TEST_03.zip
[2026-07-10 00:16:39] [INFO] Subiendo: ERP_TEST_04.bak
[2026-07-10 00:16:39] [INFO] Subiendo: ERP_TEST_05.7z
[2026-07-10 00:16:39] [INFO] Subiendo: ERP_TEST_06.zip
[2026-07-10 00:16:39] [INFO] Subiendo: ERP_TEST_07.zip
[2026-07-10 00:16:39] [INFO] Subiendo: ERP_TEST_08.zip
[2026-07-10 00:16:39] [INFO] Subiendo: ERP_TEST_09.bak
[2026-07-10 00:16:39] [INFO] Subiendo: ERP_TEST_10.7z
[2026-07-10 00:16:39] [INFO] Subiendo: ERP_TEST_11.zip
[2026-07-10 00:16:39] [INFO] Subiendo: ERP_TEST_13.zip
[2026-07-10 00:16:39] [INFO] Subiendo: ERP_TEST_14.zip
[2026-07-10 00:16:39] [INFO] Subiendo: ERP_TEST_15.zip
[2026-07-10 00:16:39] [INFO] Subiendo: ERP_TEST_16.zip
[2026-07-10 00:16:39] [INFO] Subiendo: ERP_TEST_17.zip
[2026-07-10 00:16:39] [INFO] Subiendo: ERP_TEST_18.zip
[2026-07-10 00:16:39] [INFO] Subiendo: ERP_TEST_19.zip
[2026-07-10 00:16:39] [INFO] Subiendo: ERP_TEST_20.zip
[2026-07-10 00:16:39] [INFO] Subiendo: ERP_TEST_21.zip
[2026-07-10 00:16:39] [SUCCESS] Proceso finalizado.
[2026-07-10 00:16:49] [INFO] Ejecutando trabajo: ERP SQL
[2026-07-10 00:16:49] [INFO] === Backup Center iniciado ===
[2026-07-10 00:16:49] [INFO] Subiendo: ERP_TEST.zip
[2026-07-10 00:16:49] [INFO] Subiendo: ERP_TEST_01.zip
[2026-07-10 00:16:49] [INFO] Subiendo: ERP_TEST_02.zip
[2026-07-10 00:16:49] [INFO] Subiendo: ERP_TEST_03.zip
[2026-07-10 00:16:49] [INFO] Subiendo: ERP_TEST_04.bak
[2026-07-10 00:16:49] [INFO] Subiendo: ERP_TEST_05.7z
[2026-07-10 00:16:49] [INFO] Subiendo: ERP_TEST_06.zip
[2026-07-10 00:16:49] [INFO] Subiendo: ERP_TEST_07.zip
[2026-07-10 00:16:49] [INFO] Subiendo: ERP_TEST_08.zip
[2026-07-10 00:16:49] [INFO] Subiendo: ERP_TEST_09.bak
[2026-07-10 00:16:49] [INFO] Subiendo: ERP_TEST_10.7z
[2026-07-10 00:16:49] [INFO] Subiendo: ERP_TEST_11.zip
[2026-07-10 00:16:49] [INFO] Subiendo: ERP_TEST_13.zip
[2026-07-10 00:16:49] [INFO] Subiendo: ERP_TEST_14.zip
[2026-07-10 00:16:49] [INFO] Subiendo: ERP_TEST_15.zip
[2026-07-10 00:16:49] [INFO] Subiendo: ERP_TEST_16.zip
[2026-07-10 00:16:49] [INFO] Subiendo: ERP_TEST_17.zip
[2026-07-10 00:16:49] [INFO] Subiendo: ERP_TEST_18.zip
[2026-07-10 00:16:49] [INFO] Subiendo: ERP_TEST_19.zip
[2026-07-10 00:16:49] [INFO] Subiendo: ERP_TEST_20.zip
[2026-07-10 00:16:49] [INFO] Subiendo: ERP_TEST_21.zip
[2026-07-10 00:16:49] [SUCCESS] Proceso finalizado.
[2026-07-10 00:16:59] [INFO] Ejecutando trabajo: ERP SQL
[2026-07-10 00:16:59] [INFO] === Backup Center iniciado ===
[2026-07-10 00:16:59] [INFO] Subiendo: ERP_TEST.zip
[2026-07-10 00:16:59] [INFO] Subiendo: ERP_TEST_01.zip
[2026-07-10 00:16:59] [INFO] Subiendo: ERP_TEST_02.zip
[2026-07-10 00:16:59] [INFO] Subiendo: ERP_TEST_03.zip
[2026-07-10 00:16:59] [INFO] Subiendo: ERP_TEST_04.bak
[2026-07-10 00:16:59] [INFO] Subiendo: ERP_TEST_05.7z
[2026-07-10 00:16:59] [INFO] Subiendo: ERP_TEST_06.zip
[2026-07-10 00:16:59] [INFO] Subiendo: ERP_TEST_07.zip
[2026-07-10 00:16:59] [INFO] Subiendo: ERP_TEST_08.zip
[2026-07-10 00:16:59] [INFO] Subiendo: ERP_TEST_09.bak
[2026-07-10 00:16:59] [INFO] Subiendo: ERP_TEST_10.7z
[2026-07-10 00:16:59] [INFO] Subiendo: ERP_TEST_11.zip
[2026-07-10 00:16:59] [INFO] Subiendo: ERP_TEST_13.zip
[2026-07-10 00:16:59] [INFO] Subiendo: ERP_TEST_14.zip
[2026-07-10 00:16:59] [INFO] Subiendo: ERP_TEST_15.zip
[2026-07-10 00:16:59] [INFO] Subiendo: ERP_TEST_16.zip
[2026-07-10 00:16:59] [INFO] Subiendo: ERP_TEST_17.zip
[2026-07-10 00:16:59] [INFO] Subiendo: ERP_TEST_18.zip
[2026-07-10 00:16:59] [INFO] Subiendo: ERP_TEST_19.zip
[2026-07-10 00:16:59] [INFO] Subiendo: ERP_TEST_20.zip
[2026-07-10 00:16:59] [INFO] Subiendo: ERP_TEST_21.zip
[2026-07-10 00:16:59] [SUCCESS] Proceso finalizado.
[2026-07-10 00:17:09] [INFO] Ejecutando trabajo: ERP SQL
[2026-07-10 00:17:09] [INFO] === Backup Center iniciado ===
[2026-07-10 00:17:09] [INFO] Subiendo: ERP_TEST.zip
[2026-07-10 00:17:09] [INFO] Subiendo: ERP_TEST_01.zip
[2026-07-10 00:17:09] [INFO] Subiendo: ERP_TEST_02.zip
[2026-07-10 00:17:09] [INFO] Subiendo: ERP_TEST_03.zip
[2026-07-10 00:17:09] [INFO] Subiendo: ERP_TEST_04.bak
[2026-07-10 00:17:09] [INFO] Subiendo: ERP_TEST_05.7z
[2026-07-10 00:17:09] [INFO] Subiendo: ERP_TEST_06.zip
[2026-07-10 00:17:09] [INFO] Subiendo: ERP_TEST_07.zip
[2026-07-10 00:17:09] [INFO] Subiendo: ERP_TEST_08.zip
[2026-07-10 00:17:09] [INFO] Subiendo: ERP_TEST_09.bak
[2026-07-10 00:17:09] [INFO] Subiendo: ERP_TEST_10.7z
[2026-07-10 00:17:09] [INFO] Subiendo: ERP_TEST_11.zip
[2026-07-10 00:17:09] [INFO] Subiendo: ERP_TEST_13.zip
[2026-07-10 00:17:09] [INFO] Subiendo: ERP_TEST_14.zip
[2026-07-10 00:17:09] [INFO] Subiendo: ERP_TEST_15.zip
[2026-07-10 00:17:09] [INFO] Subiendo: ERP_TEST_16.zip
[2026-07-10 00:17:09] [INFO] Subiendo: ERP_TEST_17.zip
[2026-07-10 00:17:09] [INFO] Subiendo: ERP_TEST_18.zip
[2026-07-10 00:17:09] [INFO] Subiendo: ERP_TEST_19.zip
[2026-07-10 00:17:09] [INFO] Subiendo: ERP_TEST_20.zip
[2026-07-10 00:17:09] [INFO] Subiendo: ERP_TEST_21.zip
[2026-07-10 00:17:09] [SUCCESS] Proceso finalizado.
[2026-07-10 00:17:19] [INFO] Ejecutando trabajo: ERP SQL
[2026-07-10 00:17:19] [INFO] === Backup Center iniciado ===
[2026-07-10 00:17:19] [INFO] Subiendo: ERP_TEST.zip
[2026-07-10 00:17:19] [INFO] Subiendo: ERP_TEST_01.zip
[2026-07-10 00:17:19] [INFO] Subiendo: ERP_TEST_02.zip
[2026-07-10 00:17:19] [INFO] Subiendo: ERP_TEST_03.zip
[2026-07-10 00:17:19] [INFO] Subiendo: ERP_TEST_04.bak
[2026-07-10 00:17:19] [INFO] Subiendo: ERP_TEST_05.7z
[2026-07-10 00:17:19] [INFO] Subiendo: ERP_TEST_06.zip
[2026-07-10 00:17:19] [INFO] Subiendo: ERP_TEST_07.zip
[2026-07-10 00:17:19] [INFO] Subiendo: ERP_TEST_08.zip
[2026-07-10 00:17:19] [INFO] Subiendo: ERP_TEST_09.bak
[2026-07-10 00:17:19] [INFO] Subiendo: ERP_TEST_10.7z
[2026-07-10 00:17:19] [INFO] Subiendo: ERP_TEST_11.zip
[2026-07-10 00:17:19] [INFO] Subiendo: ERP_TEST_13.zip
[2026-07-10 00:17:19] [INFO] Subiendo: ERP_TEST_14.zip
[2026-07-10 00:17:19] [INFO] Subiendo: ERP_TEST_15.zip
[2026-07-10 00:17:19] [INFO] Subiendo: ERP_TEST_16.zip
[2026-07-10 00:17:19] [INFO] Subiendo: ERP_TEST_17.zip
[2026-07-10 00:17:19] [INFO] Subiendo: ERP_TEST_18.zip
[2026-07-10 00:17:19] [INFO] Subiendo: ERP_TEST_19.zip
[2026-07-10 00:17:19] [INFO] Subiendo: ERP_TEST_20.zip
[2026-07-10 00:17:19] [INFO] Subiendo: ERP_TEST_21.zip
[2026-07-10 00:17:19] [SUCCESS] Proceso finalizado.
[2026-07-10 00:17:29] [INFO] Ejecutando trabajo: ERP SQL
[2026-07-10 00:17:29] [INFO] === Backup Center iniciado ===
[2026-07-10 00:17:29] [INFO] Subiendo: ERP_TEST.zip
[2026-07-10 00:17:29] [INFO] Subiendo: ERP_TEST_01.zip
[2026-07-10 00:17:29] [INFO] Subiendo: ERP_TEST_02.zip
[2026-07-10 00:17:29] [INFO] Subiendo: ERP_TEST_03.zip
[2026-07-10 00:17:29] [INFO] Subiendo: ERP_TEST_04.bak
[2026-07-10 00:17:29] [INFO] Subiendo: ERP_TEST_05.7z
[2026-07-10 00:17:30] [INFO] Subiendo: ERP_TEST_06.zip
[2026-07-10 00:17:30] [INFO] Subiendo: ERP_TEST_07.zip
[2026-07-10 00:17:30] [INFO] Subiendo: ERP_TEST_08.zip
[2026-07-10 00:17:30] [INFO] Subiendo: ERP_TEST_09.bak
[2026-07-10 00:17:30] [INFO] Subiendo: ERP_TEST_10.7z
[2026-07-10 00:17:30] [INFO] Subiendo: ERP_TEST_11.zip
[2026-07-10 00:17:30] [INFO] Subiendo: ERP_TEST_13.zip
[2026-07-10 00:17:30] [INFO] Subiendo: ERP_TEST_14.zip
[2026-07-10 00:17:30] [INFO] Subiendo: ERP_TEST_15.zip
[2026-07-10 00:17:30] [INFO] Subiendo: ERP_TEST_16.zip
[2026-07-10 00:17:30] [INFO] Subiendo: ERP_TEST_17.zip
[2026-07-10 00:17:30] [INFO] Subiendo: ERP_TEST_18.zip
[2026-07-10 00:17:30] [INFO] Subiendo: ERP_TEST_19.zip
[2026-07-10 00:17:30] [INFO] Subiendo: ERP_TEST_20.zip
[2026-07-10 00:17:30] [INFO] Subiendo: ERP_TEST_21.zip
[2026-07-10 00:17:30] [SUCCESS] Proceso finalizado.
[2026-07-10 00:17:40] [INFO] Ejecutando trabajo: ERP SQL
[2026-07-10 00:17:40] [INFO] === Backup Center iniciado ===
[2026-07-10 00:17:40] [INFO] Subiendo: ERP_TEST.zip
[2026-07-10 00:17:40] [INFO] Subiendo: ERP_TEST_01.zip
[2026-07-10 00:17:40] [INFO] Subiendo: ERP_TEST_02.zip
[2026-07-10 00:17:40] [INFO] Subiendo: ERP_TEST_03.zip
[2026-07-10 00:17:40] [INFO] Subiendo: ERP_TEST_04.bak
[2026-07-10 00:17:40] [INFO] Subiendo: ERP_TEST_05.7z
[2026-07-10 00:17:40] [INFO] Subiendo: ERP_TEST_06.zip
[2026-07-10 00:17:40] [INFO] Subiendo: ERP_TEST_07.zip
[2026-07-10 00:17:40] [INFO] Subiendo: ERP_TEST_08.zip
[2026-07-10 00:17:40] [INFO] Subiendo: ERP_TEST_09.bak
[2026-07-10 00:17:40] [INFO] Subiendo: ERP_TEST_10.7z
[2026-07-10 00:17:40] [INFO] Subiendo: ERP_TEST_11.zip
[2026-07-10 00:17:40] [INFO] Subiendo: ERP_TEST_13.zip
[2026-07-10 00:17:40] [INFO] Subiendo: ERP_TEST_14.zip
[2026-07-10 00:17:40] [INFO] Subiendo: ERP_TEST_15.zip
[2026-07-10 00:17:40] [INFO] Subiendo: ERP_TEST_16.zip
[2026-07-10 00:17:40] [INFO] Subiendo: ERP_TEST_17.zip
[2026-07-10 00:17:40] [INFO] Subiendo: ERP_TEST_18.zip
[2026-07-10 00:17:40] [INFO] Subiendo: ERP_TEST_19.zip
[2026-07-10 00:17:40] [INFO] Subiendo: ERP_TEST_20.zip
[2026-07-10 00:17:40] [INFO] Subiendo: ERP_TEST_21.zip
[2026-07-10 00:17:40] [SUCCESS] Proceso finalizado.
[2026-07-10 00:17:50] [INFO] Ejecutando trabajo: ERP SQL
[2026-07-10 00:17:50] [INFO] === Backup Center iniciado ===
[2026-07-10 00:17:50] [INFO] Subiendo: ERP_TEST.zip
[2026-07-10 00:17:50] [INFO] Subiendo: ERP_TEST_01.zip
[2026-07-10 00:17:50] [INFO] Subiendo: ERP_TEST_02.zip
[2026-07-10 00:17:50] [INFO] Subiendo: ERP_TEST_03.zip
[2026-07-10 00:17:50] [INFO] Subiendo: ERP_TEST_04.bak
[2026-07-10 00:17:50] [INFO] Subiendo: ERP_TEST_05.7z
[2026-07-10 00:17:50] [INFO] Subiendo: ERP_TEST_06.zip
[2026-07-10 00:17:50] [INFO] Subiendo: ERP_TEST_07.zip
[2026-07-10 00:17:50] [INFO] Subiendo: ERP_TEST_08.zip
[2026-07-10 00:17:50] [INFO] Subiendo: ERP_TEST_09.bak
[2026-07-10 00:17:50] [INFO] Subiendo: ERP_TEST_10.7z
[2026-07-10 00:17:50] [INFO] Subiendo: ERP_TEST_11.zip
[2026-07-10 00:17:50] [INFO] Subiendo: ERP_TEST_13.zip
[2026-07-10 00:17:50] [INFO] Subiendo: ERP_TEST_14.zip
[2026-07-10 00:17:50] [INFO] Subiendo: ERP_TEST_15.zip
[2026-07-10 00:17:50] [INFO] Subiendo: ERP_TEST_16.zip
[2026-07-10 00:17:50] [INFO] Subiendo: ERP_TEST_17.zip
[2026-07-10 00:17:50] [INFO] Subiendo: ERP_TEST_18.zip
[2026-07-10 00:17:50] [INFO] Subiendo: ERP_TEST_19.zip
[2026-07-10 00:17:50] [INFO] Subiendo: ERP_TEST_20.zip
[2026-07-10 00:17:50] [INFO] Subiendo: ERP_TEST_21.zip
[2026-07-10 00:17:50] [SUCCESS] Proceso finalizado.
[2026-07-10 00:18:00] [INFO] Ejecutando trabajo: ERP SQL
[2026-07-10 00:18:00] [INFO] === Backup Center iniciado ===
[2026-07-10 00:18:00] [INFO] Subiendo: ERP_TEST.zip
[2026-07-10 00:18:00] [INFO] Subiendo: ERP_TEST_01.zip
[2026-07-10 00:18:00] [INFO] Subiendo: ERP_TEST_02.zip
[2026-07-10 00:18:00] [INFO] Subiendo: ERP_TEST_03.zip
[2026-07-10 00:18:00] [INFO] Subiendo: ERP_TEST_04.bak
[2026-07-10 00:18:00] [INFO] Subiendo: ERP_TEST_05.7z
[2026-07-10 00:18:00] [INFO] Subiendo: ERP_TEST_06.zip
[2026-07-10 00:18:00] [INFO] Subiendo: ERP_TEST_07.zip
[2026-07-10 00:18:00] [INFO] Subiendo: ERP_TEST_08.zip
[2026-07-10 00:18:00] [INFO] Subiendo: ERP_TEST_09.bak
[2026-07-10 00:18:00] [INFO] Subiendo: ERP_TEST_10.7z
[2026-07-10 00:18:00] [INFO] Subiendo: ERP_TEST_11.zip
[2026-07-10 00:18:00] [INFO] Subiendo: ERP_TEST_13.zip
[2026-07-10 00:18:00] [INFO] Subiendo: ERP_TEST_14.zip
[2026-07-10 00:18:00] [INFO] Subiendo: ERP_TEST_15.zip
[2026-07-10 00:18:00] [INFO] Subiendo: ERP_TEST_16.zip
[2026-07-10 00:18:00] [INFO] Subiendo: ERP_TEST_17.zip
[2026-07-10 00:18:00] [INFO] Subiendo: ERP_TEST_18.zip
[2026-07-10 00:18:00] [INFO] Subiendo: ERP_TEST_19.zip
[2026-07-10 00:18:00] [INFO] Subiendo: ERP_TEST_20.zip
[2026-07-10 00:18:00] [INFO] Subiendo: ERP_TEST_21.zip
[2026-07-10 00:18:00] [SUCCESS] Proceso finalizado.
[2026-07-10 00:18:10] [INFO] Ejecutando trabajo: ERP SQL
[2026-07-10 00:18:10] [INFO] === Backup Center iniciado ===
[2026-07-10 00:18:10] [INFO] Subiendo: ERP_TEST.zip
[2026-07-10 00:18:10] [INFO] Subiendo: ERP_TEST_01.zip
[2026-07-10 00:18:10] [INFO] Subiendo: ERP_TEST_02.zip
[2026-07-10 00:18:10] [INFO] Subiendo: ERP_TEST_03.zip
[2026-07-10 00:18:10] [INFO] Subiendo: ERP_TEST_04.bak
[2026-07-10 00:18:10] [INFO] Subiendo: ERP_TEST_05.7z
[2026-07-10 00:18:10] [INFO] Subiendo: ERP_TEST_06.zip
[2026-07-10 00:18:10] [INFO] Subiendo: ERP_TEST_07.zip
[2026-07-10 00:18:10] [INFO] Subiendo: ERP_TEST_08.zip
[2026-07-10 00:18:10] [INFO] Subiendo: ERP_TEST_09.bak
[2026-07-10 00:18:10] [INFO] Subiendo: ERP_TEST_10.7z
[2026-07-10 00:18:10] [INFO] Subiendo: ERP_TEST_11.zip
[2026-07-10 00:18:10] [INFO] Subiendo: ERP_TEST_13.zip
[2026-07-10 00:18:10] [INFO] Subiendo: ERP_TEST_14.zip
[2026-07-10 00:18:10] [INFO] Subiendo: ERP_TEST_15.zip
[2026-07-10 00:18:10] [INFO] Subiendo: ERP_TEST_16.zip
[2026-07-10 00:18:10] [INFO] Subiendo: ERP_TEST_17.zip
[2026-07-10 00:18:10] [INFO] Subiendo: ERP_TEST_18.zip
[2026-07-10 00:18:10] [INFO] Subiendo: ERP_TEST_19.zip
[2026-07-10 00:18:10] [INFO] Subiendo: ERP_TEST_20.zip
[2026-07-10 00:18:10] [INFO] Subiendo: ERP_TEST_21.zip
[2026-07-10 00:18:10] [SUCCESS] Proceso finalizado.
[2026-07-10 00:18:20] [INFO] Ejecutando trabajo: ERP SQL
[2026-07-10 00:18:20] [INFO] === Backup Center iniciado ===
[2026-07-10 00:18:20] [INFO] Subiendo: ERP_TEST.zip
[2026-07-10 00:18:20] [INFO] Subiendo: ERP_TEST_01.zip
[2026-07-10 00:18:20] [INFO] Subiendo: ERP_TEST_02.zip
[2026-07-10 00:18:20] [INFO] Subiendo: ERP_TEST_03.zip
[2026-07-10 00:18:20] [INFO] Subiendo: ERP_TEST_04.bak
[2026-07-10 00:18:20] [INFO] Subiendo: ERP_TEST_05.7z
[2026-07-10 00:18:20] [INFO] Subiendo: ERP_TEST_06.zip
[2026-07-10 00:18:20] [INFO] Subiendo: ERP_TEST_07.zip
[2026-07-10 00:18:20] [INFO] Subiendo: ERP_TEST_08.zip
[2026-07-10 00:18:20] [INFO] Subiendo: ERP_TEST_09.bak
[2026-07-10 00:18:20] [INFO] Subiendo: ERP_TEST_10.7z
[2026-07-10 00:18:20] [INFO] Subiendo: ERP_TEST_11.zip
[2026-07-10 00:18:20] [INFO] Subiendo: ERP_TEST_13.zip
[2026-07-10 00:18:20] [INFO] Subiendo: ERP_TEST_14.zip
[2026-07-10 00:18:20] [INFO] Subiendo: ERP_TEST_15.zip
[2026-07-10 00:18:20] [INFO] Subiendo: ERP_TEST_16.zip
[2026-07-10 00:18:20] [INFO] Subiendo: ERP_TEST_17.zip
[2026-07-10 00:18:20] [INFO] Subiendo: ERP_TEST_18.zip
[2026-07-10 00:18:20] [INFO] Subiendo: ERP_TEST_19.zip
[2026-07-10 00:18:20] [INFO] Subiendo: ERP_TEST_20.zip
[2026-07-10 00:18:20] [INFO] Subiendo: ERP_TEST_21.zip
[2026-07-10 00:18:20] [SUCCESS] Proceso finalizado.
[2026-07-10 00:18:30] [INFO] Ejecutando trabajo: ERP SQL
[2026-07-10 00:18:30] [INFO] === Backup Center iniciado ===
[2026-07-10 00:18:30] [INFO] Subiendo: ERP_TEST.zip
[2026-07-10 00:18:30] [INFO] Subiendo: ERP_TEST_01.zip
[2026-07-10 00:18:30] [INFO] Subiendo: ERP_TEST_02.zip
[2026-07-10 00:18:30] [INFO] Subiendo: ERP_TEST_03.zip
[2026-07-10 00:18:30] [INFO] Subiendo: ERP_TEST_04.bak
[2026-07-10 00:18:30] [INFO] Subiendo: ERP_TEST_05.7z
[2026-07-10 00:18:30] [INFO] Subiendo: ERP_TEST_06.zip
[2026-07-10 00:18:30] [INFO] Subiendo: ERP_TEST_07.zip
[2026-07-10 00:18:30] [INFO] Subiendo: ERP_TEST_08.zip
[2026-07-10 00:18:30] [INFO] Subiendo: ERP_TEST_09.bak
[2026-07-10 00:18:30] [INFO] Subiendo: ERP_TEST_10.7z
[2026-07-10 00:18:30] [INFO] Subiendo: ERP_TEST_11.zip
[2026-07-10 00:18:30] [INFO] Subiendo: ERP_TEST_13.zip
[2026-07-10 00:18:30] [INFO] Subiendo: ERP_TEST_14.zip
[2026-07-10 00:18:30] [INFO] Subiendo: ERP_TEST_15.zip
[2026-07-10 00:18:30] [INFO] Subiendo: ERP_TEST_16.zip
[2026-07-10 00:18:30] [INFO] Subiendo: ERP_TEST_17.zip
[2026-07-10 00:18:30] [INFO] Subiendo: ERP_TEST_18.zip
[2026-07-10 00:18:30] [INFO] Subiendo: ERP_TEST_19.zip
[2026-07-10 00:18:30] [INFO] Subiendo: ERP_TEST_20.zip
[2026-07-10 00:18:30] [INFO] Subiendo: ERP_TEST_21.zip
[2026-07-10 00:18:30] [SUCCESS] Proceso finalizado.
[2026-07-10 00:18:40] [INFO] Ejecutando trabajo: ERP SQL
[2026-07-10 00:18:40] [INFO] === Backup Center iniciado ===
[2026-07-10 00:18:40] [INFO] Subiendo: ERP_TEST.zip
[2026-07-10 00:18:40] [INFO] Subiendo: ERP_TEST_01.zip
[2026-07-10 00:18:40] [INFO] Subiendo: ERP_TEST_02.zip
[2026-07-10 00:18:40] [INFO] Subiendo: ERP_TEST_03.zip
[2026-07-10 00:18:40] [INFO] Subiendo: ERP_TEST_04.bak
[2026-07-10 00:18:40] [INFO] Subiendo: ERP_TEST_05.7z
[2026-07-10 00:18:40] [INFO] Subiendo: ERP_TEST_06.zip
[2026-07-10 00:18:40] [INFO] Subiendo: ERP_TEST_07.zip
[2026-07-10 00:18:40] [INFO] Subiendo: ERP_TEST_08.zip
[2026-07-10 00:18:40] [INFO] Subiendo: ERP_TEST_09.bak
[2026-07-10 00:18:40] [INFO] Subiendo: ERP_TEST_10.7z
[2026-07-10 00:18:40] [INFO] Subiendo: ERP_TEST_11.zip
[2026-07-10 00:18:40] [INFO] Subiendo: ERP_TEST_13.zip
[2026-07-10 00:18:40] [INFO] Subiendo: ERP_TEST_14.zip
[2026-07-10 00:18:40] [INFO] Subiendo: ERP_TEST_15.zip
[2026-07-10 00:18:40] [INFO] Subiendo: ERP_TEST_16.zip
[2026-07-10 00:18:40] [INFO] Subiendo: ERP_TEST_17.zip
[2026-07-10 00:18:40] [INFO] Subiendo: ERP_TEST_18.zip
[2026-07-10 00:18:40] [INFO] Subiendo: ERP_TEST_19.zip
[2026-07-10 00:18:40] [INFO] Subiendo: ERP_TEST_20.zip
[2026-07-10 00:18:40] [INFO] Subiendo: ERP_TEST_21.zip
[2026-07-10 00:18:40] [SUCCESS] Proceso finalizado.
[2026-07-10 00:18:50] [INFO] Ejecutando trabajo: ERP SQL
[2026-07-10 00:18:50] [INFO] === Backup Center iniciado ===
[2026-07-10 00:18:50] [INFO] Subiendo: ERP_TEST.zip
[2026-07-10 00:18:50] [INFO] Subiendo: ERP_TEST_01.zip
[2026-07-10 00:18:50] [INFO] Subiendo: ERP_TEST_02.zip
[2026-07-10 00:18:50] [INFO] Subiendo: ERP_TEST_03.zip
[2026-07-10 00:18:50] [INFO] Subiendo: ERP_TEST_04.bak
[2026-07-10 00:18:50] [INFO] Subiendo: ERP_TEST_05.7z
[2026-07-10 00:18:50] [INFO] Subiendo: ERP_TEST_06.zip
[2026-07-10 00:18:50] [INFO] Subiendo: ERP_TEST_07.zip
[2026-07-10 00:18:50] [INFO] Subiendo: ERP_TEST_08.zip
[2026-07-10 00:18:50] [INFO] Subiendo: ERP_TEST_09.bak
[2026-07-10 00:18:50] [INFO] Subiendo: ERP_TEST_10.7z
[2026-07-10 00:18:50] [INFO] Subiendo: ERP_TEST_11.zip
[2026-07-10 00:18:50] [INFO] Subiendo: ERP_TEST_13.zip
[2026-07-10 00:18:50] [INFO] Subiendo: ERP_TEST_14.zip
[2026-07-10 00:18:50] [INFO] Subiendo: ERP_TEST_15.zip
[2026-07-10 00:18:50] [INFO] Subiendo: ERP_TEST_16.zip
[2026-07-10 00:18:50] [INFO] Subiendo: ERP_TEST_17.zip
[2026-07-10 00:18:50] [INFO] Subiendo: ERP_TEST_18.zip
[2026-07-10 00:18:50] [INFO] Subiendo: ERP_TEST_19.zip
[2026-07-10 00:18:50] [INFO] Subiendo: ERP_TEST_20.zip
[2026-07-10 00:18:50] [INFO] Subiendo: ERP_TEST_21.zip
[2026-07-10 00:18:50] [SUCCESS] Proceso finalizado.
[2026-07-10 00:18:58] [INFO] Ejecutando trabajo: ERP SQL
[2026-07-10 00:18:58] [INFO] === Backup Center iniciado ===
[2026-07-10 00:18:58] [INFO] Subiendo: ERP_TEST.zip
[2026-07-10 00:18:58] [INFO] Subiendo: ERP_TEST_01.zip
[2026-07-10 00:18:58] [INFO] Subiendo: ERP_TEST_02.zip
[2026-07-10 00:18:58] [INFO] Subiendo: ERP_TEST_03.zip
[2026-07-10 00:18:58] [INFO] Subiendo: ERP_TEST_04.bak
[2026-07-10 00:18:58] [INFO] Subiendo: ERP_TEST_05.7z
[2026-07-10 00:18:58] [INFO] Subiendo: ERP_TEST_06.zip
[2026-07-10 00:18:58] [INFO] Subiendo: ERP_TEST_07.zip
[2026-07-10 00:18:58] [INFO] Subiendo: ERP_TEST_08.zip
[2026-07-10 00:18:58] [INFO] Subiendo: ERP_TEST_09.bak
[2026-07-10 00:18:58] [INFO] Subiendo: ERP_TEST_10.7z
[2026-07-10 00:18:58] [INFO] Subiendo: ERP_TEST_11.zip
[2026-07-10 00:18:58] [INFO] Subiendo: ERP_TEST_13.zip
[2026-07-10 00:18:58] [INFO] Subiendo: ERP_TEST_14.zip
[2026-07-10 00:18:58] [INFO] Subiendo: ERP_TEST_15.zip
[2026-07-10 00:18:58] [INFO] Subiendo: ERP_TEST_16.zip
[2026-07-10 00:18:58] [INFO] Subiendo: ERP_TEST_17.zip
[2026-07-10 00:18:58] [INFO] Subiendo: ERP_TEST_18.zip
[2026-07-10 00:18:58] [INFO] Subiendo: ERP_TEST_19.zip
[2026-07-10 00:18:58] [INFO] Subiendo: ERP_TEST_20.zip
[2026-07-10 00:18:58] [INFO] Subiendo: ERP_TEST_21.zip
[2026-07-10 00:18:58] [SUCCESS] Proceso finalizado.
[2026-07-10 00:19:09] [INFO] Ejecutando trabajo: ERP SQL
[2026-07-10 00:19:09] [INFO] === Backup Center iniciado ===
[2026-07-10 00:19:09] [INFO] Subiendo: ERP_TEST.zip
[2026-07-10 00:19:09] [INFO] Subiendo: ERP_TEST_01.zip
[2026-07-10 00:19:09] [INFO] Subiendo: ERP_TEST_02.zip
[2026-07-10 00:19:09] [INFO] Subiendo: ERP_TEST_03.zip
[2026-07-10 00:19:09] [INFO] Subiendo: ERP_TEST_04.bak
[2026-07-10 00:19:09] [INFO] Subiendo: ERP_TEST_05.7z
[2026-07-10 00:19:09] [INFO] Subiendo: ERP_TEST_06.zip
[2026-07-10 00:19:09] [INFO] Subiendo: ERP_TEST_07.zip
[2026-07-10 00:19:09] [INFO] Subiendo: ERP_TEST_08.zip
[2026-07-10 00:19:09] [INFO] Subiendo: ERP_TEST_09.bak
[2026-07-10 00:19:09] [INFO] Subiendo: ERP_TEST_10.7z
[2026-07-10 00:19:09] [INFO] Subiendo: ERP_TEST_11.zip
[2026-07-10 00:19:09] [INFO] Subiendo: ERP_TEST_13.zip
[2026-07-10 00:19:09] [INFO] Subiendo: ERP_TEST_14.zip
[2026-07-10 00:19:09] [INFO] Subiendo: ERP_TEST_15.zip
[2026-07-10 00:19:09] [INFO] Subiendo: ERP_TEST_16.zip
[2026-07-10 00:19:09] [INFO] Subiendo: ERP_TEST_17.zip
[2026-07-10 00:19:09] [INFO] Subiendo: ERP_TEST_18.zip
[2026-07-10 00:19:09] [INFO] Subiendo: ERP_TEST_19.zip
[2026-07-10 00:19:09] [INFO] Subiendo: ERP_TEST_20.zip
[2026-07-10 00:19:09] [INFO] Subiendo: ERP_TEST_21.zip
[2026-07-10 00:19:09] [SUCCESS] Proceso finalizado.
[2026-07-10 00:19:19] [INFO] Ejecutando trabajo: ERP SQL
[2026-07-10 00:19:19] [INFO] === Backup Center iniciado ===
[2026-07-10 00:19:19] [INFO] Subiendo: ERP_TEST.zip
[2026-07-10 00:19:19] [INFO] Subiendo: ERP_TEST_01.zip
[2026-07-10 00:19:19] [INFO] Subiendo: ERP_TEST_02.zip
[2026-07-10 00:19:19] [INFO] Subiendo: ERP_TEST_03.zip
[2026-07-10 00:19:19] [INFO] Subiendo: ERP_TEST_04.bak
[2026-07-10 00:19:19] [INFO] Subiendo: ERP_TEST_05.7z
[2026-07-10 00:19:19] [INFO] Subiendo: ERP_TEST_06.zip
[2026-07-10 00:19:19] [INFO] Subiendo: ERP_TEST_07.zip
[2026-07-10 00:19:19] [INFO] Subiendo: ERP_TEST_08.zip
[2026-07-10 00:19:19] [INFO] Subiendo: ERP_TEST_09.bak
[2026-07-10 00:19:19] [INFO] Subiendo: ERP_TEST_10.7z
[2026-07-10 00:19:19] [INFO] Subiendo: ERP_TEST_11.zip
[2026-07-10 00:19:19] [INFO] Subiendo: ERP_TEST_13.zip
[2026-07-10 00:19:19] [INFO] Subiendo: ERP_TEST_14.zip
[2026-07-10 00:19:19] [INFO] Subiendo: ERP_TEST_15.zip
[2026-07-10 00:19:19] [INFO] Subiendo: ERP_TEST_16.zip
[2026-07-10 00:19:19] [INFO] Subiendo: ERP_TEST_17.zip
[2026-07-10 00:19:19] [INFO] Subiendo: ERP_TEST_18.zip
[2026-07-10 00:19:19] [INFO] Subiendo: ERP_TEST_19.zip
[2026-07-10 00:19:19] [INFO] Subiendo: ERP_TEST_20.zip
[2026-07-10 00:19:19] [INFO] Subiendo: ERP_TEST_21.zip
[2026-07-10 00:19:19] [SUCCESS] Proceso finalizado.
[2026-07-10 00:19:29] [INFO] Ejecutando trabajo: ERP SQL
[2026-07-10 00:19:29] [INFO] === Backup Center iniciado ===
[2026-07-10 00:19:29] [INFO] Subiendo: ERP_TEST.zip
[2026-07-10 00:19:29] [INFO] Subiendo: ERP_TEST_01.zip
[2026-07-10 00:19:29] [INFO] Subiendo: ERP_TEST_02.zip
[2026-07-10 00:19:29] [INFO] Subiendo: ERP_TEST_03.zip
[2026-07-10 00:19:29] [INFO] Subiendo: ERP_TEST_04.bak
[2026-07-10 00:19:29] [INFO] Subiendo: ERP_TEST_05.7z
[2026-07-10 00:19:29] [INFO] Subiendo: ERP_TEST_06.zip
[2026-07-10 00:19:29] [INFO] Subiendo: ERP_TEST_07.zip
[2026-07-10 00:19:29] [INFO] Subiendo: ERP_TEST_08.zip
[2026-07-10 00:19:29] [INFO] Subiendo: ERP_TEST_09.bak
[2026-07-10 00:19:29] [INFO] Subiendo: ERP_TEST_10.7z
[2026-07-10 00:19:29] [INFO] Subiendo: ERP_TEST_11.zip
[2026-07-10 00:19:29] [INFO] Subiendo: ERP_TEST_13.zip
[2026-07-10 00:19:29] [INFO] Subiendo: ERP_TEST_14.zip
[2026-07-10 00:19:29] [INFO] Subiendo: ERP_TEST_15.zip
[2026-07-10 00:19:29] [INFO] Subiendo: ERP_TEST_16.zip
[2026-07-10 00:19:29] [INFO] Subiendo: ERP_TEST_17.zip
[2026-07-10 00:19:29] [INFO] Subiendo: ERP_TEST_18.zip
[2026-07-10 00:19:29] [INFO] Subiendo: ERP_TEST_19.zip
[2026-07-10 00:19:29] [INFO] Subiendo: ERP_TEST_20.zip
[2026-07-10 00:19:29] [INFO] Subiendo: ERP_TEST_21.zip
[2026-07-10 00:19:29] [SUCCESS] Proceso finalizado.
[2026-07-10 00:19:39] [INFO] Ejecutando trabajo: ERP SQL
[2026-07-10 00:19:39] [INFO] === Backup Center iniciado ===
[2026-07-10 00:19:39] [INFO] Subiendo: ERP_TEST.zip
[2026-07-10 00:19:39] [INFO] Subiendo: ERP_TEST_01.zip
[2026-07-10 00:19:39] [INFO] Subiendo: ERP_TEST_02.zip
[2026-07-10 00:19:39] [INFO] Subiendo: ERP_TEST_03.zip
[2026-07-10 00:19:39] [INFO] Subiendo: ERP_TEST_04.bak
[2026-07-10 00:19:39] [INFO] Subiendo: ERP_TEST_05.7z
[2026-07-10 00:19:39] [INFO] Subiendo: ERP_TEST_06.zip
[2026-07-10 00:19:39] [INFO] Subiendo: ERP_TEST_07.zip
[2026-07-10 00:19:39] [INFO] Subiendo: ERP_TEST_08.zip
[2026-07-10 00:19:39] [INFO] Subiendo: ERP_TEST_09.bak
[2026-07-10 00:19:39] [INFO] Subiendo: ERP_TEST_10.7z
[2026-07-10 00:19:39] [INFO] Subiendo: ERP_TEST_11.zip
[2026-07-10 00:19:39] [INFO] Subiendo: ERP_TEST_13.zip
[2026-07-10 00:19:39] [INFO] Subiendo: ERP_TEST_14.zip
[2026-07-10 00:19:39] [INFO] Subiendo: ERP_TEST_15.zip
[2026-07-10 00:19:39] [INFO] Subiendo: ERP_TEST_16.zip
[2026-07-10 00:19:39] [INFO] Subiendo: ERP_TEST_17.zip
[2026-07-10 00:19:39] [INFO] Subiendo: ERP_TEST_18.zip
[2026-07-10 00:19:39] [INFO] Subiendo: ERP_TEST_19.zip
[2026-07-10 00:19:39] [INFO] Subiendo: ERP_TEST_20.zip
[2026-07-10 00:19:39] [INFO] Subiendo: ERP_TEST_21.zip
[2026-07-10 00:19:39] [SUCCESS] Proceso finalizado.
[2026-07-10 00:19:49] [INFO] Ejecutando trabajo: ERP SQL
[2026-07-10 00:19:49] [INFO] === Backup Center iniciado ===
[2026-07-10 00:19:49] [INFO] Subiendo: ERP_TEST.zip
[2026-07-10 00:19:49] [INFO] Subiendo: ERP_TEST_01.zip
[2026-07-10 00:19:49] [INFO] Subiendo: ERP_TEST_02.zip
[2026-07-10 00:19:49] [INFO] Subiendo: ERP_TEST_03.zip
[2026-07-10 00:19:49] [INFO] Subiendo: ERP_TEST_04.bak
[2026-07-10 00:19:49] [INFO] Subiendo: ERP_TEST_05.7z
[2026-07-10 00:19:49] [INFO] Subiendo: ERP_TEST_06.zip
[2026-07-10 00:19:49] [INFO] Subiendo: ERP_TEST_07.zip
[2026-07-10 00:19:49] [INFO] Subiendo: ERP_TEST_08.zip
[2026-07-10 00:19:49] [INFO] Subiendo: ERP_TEST_09.bak
[2026-07-10 00:19:49] [INFO] Subiendo: ERP_TEST_10.7z
[2026-07-10 00:19:49] [INFO] Subiendo: ERP_TEST_11.zip
[2026-07-10 00:19:49] [INFO] Subiendo: ERP_TEST_13.zip
[2026-07-10 00:19:49] [INFO] Subiendo: ERP_TEST_14.zip
[2026-07-10 00:19:49] [INFO] Subiendo: ERP_TEST_15.zip
[2026-07-10 00:19:49] [INFO] Subiendo: ERP_TEST_16.zip
[2026-07-10 00:19:49] [INFO] Subiendo: ERP_TEST_17.zip
[2026-07-10 00:19:49] [INFO] Subiendo: ERP_TEST_18.zip
[2026-07-10 00:19:49] [INFO] Subiendo: ERP_TEST_19.zip
[2026-07-10 00:19:49] [INFO] Subiendo: ERP_TEST_20.zip
[2026-07-10 00:19:49] [INFO] Subiendo: ERP_TEST_21.zip
[2026-07-10 00:19:49] [SUCCESS] Proceso finalizado.
[2026-07-10 00:19:59] [INFO] Ejecutando trabajo: ERP SQL
[2026-07-10 00:19:59] [INFO] === Backup Center iniciado ===
[2026-07-10 00:19:59] [INFO] Subiendo: ERP_TEST.zip
[2026-07-10 00:19:59] [INFO] Subiendo: ERP_TEST_01.zip
[2026-07-10 00:19:59] [INFO] Subiendo: ERP_TEST_02.zip
[2026-07-10 00:19:59] [INFO] Subiendo: ERP_TEST_03.zip
[2026-07-10 00:19:59] [INFO] Subiendo: ERP_TEST_04.bak
[2026-07-10 00:19:59] [INFO] Subiendo: ERP_TEST_05.7z
[2026-07-10 00:19:59] [INFO] Subiendo: ERP_TEST_06.zip
[2026-07-10 00:19:59] [INFO] Subiendo: ERP_TEST_07.zip
[2026-07-10 00:19:59] [INFO] Subiendo: ERP_TEST_08.zip
[2026-07-10 00:19:59] [INFO] Subiendo: ERP_TEST_09.bak
[2026-07-10 00:19:59] [INFO] Subiendo: ERP_TEST_10.7z
[2026-07-10 00:19:59] [INFO] Subiendo: ERP_TEST_11.zip
[2026-07-10 00:19:59] [INFO] Subiendo: ERP_TEST_13.zip
[2026-07-10 00:19:59] [INFO] Subiendo: ERP_TEST_14.zip
[2026-07-10 00:19:59] [INFO] Subiendo: ERP_TEST_15.zip
[2026-07-10 00:19:59] [INFO] Subiendo: ERP_TEST_16.zip
[2026-07-10 00:19:59] [INFO] Subiendo: ERP_TEST_17.zip
[2026-07-10 00:19:59] [INFO] Subiendo: ERP_TEST_18.zip
[2026-07-10 00:19:59] [INFO] Subiendo: ERP_TEST_19.zip
[2026-07-10 00:19:59] [INFO] Subiendo: ERP_TEST_20.zip
[2026-07-10 00:19:59] [INFO] Subiendo: ERP_TEST_21.zip
[2026-07-10 00:19:59] [SUCCESS] Proceso finalizado.
[2026-07-10 00:20:09] [INFO] Ejecutando trabajo: ERP SQL
[2026-07-10 00:20:09] [INFO] === Backup Center iniciado ===
[2026-07-10 00:20:09] [INFO] Subiendo: ERP_TEST.zip
[2026-07-10 00:20:09] [INFO] Subiendo: ERP_TEST_01.zip
[2026-07-10 00:20:09] [INFO] Subiendo: ERP_TEST_02.zip
[2026-07-10 00:20:09] [INFO] Subiendo: ERP_TEST_03.zip
[2026-07-10 00:20:09] [INFO] Subiendo: ERP_TEST_04.bak
[2026-07-10 00:20:09] [INFO] Subiendo: ERP_TEST_05.7z
[2026-07-10 00:20:09] [INFO] Subiendo: ERP_TEST_06.zip
[2026-07-10 00:20:09] [INFO] Subiendo: ERP_TEST_07.zip
[2026-07-10 00:20:09] [INFO] Subiendo: ERP_TEST_08.zip
[2026-07-10 00:20:09] [INFO] Subiendo: ERP_TEST_09.bak
[2026-07-10 00:20:09] [INFO] Subiendo: ERP_TEST_10.7z
[2026-07-10 00:20:09] [INFO] Subiendo: ERP_TEST_11.zip
[2026-07-10 00:20:09] [INFO] Subiendo: ERP_TEST_13.zip
[2026-07-10 00:20:09] [INFO] Subiendo: ERP_TEST_14.zip
[2026-07-10 00:20:09] [INFO] Subiendo: ERP_TEST_15.zip
[2026-07-10 00:20:09] [INFO] Subiendo: ERP_TEST_16.zip
[2026-07-10 00:20:09] [INFO] Subiendo: ERP_TEST_17.zip
[2026-07-10 00:20:09] [INFO] Subiendo: ERP_TEST_18.zip
[2026-07-10 00:20:09] [INFO] Subiendo: ERP_TEST_19.zip
[2026-07-10 00:20:09] [INFO] Subiendo: ERP_TEST_20.zip
[2026-07-10 00:20:09] [INFO] Subiendo: ERP_TEST_21.zip
[2026-07-10 00:20:09] [SUCCESS] Proceso finalizado.
[2026-07-10 00:20:19] [INFO] Ejecutando trabajo: ERP SQL
[2026-07-10 00:20:19] [INFO] === Backup Center iniciado ===
[2026-07-10 00:20:19] [INFO] Subiendo: ERP_TEST.zip
[2026-07-10 00:20:19] [INFO] Subiendo: ERP_TEST_01.zip
[2026-07-10 00:20:19] [INFO] Subiendo: ERP_TEST_02.zip
[2026-07-10 00:20:19] [INFO] Subiendo: ERP_TEST_03.zip
[2026-07-10 00:20:19] [INFO] Subiendo: ERP_TEST_04.bak
[2026-07-10 00:20:19] [INFO] Subiendo: ERP_TEST_05.7z
[2026-07-10 00:20:19] [INFO] Subiendo: ERP_TEST_06.zip
[2026-07-10 00:20:19] [INFO] Subiendo: ERP_TEST_07.zip
[2026-07-10 00:20:19] [INFO] Subiendo: ERP_TEST_08.zip
[2026-07-10 00:20:19] [INFO] Subiendo: ERP_TEST_09.bak
[2026-07-10 00:20:19] [INFO] Subiendo: ERP_TEST_10.7z
[2026-07-10 00:20:19] [INFO] Subiendo: ERP_TEST_11.zip
[2026-07-10 00:20:19] [INFO] Subiendo: ERP_TEST_13.zip
[2026-07-10 00:20:19] [INFO] Subiendo: ERP_TEST_14.zip
[2026-07-10 00:20:19] [INFO] Subiendo: ERP_TEST_15.zip
[2026-07-10 00:20:19] [INFO] Subiendo: ERP_TEST_16.zip
[2026-07-10 00:20:19] [INFO] Subiendo: ERP_TEST_17.zip
[2026-07-10 00:20:19] [INFO] Subiendo: ERP_TEST_18.zip
[2026-07-10 00:20:19] [INFO] Subiendo: ERP_TEST_19.zip
[2026-07-10 00:20:19] [INFO] Subiendo: ERP_TEST_20.zip
[2026-07-10 00:20:19] [INFO] Subiendo: ERP_TEST_21.zip
[2026-07-10 00:20:19] [SUCCESS] Proceso finalizado.
[2026-07-10 00:20:29] [INFO] Ejecutando trabajo: ERP SQL
[2026-07-10 00:20:29] [INFO] === Backup Center iniciado ===
[2026-07-10 00:20:29] [INFO] Subiendo: ERP_TEST.zip
[2026-07-10 00:20:29] [INFO] Subiendo: ERP_TEST_01.zip
[2026-07-10 00:20:29] [INFO] Subiendo: ERP_TEST_02.zip
[2026-07-10 00:20:29] [INFO] Subiendo: ERP_TEST_03.zip
[2026-07-10 00:20:29] [INFO] Subiendo: ERP_TEST_04.bak
[2026-07-10 00:20:29] [INFO] Subiendo: ERP_TEST_05.7z
[2026-07-10 00:20:29] [INFO] Subiendo: ERP_TEST_06.zip
[2026-07-10 00:20:29] [INFO] Subiendo: ERP_TEST_07.zip
[2026-07-10 00:20:29] [INFO] Subiendo: ERP_TEST_08.zip
[2026-07-10 00:20:29] [INFO] Subiendo: ERP_TEST_09.bak
[2026-07-10 00:20:29] [INFO] Subiendo: ERP_TEST_10.7z
[2026-07-10 00:20:29] [INFO] Subiendo: ERP_TEST_11.zip
[2026-07-10 00:20:29] [INFO] Subiendo: ERP_TEST_13.zip
[2026-07-10 00:20:29] [INFO] Subiendo: ERP_TEST_14.zip
[2026-07-10 00:20:29] [INFO] Subiendo: ERP_TEST_15.zip
[2026-07-10 00:20:29] [INFO] Subiendo: ERP_TEST_16.zip
[2026-07-10 00:20:29] [INFO] Subiendo: ERP_TEST_17.zip
[2026-07-10 00:20:29] [INFO] Subiendo: ERP_TEST_18.zip
[2026-07-10 00:20:29] [INFO] Subiendo: ERP_TEST_19.zip
[2026-07-10 00:20:29] [INFO] Subiendo: ERP_TEST_20.zip
[2026-07-10 00:20:29] [INFO] Subiendo: ERP_TEST_21.zip
[2026-07-10 00:20:29] [SUCCESS] Proceso finalizado.
[2026-07-10 00:20:40] [INFO] Ejecutando trabajo: ERP SQL
[2026-07-10 00:20:40] [INFO] === Backup Center iniciado ===
[2026-07-10 00:20:40] [INFO] Subiendo: ERP_TEST.zip
[2026-07-10 00:20:40] [INFO] Subiendo: ERP_TEST_01.zip
[2026-07-10 00:20:40] [INFO] Subiendo: ERP_TEST_02.zip
[2026-07-10 00:20:40] [INFO] Subiendo: ERP_TEST_03.zip
[2026-07-10 00:20:40] [INFO] Subiendo: ERP_TEST_04.bak
[2026-07-10 00:20:40] [INFO] Subiendo: ERP_TEST_05.7z
[2026-07-10 00:20:40] [INFO] Subiendo: ERP_TEST_06.zip
[2026-07-10 00:20:40] [INFO] Subiendo: ERP_TEST_07.zip
[2026-07-10 00:20:40] [INFO] Subiendo: ERP_TEST_08.zip
[2026-07-10 00:20:40] [INFO] Subiendo: ERP_TEST_09.bak
[2026-07-10 00:20:40] [INFO] Subiendo: ERP_TEST_10.7z
[2026-07-10 00:20:40] [INFO] Subiendo: ERP_TEST_11.zip
[2026-07-10 00:20:40] [INFO] Subiendo: ERP_TEST_13.zip
[2026-07-10 00:20:40] [INFO] Subiendo: ERP_TEST_14.zip
[2026-07-10 00:20:40] [INFO] Subiendo: ERP_TEST_15.zip
[2026-07-10 00:20:40] [INFO] Subiendo: ERP_TEST_16.zip
[2026-07-10 00:20:40] [INFO] Subiendo: ERP_TEST_17.zip
[2026-07-10 00:20:40] [INFO] Subiendo: ERP_TEST_18.zip
[2026-07-10 00:20:40] [INFO] Subiendo: ERP_TEST_19.zip
[2026-07-10 00:20:40] [INFO] Subiendo: ERP_TEST_20.zip
[2026-07-10 00:20:40] [INFO] Subiendo: ERP_TEST_21.zip
[2026-07-10 00:20:40] [SUCCESS] Proceso finalizado.
[2026-07-10 00:20:50] [INFO] Ejecutando trabajo: ERP SQL
[2026-07-10 00:20:50] [INFO] === Backup Center iniciado ===
[2026-07-10 00:20:50] [INFO] Subiendo: ERP_TEST.zip
[2026-07-10 00:20:50] [INFO] Subiendo: ERP_TEST_01.zip
[2026-07-10 00:20:50] [INFO] Subiendo: ERP_TEST_02.zip
[2026-07-10 00:20:50] [INFO] Subiendo: ERP_TEST_03.zip
[2026-07-10 00:20:50] [INFO] Subiendo: ERP_TEST_04.bak
[2026-07-10 00:20:50] [INFO] Subiendo: ERP_TEST_05.7z
[2026-07-10 00:20:50] [INFO] Subiendo: ERP_TEST_06.zip
[2026-07-10 00:20:50] [INFO] Subiendo: ERP_TEST_07.zip
[2026-07-10 00:20:50] [INFO] Subiendo: ERP_TEST_08.zip
[2026-07-10 00:20:50] [INFO] Subiendo: ERP_TEST_09.bak
[2026-07-10 00:20:50] [INFO] Subiendo: ERP_TEST_10.7z
[2026-07-10 00:20:50] [INFO] Subiendo: ERP_TEST_11.zip
[2026-07-10 00:20:50] [INFO] Subiendo: ERP_TEST_13.zip
[2026-07-10 00:20:50] [INFO] Subiendo: ERP_TEST_14.zip
[2026-07-10 00:20:50] [INFO] Subiendo: ERP_TEST_15.zip
[2026-07-10 00:20:50] [INFO] Subiendo: ERP_TEST_16.zip
[2026-07-10 00:20:50] [INFO] Subiendo: ERP_TEST_17.zip
[2026-07-10 00:20:50] [INFO] Subiendo: ERP_TEST_18.zip
[2026-07-10 00:20:50] [INFO] Subiendo: ERP_TEST_19.zip
[2026-07-10 00:20:50] [INFO] Subiendo: ERP_TEST_20.zip
[2026-07-10 00:20:50] [INFO] Subiendo: ERP_TEST_21.zip
[2026-07-10 00:20:50] [SUCCESS] Proceso finalizado.
[2026-07-10 00:21:00] [INFO] Ejecutando trabajo: ERP SQL
[2026-07-10 00:21:00] [INFO] === Backup Center iniciado ===
[2026-07-10 00:21:00] [INFO] Subiendo: ERP_TEST.zip
[2026-07-10 00:21:00] [INFO] Subiendo: ERP_TEST_01.zip
[2026-07-10 00:21:00] [INFO] Subiendo: ERP_TEST_02.zip
[2026-07-10 00:21:00] [INFO] Subiendo: ERP_TEST_03.zip
[2026-07-10 00:21:00] [INFO] Subiendo: ERP_TEST_04.bak
[2026-07-10 00:21:00] [INFO] Subiendo: ERP_TEST_05.7z
[2026-07-10 00:21:00] [INFO] Subiendo: ERP_TEST_06.zip
[2026-07-10 00:21:00] [INFO] Subiendo: ERP_TEST_07.zip
[2026-07-10 00:21:00] [INFO] Subiendo: ERP_TEST_08.zip
[2026-07-10 00:21:00] [INFO] Subiendo: ERP_TEST_09.bak
[2026-07-10 00:21:00] [INFO] Subiendo: ERP_TEST_10.7z
[2026-07-10 00:21:00] [INFO] Subiendo: ERP_TEST_11.zip
[2026-07-10 00:21:00] [INFO] Subiendo: ERP_TEST_13.zip
[2026-07-10 00:21:00] [INFO] Subiendo: ERP_TEST_14.zip
[2026-07-10 00:21:00] [INFO] Subiendo: ERP_TEST_15.zip
[2026-07-10 00:21:00] [INFO] Subiendo: ERP_TEST_16.zip
[2026-07-10 00:21:00] [INFO] Subiendo: ERP_TEST_17.zip
[2026-07-10 00:21:00] [INFO] Subiendo: ERP_TEST_18.zip
[2026-07-10 00:21:00] [INFO] Subiendo: ERP_TEST_19.zip
[2026-07-10 00:21:00] [INFO] Subiendo: ERP_TEST_20.zip
[2026-07-10 00:21:00] [INFO] Subiendo: ERP_TEST_21.zip
[2026-07-10 00:21:00] [SUCCESS] Proceso finalizado.
[2026-07-10 00:21:10] [INFO] Ejecutando trabajo: ERP SQL
[2026-07-10 00:21:10] [INFO] === Backup Center iniciado ===
[2026-07-10 00:21:10] [INFO] Subiendo: ERP_TEST.zip
[2026-07-10 00:21:10] [INFO] Subiendo: ERP_TEST_01.zip
[2026-07-10 00:21:10] [INFO] Subiendo: ERP_TEST_02.zip
[2026-07-10 00:21:10] [INFO] Subiendo: ERP_TEST_03.zip
[2026-07-10 00:21:10] [INFO] Subiendo: ERP_TEST_04.bak
[2026-07-10 00:21:10] [INFO] Subiendo: ERP_TEST_05.7z
[2026-07-10 00:21:10] [INFO] Subiendo: ERP_TEST_06.zip
[2026-07-10 00:21:10] [INFO] Subiendo: ERP_TEST_07.zip
[2026-07-10 00:21:10] [INFO] Subiendo: ERP_TEST_08.zip
[2026-07-10 00:21:10] [INFO] Subiendo: ERP_TEST_09.bak
[2026-07-10 00:21:10] [INFO] Subiendo: ERP_TEST_10.7z
[2026-07-10 00:21:10] [INFO] Subiendo: ERP_TEST_11.zip
[2026-07-10 00:21:10] [INFO] Subiendo: ERP_TEST_13.zip
[2026-07-10 00:21:10] [INFO] Subiendo: ERP_TEST_14.zip
[2026-07-10 00:21:10] [INFO] Subiendo: ERP_TEST_15.zip
[2026-07-10 00:21:10] [INFO] Subiendo: ERP_TEST_16.zip
[2026-07-10 00:21:10] [INFO] Subiendo: ERP_TEST_17.zip
[2026-07-10 00:21:10] [INFO] Subiendo: ERP_TEST_18.zip
[2026-07-10 00:21:10] [INFO] Subiendo: ERP_TEST_19.zip
[2026-07-10 00:21:10] [INFO] Subiendo: ERP_TEST_20.zip
[2026-07-10 00:21:10] [INFO] Subiendo: ERP_TEST_21.zip
[2026-07-10 00:21:10] [SUCCESS] Proceso finalizado.
[2026-07-10 00:21:20] [INFO] Ejecutando trabajo: ERP SQL
[2026-07-10 00:21:20] [INFO] === Backup Center iniciado ===
[2026-07-10 00:21:20] [INFO] Subiendo: ERP_TEST.zip
[2026-07-10 00:21:20] [INFO] Subiendo: ERP_TEST_01.zip
[2026-07-10 00:21:20] [INFO] Subiendo: ERP_TEST_02.zip
[2026-07-10 00:21:20] [INFO] Subiendo: ERP_TEST_03.zip
[2026-07-10 00:21:20] [INFO] Subiendo: ERP_TEST_04.bak
[2026-07-10 00:21:20] [INFO] Subiendo: ERP_TEST_05.7z
[2026-07-10 00:21:20] [INFO] Subiendo: ERP_TEST_06.zip
[2026-07-10 00:21:20] [INFO] Subiendo: ERP_TEST_07.zip
[2026-07-10 00:21:20] [INFO] Subiendo: ERP_TEST_08.zip
[2026-07-10 00:21:20] [INFO] Subiendo: ERP_TEST_09.bak
[2026-07-10 00:21:20] [INFO] Subiendo: ERP_TEST_10.7z
[2026-07-10 00:21:20] [INFO] Subiendo: ERP_TEST_11.zip
[2026-07-10 00:21:20] [INFO] Subiendo: ERP_TEST_13.zip
[2026-07-10 00:21:20] [INFO] Subiendo: ERP_TEST_14.zip
[2026-07-10 00:21:20] [INFO] Subiendo: ERP_TEST_15.zip
[2026-07-10 00:21:20] [INFO] Subiendo: ERP_TEST_16.zip
[2026-07-10 00:21:20] [INFO] Subiendo: ERP_TEST_17.zip
[2026-07-10 00:21:20] [INFO] Subiendo: ERP_TEST_18.zip
[2026-07-10 00:21:20] [INFO] Subiendo: ERP_TEST_19.zip
[2026-07-10 00:21:20] [INFO] Subiendo: ERP_TEST_20.zip
[2026-07-10 00:21:20] [INFO] Subiendo: ERP_TEST_21.zip
[2026-07-10 00:21:20] [SUCCESS] Proceso finalizado.
[2026-07-10 00:21:30] [INFO] Ejecutando trabajo: ERP SQL
[2026-07-10 00:21:30] [INFO] === Backup Center iniciado ===
[2026-07-10 00:21:30] [INFO] Subiendo: ERP_TEST.zip
[2026-07-10 00:21:30] [INFO] Subiendo: ERP_TEST_01.zip
[2026-07-10 00:21:30] [INFO] Subiendo: ERP_TEST_02.zip
[2026-07-10 00:21:30] [INFO] Subiendo: ERP_TEST_03.zip
[2026-07-10 00:21:30] [INFO] Subiendo: ERP_TEST_04.bak
[2026-07-10 00:21:30] [INFO] Subiendo: ERP_TEST_05.7z
[2026-07-10 00:21:30] [INFO] Subiendo: ERP_TEST_06.zip
[2026-07-10 00:21:30] [INFO] Subiendo: ERP_TEST_07.zip
[2026-07-10 00:21:30] [INFO] Subiendo: ERP_TEST_08.zip
[2026-07-10 00:21:30] [INFO] Subiendo: ERP_TEST_09.bak
[2026-07-10 00:21:30] [INFO] Subiendo: ERP_TEST_10.7z
[2026-07-10 00:21:30] [INFO] Subiendo: ERP_TEST_11.zip
[2026-07-10 00:21:30] [INFO] Subiendo: ERP_TEST_13.zip
[2026-07-10 00:21:30] [INFO] Subiendo: ERP_TEST_14.zip
[2026-07-10 00:21:30] [INFO] Subiendo: ERP_TEST_15.zip
[2026-07-10 00:21:30] [INFO] Subiendo: ERP_TEST_16.zip
[2026-07-10 00:21:30] [INFO] Subiendo: ERP_TEST_17.zip
[2026-07-10 00:21:30] [INFO] Subiendo: ERP_TEST_18.zip
[2026-07-10 00:21:30] [INFO] Subiendo: ERP_TEST_19.zip
[2026-07-10 00:21:30] [INFO] Subiendo: ERP_TEST_20.zip
[2026-07-10 00:21:30] [INFO] Subiendo: ERP_TEST_21.zip
[2026-07-10 00:21:30] [SUCCESS] Proceso finalizado.
[2026-07-10 00:21:40] [INFO] Ejecutando trabajo: ERP SQL
[2026-07-10 00:21:40] [INFO] === Backup Center iniciado ===
[2026-07-10 00:21:40] [INFO] Subiendo: ERP_TEST.zip
[2026-07-10 00:21:40] [INFO] Subiendo: ERP_TEST_01.zip
[2026-07-10 00:21:40] [INFO] Subiendo: ERP_TEST_02.zip
[2026-07-10 00:21:40] [INFO] Subiendo: ERP_TEST_03.zip
[2026-07-10 00:21:40] [INFO] Subiendo: ERP_TEST_04.bak
[2026-07-10 00:21:40] [INFO] Subiendo: ERP_TEST_05.7z
[2026-07-10 00:21:40] [INFO] Subiendo: ERP_TEST_06.zip
[2026-07-10 00:21:40] [INFO] Subiendo: ERP_TEST_07.zip
[2026-07-10 00:21:40] [INFO] Subiendo: ERP_TEST_08.zip
[2026-07-10 00:21:40] [INFO] Subiendo: ERP_TEST_09.bak
[2026-07-10 00:21:40] [INFO] Subiendo: ERP_TEST_10.7z
[2026-07-10 00:21:40] [INFO] Subiendo: ERP_TEST_11.zip
[2026-07-10 00:21:40] [INFO] Subiendo: ERP_TEST_13.zip
[2026-07-10 00:21:40] [INFO] Subiendo: ERP_TEST_14.zip
[2026-07-10 00:21:40] [INFO] Subiendo: ERP_TEST_15.zip
[2026-07-10 00:21:40] [INFO] Subiendo: ERP_TEST_16.zip
[2026-07-10 00:21:40] [INFO] Subiendo: ERP_TEST_17.zip
[2026-07-10 00:21:40] [INFO] Subiendo: ERP_TEST_18.zip
[2026-07-10 00:21:40] [INFO] Subiendo: ERP_TEST_19.zip
[2026-07-10 00:21:40] [INFO] Subiendo: ERP_TEST_20.zip
[2026-07-10 00:21:40] [INFO] Subiendo: ERP_TEST_21.zip
[2026-07-10 00:21:40] [SUCCESS] Proceso finalizado.
[2026-07-10 00:21:50] [INFO] Ejecutando trabajo: ERP SQL
[2026-07-10 00:21:50] [INFO] === Backup Center iniciado ===
[2026-07-10 00:21:50] [INFO] Subiendo: ERP_TEST.zip
[2026-07-10 00:21:50] [INFO] Subiendo: ERP_TEST_01.zip
[2026-07-10 00:21:50] [INFO] Subiendo: ERP_TEST_02.zip
[2026-07-10 00:21:50] [INFO] Subiendo: ERP_TEST_03.zip
[2026-07-10 00:21:50] [INFO] Subiendo: ERP_TEST_04.bak
[2026-07-10 00:21:50] [INFO] Subiendo: ERP_TEST_05.7z
[2026-07-10 00:21:50] [INFO] Subiendo: ERP_TEST_06.zip
[2026-07-10 00:21:50] [INFO] Subiendo: ERP_TEST_07.zip
[2026-07-10 00:21:50] [INFO] Subiendo: ERP_TEST_08.zip
[2026-07-10 00:21:50] [INFO] Subiendo: ERP_TEST_09.bak
[2026-07-10 00:21:50] [INFO] Subiendo: ERP_TEST_10.7z
[2026-07-10 00:21:50] [INFO] Subiendo: ERP_TEST_11.zip
[2026-07-10 00:21:50] [INFO] Subiendo: ERP_TEST_13.zip
[2026-07-10 00:21:50] [INFO] Subiendo: ERP_TEST_14.zip
[2026-07-10 00:21:50] [INFO] Subiendo: ERP_TEST_15.zip
[2026-07-10 00:21:50] [INFO] Subiendo: ERP_TEST_16.zip
[2026-07-10 00:21:50] [INFO] Subiendo: ERP_TEST_17.zip
[2026-07-10 00:21:50] [INFO] Subiendo: ERP_TEST_18.zip
[2026-07-10 00:21:50] [INFO] Subiendo: ERP_TEST_19.zip
[2026-07-10 00:21:50] [INFO] Subiendo: ERP_TEST_20.zip
[2026-07-10 00:21:50] [INFO] Subiendo: ERP_TEST_21.zip
[2026-07-10 00:21:50] [SUCCESS] Proceso finalizado.
[2026-07-10 00:22:00] [INFO] Ejecutando trabajo: ERP SQL
[2026-07-10 00:22:00] [INFO] === Backup Center iniciado ===
[2026-07-10 00:22:00] [INFO] Subiendo: ERP_TEST.zip
[2026-07-10 00:22:00] [INFO] Subiendo: ERP_TEST_01.zip
[2026-07-10 00:22:00] [INFO] Subiendo: ERP_TEST_02.zip
[2026-07-10 00:22:00] [INFO] Subiendo: ERP_TEST_03.zip
[2026-07-10 00:22:00] [INFO] Subiendo: ERP_TEST_04.bak
[2026-07-10 00:22:00] [INFO] Subiendo: ERP_TEST_05.7z
[2026-07-10 00:22:00] [INFO] Subiendo: ERP_TEST_06.zip
[2026-07-10 00:22:00] [INFO] Subiendo: ERP_TEST_07.zip
[2026-07-10 00:22:00] [INFO] Subiendo: ERP_TEST_08.zip
[2026-07-10 00:22:00] [INFO] Subiendo: ERP_TEST_09.bak
[2026-07-10 00:22:00] [INFO] Subiendo: ERP_TEST_10.7z
[2026-07-10 00:22:00] [INFO] Subiendo: ERP_TEST_11.zip
[2026-07-10 00:22:00] [INFO] Subiendo: ERP_TEST_13.zip
[2026-07-10 00:22:00] [INFO] Subiendo: ERP_TEST_14.zip
[2026-07-10 00:22:00] [INFO] Subiendo: ERP_TEST_15.zip
[2026-07-10 00:22:00] [INFO] Subiendo: ERP_TEST_16.zip
[2026-07-10 00:22:00] [INFO] Subiendo: ERP_TEST_17.zip
[2026-07-10 00:22:00] [INFO] Subiendo: ERP_TEST_18.zip
[2026-07-10 00:22:00] [INFO] Subiendo: ERP_TEST_19.zip
[2026-07-10 00:22:00] [INFO] Subiendo: ERP_TEST_20.zip
[2026-07-10 00:22:00] [INFO] Subiendo: ERP_TEST_21.zip
[2026-07-10 00:22:00] [SUCCESS] Proceso finalizado.
[2026-07-10 00:22:10] [INFO] Ejecutando trabajo: ERP SQL
[2026-07-10 00:22:10] [INFO] === Backup Center iniciado ===
[2026-07-10 00:22:10] [INFO] Subiendo: ERP_TEST.zip
[2026-07-10 00:22:10] [INFO] Subiendo: ERP_TEST_01.zip
[2026-07-10 00:22:10] [INFO] Subiendo: ERP_TEST_02.zip
[2026-07-10 00:22:10] [INFO] Subiendo: ERP_TEST_03.zip
[2026-07-10 00:22:10] [INFO] Subiendo: ERP_TEST_04.bak
[2026-07-10 00:22:10] [INFO] Subiendo: ERP_TEST_05.7z
[2026-07-10 00:22:10] [INFO] Subiendo: ERP_TEST_06.zip
[2026-07-10 00:22:10] [INFO] Subiendo: ERP_TEST_07.zip
[2026-07-10 00:22:10] [INFO] Subiendo: ERP_TEST_08.zip
[2026-07-10 00:22:10] [INFO] Subiendo: ERP_TEST_09.bak
[2026-07-10 00:22:10] [INFO] Subiendo: ERP_TEST_10.7z
[2026-07-10 00:22:10] [INFO] Subiendo: ERP_TEST_11.zip
[2026-07-10 00:22:10] [INFO] Subiendo: ERP_TEST_13.zip
[2026-07-10 00:22:10] [INFO] Subiendo: ERP_TEST_14.zip
[2026-07-10 00:22:10] [INFO] Subiendo: ERP_TEST_15.zip
[2026-07-10 00:22:10] [INFO] Subiendo: ERP_TEST_16.zip
[2026-07-10 00:22:10] [INFO] Subiendo: ERP_TEST_17.zip
[2026-07-10 00:22:10] [INFO] Subiendo: ERP_TEST_18.zip
[2026-07-10 00:22:10] [INFO] Subiendo: ERP_TEST_19.zip
[2026-07-10 00:22:10] [INFO] Subiendo: ERP_TEST_20.zip
[2026-07-10 00:22:10] [INFO] Subiendo: ERP_TEST_21.zip
[2026-07-10 00:22:10] [SUCCESS] Proceso finalizado.
[2026-07-10 00:22:21] [INFO] Ejecutando trabajo: ERP SQL
[2026-07-10 00:22:21] [INFO] === Backup Center iniciado ===
[2026-07-10 00:22:21] [INFO] Subiendo: ERP_TEST.zip
[2026-07-10 00:22:21] [INFO] Subiendo: ERP_TEST_01.zip
[2026-07-10 00:22:21] [INFO] Subiendo: ERP_TEST_02.zip
[2026-07-10 00:22:21] [INFO] Subiendo: ERP_TEST_03.zip
[2026-07-10 00:22:21] [INFO] Subiendo: ERP_TEST_04.bak
[2026-07-10 00:22:21] [INFO] Subiendo: ERP_TEST_05.7z
[2026-07-10 00:22:21] [INFO] Subiendo: ERP_TEST_06.zip
[2026-07-10 00:22:21] [INFO] Subiendo: ERP_TEST_07.zip
[2026-07-10 00:22:21] [INFO] Subiendo: ERP_TEST_08.zip
[2026-07-10 00:22:21] [INFO] Subiendo: ERP_TEST_09.bak
[2026-07-10 00:22:21] [INFO] Subiendo: ERP_TEST_10.7z
[2026-07-10 00:22:21] [INFO] Subiendo: ERP_TEST_11.zip
[2026-07-10 00:22:21] [INFO] Subiendo: ERP_TEST_13.zip
[2026-07-10 00:22:21] [INFO] Subiendo: ERP_TEST_14.zip
[2026-07-10 00:22:21] [INFO] Subiendo: ERP_TEST_15.zip
[2026-07-10 00:22:21] [INFO] Subiendo: ERP_TEST_16.zip
[2026-07-10 00:22:21] [INFO] Subiendo: ERP_TEST_17.zip
[2026-07-10 00:22:21] [INFO] Subiendo: ERP_TEST_18.zip
[2026-07-10 00:22:21] [INFO] Subiendo: ERP_TEST_19.zip
[2026-07-10 00:22:21] [INFO] Subiendo: ERP_TEST_20.zip
[2026-07-10 00:22:21] [INFO] Subiendo: ERP_TEST_21.zip
[2026-07-10 00:22:21] [SUCCESS] Proceso finalizado.
[2026-07-10 00:22:31] [INFO] Ejecutando trabajo: ERP SQL
[2026-07-10 00:22:31] [INFO] === Backup Center iniciado ===
[2026-07-10 00:22:31] [INFO] Subiendo: ERP_TEST.zip
[2026-07-10 00:22:31] [INFO] Subiendo: ERP_TEST_01.zip
[2026-07-10 00:22:31] [INFO] Subiendo: ERP_TEST_02.zip
[2026-07-10 00:22:31] [INFO] Subiendo: ERP_TEST_03.zip
[2026-07-10 00:22:31] [INFO] Subiendo: ERP_TEST_04.bak
[2026-07-10 00:22:31] [INFO] Subiendo: ERP_TEST_05.7z
[2026-07-10 00:22:31] [INFO] Subiendo: ERP_TEST_06.zip
[2026-07-10 00:22:31] [INFO] Subiendo: ERP_TEST_07.zip
[2026-07-10 00:22:31] [INFO] Subiendo: ERP_TEST_08.zip
[2026-07-10 00:22:31] [INFO] Subiendo: ERP_TEST_09.bak
[2026-07-10 00:22:31] [INFO] Subiendo: ERP_TEST_10.7z
[2026-07-10 00:22:31] [INFO] Subiendo: ERP_TEST_11.zip
[2026-07-10 00:22:31] [INFO] Subiendo: ERP_TEST_13.zip
[2026-07-10 00:22:31] [INFO] Subiendo: ERP_TEST_14.zip
[2026-07-10 00:22:31] [INFO] Subiendo: ERP_TEST_15.zip
[2026-07-10 00:22:31] [INFO] Subiendo: ERP_TEST_16.zip
[2026-07-10 00:22:31] [INFO] Subiendo: ERP_TEST_17.zip
[2026-07-10 00:22:31] [INFO] Subiendo: ERP_TEST_18.zip
[2026-07-10 00:22:31] [INFO] Subiendo: ERP_TEST_19.zip
[2026-07-10 00:22:31] [INFO] Subiendo: ERP_TEST_20.zip
[2026-07-10 00:22:31] [INFO] Subiendo: ERP_TEST_21.zip
[2026-07-10 00:22:31] [SUCCESS] Proceso finalizado.
[2026-07-10 00:22:41] [INFO] Ejecutando trabajo: ERP SQL
[2026-07-10 00:22:41] [INFO] === Backup Center iniciado ===
[2026-07-10 00:22:41] [INFO] Subiendo: ERP_TEST.zip
[2026-07-10 00:22:41] [INFO] Subiendo: ERP_TEST_01.zip
[2026-07-10 00:22:41] [INFO] Subiendo: ERP_TEST_02.zip
[2026-07-10 00:22:41] [INFO] Subiendo: ERP_TEST_03.zip
[2026-07-10 00:22:41] [INFO] Subiendo: ERP_TEST_04.bak
[2026-07-10 00:22:41] [INFO] Subiendo: ERP_TEST_05.7z
[2026-07-10 00:22:41] [INFO] Subiendo: ERP_TEST_06.zip
[2026-07-10 00:22:41] [INFO] Subiendo: ERP_TEST_07.zip
[2026-07-10 00:22:41] [INFO] Subiendo: ERP_TEST_08.zip
[2026-07-10 00:22:41] [INFO] Subiendo: ERP_TEST_09.bak
[2026-07-10 00:22:41] [INFO] Subiendo: ERP_TEST_10.7z
[2026-07-10 00:22:41] [INFO] Subiendo: ERP_TEST_11.zip
[2026-07-10 00:22:41] [INFO] Subiendo: ERP_TEST_13.zip
[2026-07-10 00:22:41] [INFO] Subiendo: ERP_TEST_14.zip
[2026-07-10 00:22:41] [INFO] Subiendo: ERP_TEST_15.zip
[2026-07-10 00:22:41] [INFO] Subiendo: ERP_TEST_16.zip
[2026-07-10 00:22:41] [INFO] Subiendo: ERP_TEST_17.zip
[2026-07-10 00:22:41] [INFO] Subiendo: ERP_TEST_18.zip
[2026-07-10 00:22:41] [INFO] Subiendo: ERP_TEST_19.zip
[2026-07-10 00:22:41] [INFO] Subiendo: ERP_TEST_20.zip
[2026-07-10 00:22:41] [INFO] Subiendo: ERP_TEST_21.zip
[2026-07-10 00:22:41] [SUCCESS] Proceso finalizado.
[2026-07-10 00:22:51] [INFO] Ejecutando trabajo: ERP SQL
[2026-07-10 00:22:51] [INFO] === Backup Center iniciado ===
[2026-07-10 00:22:51] [INFO] Subiendo: ERP_TEST.zip
[2026-07-10 00:22:51] [INFO] Subiendo: ERP_TEST_01.zip
[2026-07-10 00:22:51] [INFO] Subiendo: ERP_TEST_02.zip
[2026-07-10 00:22:51] [INFO] Subiendo: ERP_TEST_03.zip
[2026-07-10 00:22:51] [INFO] Subiendo: ERP_TEST_04.bak
[2026-07-10 00:22:51] [INFO] Subiendo: ERP_TEST_05.7z
[2026-07-10 00:22:51] [INFO] Subiendo: ERP_TEST_06.zip
[2026-07-10 00:22:51] [INFO] Subiendo: ERP_TEST_07.zip
[2026-07-10 00:22:51] [INFO] Subiendo: ERP_TEST_08.zip
[2026-07-10 00:22:51] [INFO] Subiendo: ERP_TEST_09.bak
[2026-07-10 00:22:51] [INFO] Subiendo: ERP_TEST_10.7z
[2026-07-10 00:22:51] [INFO] Subiendo: ERP_TEST_11.zip
[2026-07-10 00:22:51] [INFO] Subiendo: ERP_TEST_13.zip
[2026-07-10 00:22:51] [INFO] Subiendo: ERP_TEST_14.zip
[2026-07-10 00:22:51] [INFO] Subiendo: ERP_TEST_15.zip
[2026-07-10 00:22:51] [INFO] Subiendo: ERP_TEST_16.zip
[2026-07-10 00:22:51] [INFO] Subiendo: ERP_TEST_17.zip
[2026-07-10 00:22:51] [INFO] Subiendo: ERP_TEST_18.zip
[2026-07-10 00:22:51] [INFO] Subiendo: ERP_TEST_19.zip
[2026-07-10 00:22:51] [INFO] Subiendo: ERP_TEST_20.zip
[2026-07-10 00:22:51] [INFO] Subiendo: ERP_TEST_21.zip
[2026-07-10 00:22:51] [SUCCESS] Proceso finalizado.
[2026-07-10 00:23:01] [INFO] Ejecutando trabajo: ERP SQL
[2026-07-10 00:23:01] [INFO] === Backup Center iniciado ===
[2026-07-10 00:23:01] [INFO] Subiendo: ERP_TEST.zip
[2026-07-10 00:23:01] [INFO] Subiendo: ERP_TEST_01.zip
[2026-07-10 00:23:01] [INFO] Subiendo: ERP_TEST_02.zip
[2026-07-10 00:23:01] [INFO] Subiendo: ERP_TEST_03.zip
[2026-07-10 00:23:01] [INFO] Subiendo: ERP_TEST_04.bak
[2026-07-10 00:23:01] [INFO] Subiendo: ERP_TEST_05.7z
[2026-07-10 00:23:01] [INFO] Subiendo: ERP_TEST_06.zip
[2026-07-10 00:23:01] [INFO] Subiendo: ERP_TEST_07.zip
[2026-07-10 00:23:01] [INFO] Subiendo: ERP_TEST_08.zip
[2026-07-10 00:23:01] [INFO] Subiendo: ERP_TEST_09.bak
[2026-07-10 00:23:01] [INFO] Subiendo: ERP_TEST_10.7z
[2026-07-10 00:23:01] [INFO] Subiendo: ERP_TEST_11.zip
[2026-07-10 00:23:01] [INFO] Subiendo: ERP_TEST_13.zip
[2026-07-10 00:23:01] [INFO] Subiendo: ERP_TEST_14.zip
[2026-07-10 00:23:01] [INFO] Subiendo: ERP_TEST_15.zip
[2026-07-10 00:23:01] [INFO] Subiendo: ERP_TEST_16.zip
[2026-07-10 00:23:01] [INFO] Subiendo: ERP_TEST_17.zip
[2026-07-10 00:23:01] [INFO] Subiendo: ERP_TEST_18.zip
[2026-07-10 00:23:01] [INFO] Subiendo: ERP_TEST_19.zip
[2026-07-10 00:23:01] [INFO] Subiendo: ERP_TEST_20.zip
[2026-07-10 00:23:01] [INFO] Subiendo: ERP_TEST_21.zip
[2026-07-10 00:23:01] [SUCCESS] Proceso finalizado.
[2026-07-10 00:23:11] [INFO] Ejecutando trabajo: ERP SQL
[2026-07-10 00:23:11] [INFO] === Backup Center iniciado ===
[2026-07-10 00:23:11] [INFO] Subiendo: ERP_TEST.zip
[2026-07-10 00:23:11] [INFO] Subiendo: ERP_TEST_01.zip
[2026-07-10 00:23:11] [INFO] Subiendo: ERP_TEST_02.zip
[2026-07-10 00:23:11] [INFO] Subiendo: ERP_TEST_03.zip
[2026-07-10 00:23:11] [INFO] Subiendo: ERP_TEST_04.bak
[2026-07-10 00:23:11] [INFO] Subiendo: ERP_TEST_05.7z
[2026-07-10 00:23:11] [INFO] Subiendo: ERP_TEST_06.zip
[2026-07-10 00:23:11] [INFO] Subiendo: ERP_TEST_07.zip
[2026-07-10 00:23:11] [INFO] Subiendo: ERP_TEST_08.zip
[2026-07-10 00:23:11] [INFO] Subiendo: ERP_TEST_09.bak
[2026-07-10 00:23:11] [INFO] Subiendo: ERP_TEST_10.7z
[2026-07-10 00:23:11] [INFO] Subiendo: ERP_TEST_11.zip
[2026-07-10 00:23:11] [INFO] Subiendo: ERP_TEST_13.zip
[2026-07-10 00:23:11] [INFO] Subiendo: ERP_TEST_14.zip
[2026-07-10 00:23:11] [INFO] Subiendo: ERP_TEST_15.zip
[2026-07-10 00:23:11] [INFO] Subiendo: ERP_TEST_16.zip
[2026-07-10 00:23:11] [INFO] Subiendo: ERP_TEST_17.zip
[2026-07-10 00:23:11] [INFO] Subiendo: ERP_TEST_18.zip
[2026-07-10 00:23:11] [INFO] Subiendo: ERP_TEST_19.zip
[2026-07-10 00:23:11] [INFO] Subiendo: ERP_TEST_20.zip
[2026-07-10 00:23:11] [INFO] Subiendo: ERP_TEST_21.zip
[2026-07-10 00:23:11] [SUCCESS] Proceso finalizado.
[2026-07-10 00:23:21] [INFO] Ejecutando trabajo: ERP SQL
[2026-07-10 00:23:21] [INFO] === Backup Center iniciado ===
[2026-07-10 00:23:21] [INFO] Subiendo: ERP_TEST.zip
[2026-07-10 00:23:21] [INFO] Subiendo: ERP_TEST_01.zip
[2026-07-10 00:23:21] [INFO] Subiendo: ERP_TEST_02.zip
[2026-07-10 00:23:21] [INFO] Subiendo: ERP_TEST_03.zip
[2026-07-10 00:23:21] [INFO] Subiendo: ERP_TEST_04.bak
[2026-07-10 00:23:21] [INFO] Subiendo: ERP_TEST_05.7z
[2026-07-10 00:23:21] [INFO] Subiendo: ERP_TEST_06.zip
[2026-07-10 00:23:21] [INFO] Subiendo: ERP_TEST_07.zip
[2026-07-10 00:23:21] [INFO] Subiendo: ERP_TEST_08.zip
[2026-07-10 00:23:21] [INFO] Subiendo: ERP_TEST_09.bak
[2026-07-10 00:23:21] [INFO] Subiendo: ERP_TEST_10.7z
[2026-07-10 00:23:21] [INFO] Subiendo: ERP_TEST_11.zip
[2026-07-10 00:23:21] [INFO] Subiendo: ERP_TEST_13.zip
[2026-07-10 00:23:21] [INFO] Subiendo: ERP_TEST_14.zip
[2026-07-10 00:23:21] [INFO] Subiendo: ERP_TEST_15.zip
[2026-07-10 00:23:21] [INFO] Subiendo: ERP_TEST_16.zip
[2026-07-10 00:23:21] [INFO] Subiendo: ERP_TEST_17.zip
[2026-07-10 00:23:21] [INFO] Subiendo: ERP_TEST_18.zip
[2026-07-10 00:23:21] [INFO] Subiendo: ERP_TEST_19.zip
[2026-07-10 00:23:21] [INFO] Subiendo: ERP_TEST_20.zip
[2026-07-10 00:23:21] [INFO] Subiendo: ERP_TEST_21.zip
[2026-07-10 00:23:21] [SUCCESS] Proceso finalizado.
[2026-07-10 00:23:31] [INFO] Ejecutando trabajo: ERP SQL
[2026-07-10 00:23:31] [INFO] === Backup Center iniciado ===
[2026-07-10 00:23:31] [INFO] Subiendo: ERP_TEST.zip
[2026-07-10 00:23:31] [INFO] Subiendo: ERP_TEST_01.zip
[2026-07-10 00:23:31] [INFO] Subiendo: ERP_TEST_02.zip
[2026-07-10 00:23:31] [INFO] Subiendo: ERP_TEST_03.zip
[2026-07-10 00:23:31] [INFO] Subiendo: ERP_TEST_04.bak
[2026-07-10 00:23:31] [INFO] Subiendo: ERP_TEST_05.7z
[2026-07-10 00:23:31] [INFO] Subiendo: ERP_TEST_06.zip
[2026-07-10 00:23:31] [INFO] Subiendo: ERP_TEST_07.zip
[2026-07-10 00:23:31] [INFO] Subiendo: ERP_TEST_08.zip
[2026-07-10 00:23:31] [INFO] Subiendo: ERP_TEST_09.bak
[2026-07-10 00:23:31] [INFO] Subiendo: ERP_TEST_10.7z
[2026-07-10 00:23:31] [INFO] Subiendo: ERP_TEST_11.zip
[2026-07-10 00:23:31] [INFO] Subiendo: ERP_TEST_13.zip
[2026-07-10 00:23:31] [INFO] Subiendo: ERP_TEST_14.zip
[2026-07-10 00:23:31] [INFO] Subiendo: ERP_TEST_15.zip
[2026-07-10 00:23:31] [INFO] Subiendo: ERP_TEST_16.zip
[2026-07-10 00:23:31] [INFO] Subiendo: ERP_TEST_17.zip
[2026-07-10 00:23:31] [INFO] Subiendo: ERP_TEST_18.zip
[2026-07-10 00:23:31] [INFO] Subiendo: ERP_TEST_19.zip
[2026-07-10 00:23:31] [INFO] Subiendo: ERP_TEST_20.zip
[2026-07-10 00:23:31] [INFO] Subiendo: ERP_TEST_21.zip
[2026-07-10 00:23:31] [SUCCESS] Proceso finalizado.
[2026-07-10 00:23:41] [INFO] Ejecutando trabajo: ERP SQL
[2026-07-10 00:23:41] [INFO] === Backup Center iniciado ===
[2026-07-10 00:23:41] [INFO] Subiendo: ERP_TEST.zip
[2026-07-10 00:23:41] [INFO] Subiendo: ERP_TEST_01.zip
[2026-07-10 00:23:41] [INFO] Subiendo: ERP_TEST_02.zip
[2026-07-10 00:23:41] [INFO] Subiendo: ERP_TEST_03.zip
[2026-07-10 00:23:41] [INFO] Subiendo: ERP_TEST_04.bak
[2026-07-10 00:23:41] [INFO] Subiendo: ERP_TEST_05.7z
[2026-07-10 00:23:41] [INFO] Subiendo: ERP_TEST_06.zip
[2026-07-10 00:23:41] [INFO] Subiendo: ERP_TEST_07.zip
[2026-07-10 00:23:41] [INFO] Subiendo: ERP_TEST_08.zip
[2026-07-10 00:23:41] [INFO] Subiendo: ERP_TEST_09.bak
[2026-07-10 00:23:41] [INFO] Subiendo: ERP_TEST_10.7z
[2026-07-10 00:23:41] [INFO] Subiendo: ERP_TEST_11.zip
[2026-07-10 00:23:41] [INFO] Subiendo: ERP_TEST_13.zip
[2026-07-10 00:23:41] [INFO] Subiendo: ERP_TEST_14.zip
[2026-07-10 00:23:41] [INFO] Subiendo: ERP_TEST_15.zip
[2026-07-10 00:23:41] [INFO] Subiendo: ERP_TEST_16.zip
[2026-07-10 00:23:41] [INFO] Subiendo: ERP_TEST_17.zip
[2026-07-10 00:23:41] [INFO] Subiendo: ERP_TEST_18.zip
[2026-07-10 00:23:41] [INFO] Subiendo: ERP_TEST_19.zip
[2026-07-10 00:23:41] [INFO] Subiendo: ERP_TEST_20.zip
[2026-07-10 00:23:41] [INFO] Subiendo: ERP_TEST_21.zip
[2026-07-10 00:23:41] [SUCCESS] Proceso finalizado.
[2026-07-10 00:23:49] [INFO] Ejecutando trabajo: ERP SQL
[2026-07-10 00:23:49] [INFO] === Backup Center iniciado ===
[2026-07-10 00:23:49] [INFO] Subiendo: ERP_TEST.zip
[2026-07-10 00:23:49] [INFO] Subiendo: ERP_TEST_01.zip
[2026-07-10 00:23:49] [INFO] Subiendo: ERP_TEST_02.zip
[2026-07-10 00:23:49] [INFO] Subiendo: ERP_TEST_03.zip
[2026-07-10 00:23:49] [INFO] Subiendo: ERP_TEST_04.bak
[2026-07-10 00:23:49] [INFO] Subiendo: ERP_TEST_05.7z
[2026-07-10 00:23:49] [INFO] Subiendo: ERP_TEST_06.zip
[2026-07-10 00:23:49] [INFO] Subiendo: ERP_TEST_07.zip
[2026-07-10 00:23:49] [INFO] Subiendo: ERP_TEST_08.zip
[2026-07-10 00:23:49] [INFO] Subiendo: ERP_TEST_09.bak
[2026-07-10 00:23:49] [INFO] Subiendo: ERP_TEST_10.7z
[2026-07-10 00:23:49] [INFO] Subiendo: ERP_TEST_11.zip
[2026-07-10 00:23:49] [INFO] Subiendo: ERP_TEST_13.zip
[2026-07-10 00:23:49] [INFO] Subiendo: ERP_TEST_14.zip
[2026-07-10 00:23:49] [INFO] Subiendo: ERP_TEST_15.zip
[2026-07-10 00:23:49] [INFO] Subiendo: ERP_TEST_16.zip
[2026-07-10 00:23:49] [INFO] Subiendo: ERP_TEST_17.zip
[2026-07-10 00:23:49] [INFO] Subiendo: ERP_TEST_18.zip
[2026-07-10 00:23:49] [INFO] Subiendo: ERP_TEST_19.zip
[2026-07-10 00:23:49] [INFO] Subiendo: ERP_TEST_20.zip
[2026-07-10 00:23:49] [INFO] Subiendo: ERP_TEST_21.zip
[2026-07-10 00:23:49] [SUCCESS] Proceso finalizado.
[2026-07-10 00:23:59] [INFO] Ejecutando trabajo: ERP SQL
[2026-07-10 00:23:59] [INFO] === Backup Center iniciado ===
[2026-07-10 00:23:59] [INFO] Subiendo: ERP_TEST.zip
[2026-07-10 00:23:59] [INFO] Subiendo: ERP_TEST_01.zip
[2026-07-10 00:23:59] [INFO] Subiendo: ERP_TEST_02.zip
[2026-07-10 00:23:59] [INFO] Subiendo: ERP_TEST_03.zip
[2026-07-10 00:23:59] [INFO] Subiendo: ERP_TEST_04.bak
[2026-07-10 00:23:59] [INFO] Subiendo: ERP_TEST_05.7z
[2026-07-10 00:23:59] [INFO] Subiendo: ERP_TEST_06.zip
[2026-07-10 00:23:59] [INFO] Subiendo: ERP_TEST_07.zip
[2026-07-10 00:23:59] [INFO] Subiendo: ERP_TEST_08.zip
[2026-07-10 00:23:59] [INFO] Subiendo: ERP_TEST_09.bak
[2026-07-10 00:23:59] [INFO] Subiendo: ERP_TEST_10.7z
[2026-07-10 00:23:59] [INFO] Subiendo: ERP_TEST_11.zip
[2026-07-10 00:23:59] [INFO] Subiendo: ERP_TEST_13.zip
[2026-07-10 00:23:59] [INFO] Subiendo: ERP_TEST_14.zip
[2026-07-10 00:23:59] [INFO] Subiendo: ERP_TEST_15.zip
[2026-07-10 00:23:59] [INFO] Subiendo: ERP_TEST_16.zip
[2026-07-10 00:23:59] [INFO] Subiendo: ERP_TEST_17.zip
[2026-07-10 00:23:59] [INFO] Subiendo: ERP_TEST_18.zip
[2026-07-10 00:23:59] [INFO] Subiendo: ERP_TEST_19.zip
[2026-07-10 00:23:59] [INFO] Subiendo: ERP_TEST_20.zip
[2026-07-10 00:23:59] [INFO] Subiendo: ERP_TEST_21.zip
[2026-07-10 00:23:59] [SUCCESS] Proceso finalizado.
[2026-07-10 00:24:10] [INFO] Ejecutando trabajo: ERP SQL
[2026-07-10 00:24:10] [INFO] === Backup Center iniciado ===
[2026-07-10 00:24:10] [INFO] Subiendo: ERP_TEST.zip
[2026-07-10 00:24:10] [INFO] Subiendo: ERP_TEST_01.zip
[2026-07-10 00:24:10] [INFO] Subiendo: ERP_TEST_02.zip
[2026-07-10 00:24:10] [INFO] Subiendo: ERP_TEST_03.zip
[2026-07-10 00:24:10] [INFO] Subiendo: ERP_TEST_04.bak
[2026-07-10 00:24:10] [INFO] Subiendo: ERP_TEST_05.7z
[2026-07-10 00:24:10] [INFO] Subiendo: ERP_TEST_06.zip
[2026-07-10 00:24:10] [INFO] Subiendo: ERP_TEST_07.zip
[2026-07-10 00:24:10] [INFO] Subiendo: ERP_TEST_08.zip
[2026-07-10 00:24:10] [INFO] Subiendo: ERP_TEST_09.bak
[2026-07-10 00:24:10] [INFO] Subiendo: ERP_TEST_10.7z
[2026-07-10 00:24:10] [INFO] Subiendo: ERP_TEST_11.zip
[2026-07-10 00:24:10] [INFO] Subiendo: ERP_TEST_13.zip
[2026-07-10 00:24:10] [INFO] Subiendo: ERP_TEST_14.zip
[2026-07-10 00:24:10] [INFO] Subiendo: ERP_TEST_15.zip
[2026-07-10 00:24:10] [INFO] Subiendo: ERP_TEST_16.zip
[2026-07-10 00:24:10] [INFO] Subiendo: ERP_TEST_17.zip
[2026-07-10 00:24:10] [INFO] Subiendo: ERP_TEST_18.zip
[2026-07-10 00:24:10] [INFO] Subiendo: ERP_TEST_19.zip
[2026-07-10 00:24:10] [INFO] Subiendo: ERP_TEST_20.zip
[2026-07-10 00:24:10] [INFO] Subiendo: ERP_TEST_21.zip
[2026-07-10 00:24:10] [SUCCESS] Proceso finalizado.
[2026-07-10 00:24:20] [INFO] Ejecutando trabajo: ERP SQL
[2026-07-10 00:24:20] [INFO] === Backup Center iniciado ===
[2026-07-10 00:24:20] [INFO] Subiendo: ERP_TEST.zip
[2026-07-10 00:24:20] [INFO] Subiendo: ERP_TEST_01.zip
[2026-07-10 00:24:20] [INFO] Subiendo: ERP_TEST_02.zip
[2026-07-10 00:24:20] [INFO] Subiendo: ERP_TEST_03.zip
[2026-07-10 00:24:20] [INFO] Subiendo: ERP_TEST_04.bak
[2026-07-10 00:24:20] [INFO] Subiendo: ERP_TEST_05.7z
[2026-07-10 00:24:20] [INFO] Subiendo: ERP_TEST_06.zip
[2026-07-10 00:24:20] [INFO] Subiendo: ERP_TEST_07.zip
[2026-07-10 00:24:20] [INFO] Subiendo: ERP_TEST_08.zip
[2026-07-10 00:24:20] [INFO] Subiendo: ERP_TEST_09.bak
[2026-07-10 00:24:20] [INFO] Subiendo: ERP_TEST_10.7z
[2026-07-10 00:24:20] [INFO] Subiendo: ERP_TEST_11.zip
[2026-07-10 00:24:20] [INFO] Subiendo: ERP_TEST_13.zip
[2026-07-10 00:24:20] [INFO] Subiendo: ERP_TEST_14.zip
[2026-07-10 00:24:20] [INFO] Subiendo: ERP_TEST_15.zip
[2026-07-10 00:24:20] [INFO] Subiendo: ERP_TEST_16.zip
[2026-07-10 00:24:20] [INFO] Subiendo: ERP_TEST_17.zip
[2026-07-10 00:24:20] [INFO] Subiendo: ERP_TEST_18.zip
[2026-07-10 00:24:20] [INFO] Subiendo: ERP_TEST_19.zip
[2026-07-10 00:24:20] [INFO] Subiendo: ERP_TEST_20.zip
[2026-07-10 00:24:20] [INFO] Subiendo: ERP_TEST_21.zip
[2026-07-10 00:24:20] [SUCCESS] Proceso finalizado.
[2026-07-10 00:24:30] [INFO] Ejecutando trabajo: ERP SQL
[2026-07-10 00:24:30] [INFO] === Backup Center iniciado ===
[2026-07-10 00:24:30] [INFO] Subiendo: ERP_TEST.zip
[2026-07-10 00:24:30] [INFO] Subiendo: ERP_TEST_01.zip
[2026-07-10 00:24:30] [INFO] Subiendo: ERP_TEST_02.zip
[2026-07-10 00:24:30] [INFO] Subiendo: ERP_TEST_03.zip
[2026-07-10 00:24:30] [INFO] Subiendo: ERP_TEST_04.bak
[2026-07-10 00:24:30] [INFO] Subiendo: ERP_TEST_05.7z
[2026-07-10 00:24:30] [INFO] Subiendo: ERP_TEST_06.zip
[2026-07-10 00:24:30] [INFO] Subiendo: ERP_TEST_07.zip
[2026-07-10 00:24:30] [INFO] Subiendo: ERP_TEST_08.zip
[2026-07-10 00:24:30] [INFO] Subiendo: ERP_TEST_09.bak
[2026-07-10 00:24:30] [INFO] Subiendo: ERP_TEST_10.7z
[2026-07-10 00:24:30] [INFO] Subiendo: ERP_TEST_11.zip
[2026-07-10 00:24:30] [INFO] Subiendo: ERP_TEST_13.zip
[2026-07-10 00:24:30] [INFO] Subiendo: ERP_TEST_14.zip
[2026-07-10 00:24:30] [INFO] Subiendo: ERP_TEST_15.zip
[2026-07-10 00:24:30] [INFO] Subiendo: ERP_TEST_16.zip
[2026-07-10 00:24:30] [INFO] Subiendo: ERP_TEST_17.zip
[2026-07-10 00:24:30] [INFO] Subiendo: ERP_TEST_18.zip
[2026-07-10 00:24:30] [INFO] Subiendo: ERP_TEST_19.zip
[2026-07-10 00:24:30] [INFO] Subiendo: ERP_TEST_20.zip
[2026-07-10 00:24:30] [INFO] Subiendo: ERP_TEST_21.zip
[2026-07-10 00:24:30] [SUCCESS] Proceso finalizado.
[2026-07-10 00:24:40] [INFO] Ejecutando trabajo: ERP SQL
[2026-07-10 00:24:40] [INFO] === Backup Center iniciado ===
[2026-07-10 00:24:40] [INFO] Subiendo: ERP_TEST.zip
[2026-07-10 00:24:40] [INFO] Subiendo: ERP_TEST_01.zip
[2026-07-10 00:24:40] [INFO] Subiendo: ERP_TEST_02.zip
[2026-07-10 00:24:40] [INFO] Subiendo: ERP_TEST_03.zip
[2026-07-10 00:24:40] [INFO] Subiendo: ERP_TEST_04.bak
[2026-07-10 00:24:40] [INFO] Subiendo: ERP_TEST_05.7z
[2026-07-10 00:24:40] [INFO] Subiendo: ERP_TEST_06.zip
[2026-07-10 00:24:40] [INFO] Subiendo: ERP_TEST_07.zip
[2026-07-10 00:24:40] [INFO] Subiendo: ERP_TEST_08.zip
[2026-07-10 00:24:40] [INFO] Subiendo: ERP_TEST_09.bak
[2026-07-10 00:24:40] [INFO] Subiendo: ERP_TEST_10.7z
[2026-07-10 00:24:40] [INFO] Subiendo: ERP_TEST_11.zip
[2026-07-10 00:24:40] [INFO] Subiendo: ERP_TEST_13.zip
[2026-07-10 00:24:40] [INFO] Subiendo: ERP_TEST_14.zip
[2026-07-10 00:24:40] [INFO] Subiendo: ERP_TEST_15.zip
[2026-07-10 00:24:40] [INFO] Subiendo: ERP_TEST_16.zip
[2026-07-10 00:24:40] [INFO] Subiendo: ERP_TEST_17.zip
[2026-07-10 00:24:40] [INFO] Subiendo: ERP_TEST_18.zip
[2026-07-10 00:24:40] [INFO] Subiendo: ERP_TEST_19.zip
[2026-07-10 00:24:40] [INFO] Subiendo: ERP_TEST_20.zip
[2026-07-10 00:24:40] [INFO] Subiendo: ERP_TEST_21.zip
[2026-07-10 00:24:40] [SUCCESS] Proceso finalizado.
[2026-07-10 00:24:50] [INFO] Ejecutando trabajo: ERP SQL
[2026-07-10 00:24:50] [INFO] === Backup Center iniciado ===
[2026-07-10 00:24:50] [INFO] Subiendo: ERP_TEST.zip
[2026-07-10 00:24:50] [INFO] Subiendo: ERP_TEST_01.zip
[2026-07-10 00:24:50] [INFO] Subiendo: ERP_TEST_02.zip
[2026-07-10 00:24:50] [INFO] Subiendo: ERP_TEST_03.zip
[2026-07-10 00:24:50] [INFO] Subiendo: ERP_TEST_04.bak
[2026-07-10 00:24:50] [INFO] Subiendo: ERP_TEST_05.7z
[2026-07-10 00:24:50] [INFO] Subiendo: ERP_TEST_06.zip
[2026-07-10 00:24:50] [INFO] Subiendo: ERP_TEST_07.zip
[2026-07-10 00:24:50] [INFO] Subiendo: ERP_TEST_08.zip
[2026-07-10 00:24:50] [INFO] Subiendo: ERP_TEST_09.bak
[2026-07-10 00:24:50] [INFO] Subiendo: ERP_TEST_10.7z
[2026-07-10 00:24:50] [INFO] Subiendo: ERP_TEST_11.zip
[2026-07-10 00:24:50] [INFO] Subiendo: ERP_TEST_13.zip
[2026-07-10 00:24:50] [INFO] Subiendo: ERP_TEST_14.zip
[2026-07-10 00:24:50] [INFO] Subiendo: ERP_TEST_15.zip
[2026-07-10 00:24:50] [INFO] Subiendo: ERP_TEST_16.zip
[2026-07-10 00:24:50] [INFO] Subiendo: ERP_TEST_17.zip
[2026-07-10 00:24:50] [INFO] Subiendo: ERP_TEST_18.zip
[2026-07-10 00:24:50] [INFO] Subiendo: ERP_TEST_19.zip
[2026-07-10 00:24:50] [INFO] Subiendo: ERP_TEST_20.zip
[2026-07-10 00:24:50] [INFO] Subiendo: ERP_TEST_21.zip
[2026-07-10 00:24:50] [SUCCESS] Proceso finalizado.
[2026-07-10 00:25:00] [INFO] Ejecutando trabajo: ERP SQL
[2026-07-10 00:25:00] [INFO] === Backup Center iniciado ===
[2026-07-10 00:25:00] [INFO] Subiendo: ERP_TEST.zip
[2026-07-10 00:25:00] [INFO] Subiendo: ERP_TEST_01.zip
[2026-07-10 00:25:00] [INFO] Subiendo: ERP_TEST_02.zip
[2026-07-10 00:25:00] [INFO] Subiendo: ERP_TEST_03.zip
[2026-07-10 00:25:00] [INFO] Subiendo: ERP_TEST_04.bak
[2026-07-10 00:25:00] [INFO] Subiendo: ERP_TEST_05.7z
[2026-07-10 00:25:00] [INFO] Subiendo: ERP_TEST_06.zip
[2026-07-10 00:25:00] [INFO] Subiendo: ERP_TEST_07.zip
[2026-07-10 00:25:00] [INFO] Subiendo: ERP_TEST_08.zip
[2026-07-10 00:25:00] [INFO] Subiendo: ERP_TEST_09.bak
[2026-07-10 00:25:00] [INFO] Subiendo: ERP_TEST_10.7z
[2026-07-10 00:25:00] [INFO] Subiendo: ERP_TEST_11.zip
[2026-07-10 00:25:00] [INFO] Subiendo: ERP_TEST_13.zip
[2026-07-10 00:25:00] [INFO] Subiendo: ERP_TEST_14.zip
[2026-07-10 00:25:00] [INFO] Subiendo: ERP_TEST_15.zip
[2026-07-10 00:25:00] [INFO] Subiendo: ERP_TEST_16.zip
[2026-07-10 00:25:00] [INFO] Subiendo: ERP_TEST_17.zip
[2026-07-10 00:25:00] [INFO] Subiendo: ERP_TEST_18.zip
[2026-07-10 00:25:00] [INFO] Subiendo: ERP_TEST_19.zip
[2026-07-10 00:25:00] [INFO] Subiendo: ERP_TEST_20.zip
[2026-07-10 00:25:00] [INFO] Subiendo: ERP_TEST_21.zip
[2026-07-10 00:25:00] [SUCCESS] Proceso finalizado.
[2026-07-10 00:25:10] [INFO] Ejecutando trabajo: ERP SQL
[2026-07-10 00:25:10] [INFO] === Backup Center iniciado ===
[2026-07-10 00:25:10] [INFO] Subiendo: ERP_TEST.zip
[2026-07-10 00:25:10] [INFO] Subiendo: ERP_TEST_01.zip
[2026-07-10 00:25:10] [INFO] Subiendo: ERP_TEST_02.zip
[2026-07-10 00:25:10] [INFO] Subiendo: ERP_TEST_03.zip
[2026-07-10 00:25:10] [INFO] Subiendo: ERP_TEST_04.bak
[2026-07-10 00:25:10] [INFO] Subiendo: ERP_TEST_05.7z
[2026-07-10 00:25:10] [INFO] Subiendo: ERP_TEST_06.zip
[2026-07-10 00:25:10] [INFO] Subiendo: ERP_TEST_07.zip
[2026-07-10 00:25:10] [INFO] Subiendo: ERP_TEST_08.zip
[2026-07-10 00:25:10] [INFO] Subiendo: ERP_TEST_09.bak
[2026-07-10 00:25:10] [INFO] Subiendo: ERP_TEST_10.7z
[2026-07-10 00:25:10] [INFO] Subiendo: ERP_TEST_11.zip
[2026-07-10 00:25:10] [INFO] Subiendo: ERP_TEST_13.zip
[2026-07-10 00:25:10] [INFO] Subiendo: ERP_TEST_14.zip
[2026-07-10 00:25:10] [INFO] Subiendo: ERP_TEST_15.zip
[2026-07-10 00:25:10] [INFO] Subiendo: ERP_TEST_16.zip
[2026-07-10 00:25:10] [INFO] Subiendo: ERP_TEST_17.zip
[2026-07-10 00:25:10] [INFO] Subiendo: ERP_TEST_18.zip
[2026-07-10 00:25:10] [INFO] Subiendo: ERP_TEST_19.zip
[2026-07-10 00:25:10] [INFO] Subiendo: ERP_TEST_20.zip
[2026-07-10 00:25:10] [INFO] Subiendo: ERP_TEST_21.zip
[2026-07-10 00:25:10] [SUCCESS] Proceso finalizado.
[2026-07-10 00:25:20] [INFO] Ejecutando trabajo: ERP SQL
[2026-07-10 00:25:20] [INFO] === Backup Center iniciado ===
[2026-07-10 00:25:20] [INFO] Subiendo: ERP_TEST.zip
[2026-07-10 00:25:20] [INFO] Subiendo: ERP_TEST_01.zip
[2026-07-10 00:25:20] [INFO] Subiendo: ERP_TEST_02.zip
[2026-07-10 00:25:20] [INFO] Subiendo: ERP_TEST_03.zip
[2026-07-10 00:25:20] [INFO] Subiendo: ERP_TEST_04.bak
[2026-07-10 00:25:20] [INFO] Subiendo: ERP_TEST_05.7z
[2026-07-10 00:25:20] [INFO] Subiendo: ERP_TEST_06.zip
[2026-07-10 00:25:20] [INFO] Subiendo: ERP_TEST_07.zip
[2026-07-10 00:25:20] [INFO] Subiendo: ERP_TEST_08.zip
[2026-07-10 00:25:20] [INFO] Subiendo: ERP_TEST_09.bak
[2026-07-10 00:25:20] [INFO] Subiendo: ERP_TEST_10.7z
[2026-07-10 00:25:20] [INFO] Subiendo: ERP_TEST_11.zip
[2026-07-10 00:25:20] [INFO] Subiendo: ERP_TEST_13.zip
[2026-07-10 00:25:20] [INFO] Subiendo: ERP_TEST_14.zip
[2026-07-10 00:25:20] [INFO] Subiendo: ERP_TEST_15.zip
[2026-07-10 00:25:20] [INFO] Subiendo: ERP_TEST_16.zip
[2026-07-10 00:25:20] [INFO] Subiendo: ERP_TEST_17.zip
[2026-07-10 00:25:20] [INFO] Subiendo: ERP_TEST_18.zip
[2026-07-10 00:25:20] [INFO] Subiendo: ERP_TEST_19.zip
[2026-07-10 00:25:20] [INFO] Subiendo: ERP_TEST_20.zip
[2026-07-10 00:25:20] [INFO] Subiendo: ERP_TEST_21.zip
[2026-07-10 00:25:20] [SUCCESS] Proceso finalizado.
[2026-07-10 00:25:30] [INFO] Ejecutando trabajo: ERP SQL
[2026-07-10 00:25:30] [INFO] === Backup Center iniciado ===
[2026-07-10 00:25:30] [INFO] Subiendo: ERP_TEST.zip
[2026-07-10 00:25:30] [INFO] Subiendo: ERP_TEST_01.zip
[2026-07-10 00:25:30] [INFO] Subiendo: ERP_TEST_02.zip
[2026-07-10 00:25:30] [INFO] Subiendo: ERP_TEST_03.zip
[2026-07-10 00:25:30] [INFO] Subiendo: ERP_TEST_04.bak
[2026-07-10 00:25:30] [INFO] Subiendo: ERP_TEST_05.7z
[2026-07-10 00:25:30] [INFO] Subiendo: ERP_TEST_06.zip
[2026-07-10 00:25:30] [INFO] Subiendo: ERP_TEST_07.zip
[2026-07-10 00:25:30] [INFO] Subiendo: ERP_TEST_08.zip
[2026-07-10 00:25:30] [INFO] Subiendo: ERP_TEST_09.bak
[2026-07-10 00:25:30] [INFO] Subiendo: ERP_TEST_10.7z
[2026-07-10 00:25:30] [INFO] Subiendo: ERP_TEST_11.zip
[2026-07-10 00:25:30] [INFO] Subiendo: ERP_TEST_13.zip
[2026-07-10 00:25:30] [INFO] Subiendo: ERP_TEST_14.zip
[2026-07-10 00:25:30] [INFO] Subiendo: ERP_TEST_15.zip
[2026-07-10 00:25:30] [INFO] Subiendo: ERP_TEST_16.zip
[2026-07-10 00:25:30] [INFO] Subiendo: ERP_TEST_17.zip
[2026-07-10 00:25:30] [INFO] Subiendo: ERP_TEST_18.zip
[2026-07-10 00:25:30] [INFO] Subiendo: ERP_TEST_19.zip
[2026-07-10 00:25:30] [INFO] Subiendo: ERP_TEST_20.zip
[2026-07-10 00:25:30] [INFO] Subiendo: ERP_TEST_21.zip
[2026-07-10 00:25:30] [SUCCESS] Proceso finalizado.
[2026-07-10 00:25:41] [INFO] Ejecutando trabajo: ERP SQL
[2026-07-10 00:25:41] [INFO] === Backup Center iniciado ===
[2026-07-10 00:25:41] [INFO] Subiendo: ERP_TEST.zip
[2026-07-10 00:25:41] [INFO] Subiendo: ERP_TEST_01.zip
[2026-07-10 00:25:41] [INFO] Subiendo: ERP_TEST_02.zip
[2026-07-10 00:25:41] [INFO] Subiendo: ERP_TEST_03.zip
[2026-07-10 00:25:41] [INFO] Subiendo: ERP_TEST_04.bak
[2026-07-10 00:25:41] [INFO] Subiendo: ERP_TEST_05.7z
[2026-07-10 00:25:41] [INFO] Subiendo: ERP_TEST_06.zip
[2026-07-10 00:25:41] [INFO] Subiendo: ERP_TEST_07.zip
[2026-07-10 00:25:41] [INFO] Subiendo: ERP_TEST_08.zip
[2026-07-10 00:25:41] [INFO] Subiendo: ERP_TEST_09.bak
[2026-07-10 00:25:41] [INFO] Subiendo: ERP_TEST_10.7z
[2026-07-10 00:25:41] [INFO] Subiendo: ERP_TEST_11.zip
[2026-07-10 00:25:41] [INFO] Subiendo: ERP_TEST_13.zip
[2026-07-10 00:25:41] [INFO] Subiendo: ERP_TEST_14.zip
[2026-07-10 00:25:41] [INFO] Subiendo: ERP_TEST_15.zip
[2026-07-10 00:25:41] [INFO] Subiendo: ERP_TEST_16.zip
[2026-07-10 00:25:41] [INFO] Subiendo: ERP_TEST_17.zip
[2026-07-10 00:25:41] [INFO] Subiendo: ERP_TEST_18.zip
[2026-07-10 00:25:41] [INFO] Subiendo: ERP_TEST_19.zip
[2026-07-10 00:25:41] [INFO] Subiendo: ERP_TEST_20.zip
[2026-07-10 00:25:41] [INFO] Subiendo: ERP_TEST_21.zip
[2026-07-10 00:25:41] [SUCCESS] Proceso finalizado.
[2026-07-10 00:25:51] [INFO] Ejecutando trabajo: ERP SQL
[2026-07-10 00:25:51] [INFO] === Backup Center iniciado ===
[2026-07-10 00:25:51] [INFO] Subiendo: ERP_TEST.zip
[2026-07-10 00:25:51] [INFO] Subiendo: ERP_TEST_01.zip
[2026-07-10 00:25:51] [INFO] Subiendo: ERP_TEST_02.zip
[2026-07-10 00:25:51] [INFO] Subiendo: ERP_TEST_03.zip
[2026-07-10 00:25:51] [INFO] Subiendo: ERP_TEST_04.bak
[2026-07-10 00:25:51] [INFO] Subiendo: ERP_TEST_05.7z
[2026-07-10 00:25:51] [INFO] Subiendo: ERP_TEST_06.zip
[2026-07-10 00:25:51] [INFO] Subiendo: ERP_TEST_07.zip
[2026-07-10 00:25:51] [INFO] Subiendo: ERP_TEST_08.zip
[2026-07-10 00:25:51] [INFO] Subiendo: ERP_TEST_09.bak
[2026-07-10 00:25:51] [INFO] Subiendo: ERP_TEST_10.7z
[2026-07-10 00:25:51] [INFO] Subiendo: ERP_TEST_11.zip
[2026-07-10 00:25:51] [INFO] Subiendo: ERP_TEST_13.zip
[2026-07-10 00:25:51] [INFO] Subiendo: ERP_TEST_14.zip
[2026-07-10 00:25:51] [INFO] Subiendo: ERP_TEST_15.zip
[2026-07-10 00:25:51] [INFO] Subiendo: ERP_TEST_16.zip
[2026-07-10 00:25:51] [INFO] Subiendo: ERP_TEST_17.zip
[2026-07-10 00:25:51] [INFO] Subiendo: ERP_TEST_18.zip
[2026-07-10 00:25:51] [INFO] Subiendo: ERP_TEST_19.zip
[2026-07-10 00:25:51] [INFO] Subiendo: ERP_TEST_20.zip
[2026-07-10 00:25:51] [INFO] Subiendo: ERP_TEST_21.zip
[2026-07-10 00:25:51] [SUCCESS] Proceso finalizado.
[2026-07-10 00:26:01] [INFO] Ejecutando trabajo: ERP SQL
[2026-07-10 00:26:01] [INFO] === Backup Center iniciado ===
[2026-07-10 00:26:01] [INFO] Subiendo: ERP_TEST.zip
[2026-07-10 00:26:01] [INFO] Subiendo: ERP_TEST_01.zip
[2026-07-10 00:26:01] [INFO] Subiendo: ERP_TEST_02.zip
[2026-07-10 00:26:01] [INFO] Subiendo: ERP_TEST_03.zip
[2026-07-10 00:26:01] [INFO] Subiendo: ERP_TEST_04.bak
[2026-07-10 00:26:01] [INFO] Subiendo: ERP_TEST_05.7z
[2026-07-10 00:26:01] [INFO] Subiendo: ERP_TEST_06.zip
[2026-07-10 00:26:01] [INFO] Subiendo: ERP_TEST_07.zip
[2026-07-10 00:26:01] [INFO] Subiendo: ERP_TEST_08.zip
[2026-07-10 00:26:01] [INFO] Subiendo: ERP_TEST_09.bak
[2026-07-10 00:26:01] [INFO] Subiendo: ERP_TEST_10.7z
[2026-07-10 00:26:01] [INFO] Subiendo: ERP_TEST_11.zip
[2026-07-10 00:26:01] [INFO] Subiendo: ERP_TEST_13.zip
[2026-07-10 00:26:01] [INFO] Subiendo: ERP_TEST_14.zip
[2026-07-10 00:26:01] [INFO] Subiendo: ERP_TEST_15.zip
[2026-07-10 00:26:01] [INFO] Subiendo: ERP_TEST_16.zip
[2026-07-10 00:26:01] [INFO] Subiendo: ERP_TEST_17.zip
[2026-07-10 00:26:01] [INFO] Subiendo: ERP_TEST_18.zip
[2026-07-10 00:26:01] [INFO] Subiendo: ERP_TEST_19.zip
[2026-07-10 00:26:01] [INFO] Subiendo: ERP_TEST_20.zip
[2026-07-10 00:26:01] [INFO] Subiendo: ERP_TEST_21.zip
[2026-07-10 00:26:01] [SUCCESS] Proceso finalizado.
[2026-07-10 00:26:11] [INFO] Ejecutando trabajo: ERP SQL
[2026-07-10 00:26:11] [INFO] === Backup Center iniciado ===
[2026-07-10 00:26:11] [INFO] Subiendo: ERP_TEST.zip
[2026-07-10 00:26:11] [INFO] Subiendo: ERP_TEST_01.zip
[2026-07-10 00:26:11] [INFO] Subiendo: ERP_TEST_02.zip
[2026-07-10 00:26:11] [INFO] Subiendo: ERP_TEST_03.zip
[2026-07-10 00:26:11] [INFO] Subiendo: ERP_TEST_04.bak
[2026-07-10 00:26:11] [INFO] Subiendo: ERP_TEST_05.7z
[2026-07-10 00:26:11] [INFO] Subiendo: ERP_TEST_06.zip
[2026-07-10 00:26:11] [INFO] Subiendo: ERP_TEST_07.zip
[2026-07-10 00:26:11] [INFO] Subiendo: ERP_TEST_08.zip
[2026-07-10 00:26:11] [INFO] Subiendo: ERP_TEST_09.bak
[2026-07-10 00:26:11] [INFO] Subiendo: ERP_TEST_10.7z
[2026-07-10 00:26:11] [INFO] Subiendo: ERP_TEST_11.zip
[2026-07-10 00:26:11] [INFO] Subiendo: ERP_TEST_13.zip
[2026-07-10 00:26:11] [INFO] Subiendo: ERP_TEST_14.zip
[2026-07-10 00:26:11] [INFO] Subiendo: ERP_TEST_15.zip
[2026-07-10 00:26:11] [INFO] Subiendo: ERP_TEST_16.zip
[2026-07-10 00:26:11] [INFO] Subiendo: ERP_TEST_17.zip
[2026-07-10 00:26:11] [INFO] Subiendo: ERP_TEST_18.zip
[2026-07-10 00:26:11] [INFO] Subiendo: ERP_TEST_19.zip
[2026-07-10 00:26:11] [INFO] Subiendo: ERP_TEST_20.zip
[2026-07-10 00:26:11] [INFO] Subiendo: ERP_TEST_21.zip
[2026-07-10 00:26:11] [SUCCESS] Proceso finalizado.
[2026-07-10 00:26:21] [INFO] Ejecutando trabajo: ERP SQL
[2026-07-10 00:26:21] [INFO] === Backup Center iniciado ===
[2026-07-10 00:26:21] [INFO] Subiendo: ERP_TEST.zip
[2026-07-10 00:26:21] [INFO] Subiendo: ERP_TEST_01.zip
[2026-07-10 00:26:21] [INFO] Subiendo: ERP_TEST_02.zip
[2026-07-10 00:26:21] [INFO] Subiendo: ERP_TEST_03.zip
[2026-07-10 00:26:21] [INFO] Subiendo: ERP_TEST_04.bak
[2026-07-10 00:26:21] [INFO] Subiendo: ERP_TEST_05.7z
[2026-07-10 00:26:21] [INFO] Subiendo: ERP_TEST_06.zip
[2026-07-10 00:26:21] [INFO] Subiendo: ERP_TEST_07.zip
[2026-07-10 00:26:21] [INFO] Subiendo: ERP_TEST_08.zip
[2026-07-10 00:26:21] [INFO] Subiendo: ERP_TEST_09.bak
[2026-07-10 00:26:21] [INFO] Subiendo: ERP_TEST_10.7z
[2026-07-10 00:26:21] [INFO] Subiendo: ERP_TEST_11.zip
[2026-07-10 00:26:21] [INFO] Subiendo: ERP_TEST_13.zip
[2026-07-10 00:26:21] [INFO] Subiendo: ERP_TEST_14.zip
[2026-07-10 00:26:21] [INFO] Subiendo: ERP_TEST_15.zip
[2026-07-10 00:26:21] [INFO] Subiendo: ERP_TEST_16.zip
[2026-07-10 00:26:21] [INFO] Subiendo: ERP_TEST_17.zip
[2026-07-10 00:26:21] [INFO] Subiendo: ERP_TEST_18.zip
[2026-07-10 00:26:21] [INFO] Subiendo: ERP_TEST_19.zip
[2026-07-10 00:26:21] [INFO] Subiendo: ERP_TEST_20.zip
[2026-07-10 00:26:21] [INFO] Subiendo: ERP_TEST_21.zip
[2026-07-10 00:26:21] [SUCCESS] Proceso finalizado.
[2026-07-10 00:26:31] [INFO] Ejecutando trabajo: ERP SQL
[2026-07-10 00:26:31] [INFO] === Backup Center iniciado ===
[2026-07-10 00:26:31] [INFO] Subiendo: ERP_TEST.zip
[2026-07-10 00:26:31] [INFO] Subiendo: ERP_TEST_01.zip
[2026-07-10 00:26:31] [INFO] Subiendo: ERP_TEST_02.zip
[2026-07-10 00:26:31] [INFO] Subiendo: ERP_TEST_03.zip
[2026-07-10 00:26:31] [INFO] Subiendo: ERP_TEST_04.bak
[2026-07-10 00:26:31] [INFO] Subiendo: ERP_TEST_05.7z
[2026-07-10 00:26:31] [INFO] Subiendo: ERP_TEST_06.zip
[2026-07-10 00:26:31] [INFO] Subiendo: ERP_TEST_07.zip
[2026-07-10 00:26:31] [INFO] Subiendo: ERP_TEST_08.zip
[2026-07-10 00:26:31] [INFO] Subiendo: ERP_TEST_09.bak
[2026-07-10 00:26:31] [INFO] Subiendo: ERP_TEST_10.7z
[2026-07-10 00:26:31] [INFO] Subiendo: ERP_TEST_11.zip
[2026-07-10 00:26:31] [INFO] Subiendo: ERP_TEST_13.zip
[2026-07-10 00:26:31] [INFO] Subiendo: ERP_TEST_14.zip
[2026-07-10 00:26:31] [INFO] Subiendo: ERP_TEST_15.zip
[2026-07-10 00:26:31] [INFO] Subiendo: ERP_TEST_16.zip
[2026-07-10 00:26:31] [INFO] Subiendo: ERP_TEST_17.zip
[2026-07-10 00:26:31] [INFO] Subiendo: ERP_TEST_18.zip
[2026-07-10 00:26:31] [INFO] Subiendo: ERP_TEST_19.zip
[2026-07-10 00:26:31] [INFO] Subiendo: ERP_TEST_20.zip
[2026-07-10 00:26:31] [INFO] Subiendo: ERP_TEST_21.zip
[2026-07-10 00:26:31] [SUCCESS] Proceso finalizado.
[2026-07-10 00:26:41] [INFO] Ejecutando trabajo: ERP SQL
[2026-07-10 00:26:41] [INFO] === Backup Center iniciado ===
[2026-07-10 00:26:41] [INFO] Subiendo: ERP_TEST.zip
[2026-07-10 00:26:41] [INFO] Subiendo: ERP_TEST_01.zip
[2026-07-10 00:26:41] [INFO] Subiendo: ERP_TEST_02.zip
[2026-07-10 00:26:41] [INFO] Subiendo: ERP_TEST_03.zip
[2026-07-10 00:26:41] [INFO] Subiendo: ERP_TEST_04.bak
[2026-07-10 00:26:41] [INFO] Subiendo: ERP_TEST_05.7z
[2026-07-10 00:26:41] [INFO] Subiendo: ERP_TEST_06.zip
[2026-07-10 00:26:41] [INFO] Subiendo: ERP_TEST_07.zip
[2026-07-10 00:26:41] [INFO] Subiendo: ERP_TEST_08.zip
[2026-07-10 00:26:41] [INFO] Subiendo: ERP_TEST_09.bak
[2026-07-10 00:26:41] [INFO] Subiendo: ERP_TEST_10.7z
[2026-07-10 00:26:41] [INFO] Subiendo: ERP_TEST_11.zip
[2026-07-10 00:26:41] [INFO] Subiendo: ERP_TEST_13.zip
[2026-07-10 00:26:41] [INFO] Subiendo: ERP_TEST_14.zip
[2026-07-10 00:26:41] [INFO] Subiendo: ERP_TEST_15.zip
[2026-07-10 00:26:41] [INFO] Subiendo: ERP_TEST_16.zip
[2026-07-10 00:26:41] [INFO] Subiendo: ERP_TEST_17.zip
[2026-07-10 00:26:41] [INFO] Subiendo: ERP_TEST_18.zip
[2026-07-10 00:26:41] [INFO] Subiendo: ERP_TEST_19.zip
[2026-07-10 00:26:41] [INFO] Subiendo: ERP_TEST_20.zip
[2026-07-10 00:26:41] [INFO] Subiendo: ERP_TEST_21.zip
[2026-07-10 00:26:41] [SUCCESS] Proceso finalizado.
[2026-07-10 00:26:51] [INFO] Ejecutando trabajo: ERP SQL
[2026-07-10 00:26:51] [INFO] === Backup Center iniciado ===
[2026-07-10 00:26:51] [INFO] Subiendo: ERP_TEST.zip
[2026-07-10 00:26:51] [INFO] Subiendo: ERP_TEST_01.zip
[2026-07-10 00:26:51] [INFO] Subiendo: ERP_TEST_02.zip
[2026-07-10 00:26:51] [INFO] Subiendo: ERP_TEST_03.zip
[2026-07-10 00:26:51] [INFO] Subiendo: ERP_TEST_04.bak
[2026-07-10 00:26:51] [INFO] Subiendo: ERP_TEST_05.7z
[2026-07-10 00:26:51] [INFO] Subiendo: ERP_TEST_06.zip
[2026-07-10 00:26:51] [INFO] Subiendo: ERP_TEST_07.zip
[2026-07-10 00:26:51] [INFO] Subiendo: ERP_TEST_08.zip
[2026-07-10 00:26:51] [INFO] Subiendo: ERP_TEST_09.bak
[2026-07-10 00:26:51] [INFO] Subiendo: ERP_TEST_10.7z
[2026-07-10 00:26:51] [INFO] Subiendo: ERP_TEST_11.zip
[2026-07-10 00:26:51] [INFO] Subiendo: ERP_TEST_13.zip
[2026-07-10 00:26:51] [INFO] Subiendo: ERP_TEST_14.zip
[2026-07-10 00:26:51] [INFO] Subiendo: ERP_TEST_15.zip
[2026-07-10 00:26:51] [INFO] Subiendo: ERP_TEST_16.zip
[2026-07-10 00:26:51] [INFO] Subiendo: ERP_TEST_17.zip
[2026-07-10 00:26:51] [INFO] Subiendo: ERP_TEST_18.zip
[2026-07-10 00:26:51] [INFO] Subiendo: ERP_TEST_19.zip
[2026-07-10 00:26:51] [INFO] Subiendo: ERP_TEST_20.zip
[2026-07-10 00:26:51] [INFO] Subiendo: ERP_TEST_21.zip
[2026-07-10 00:26:51] [SUCCESS] Proceso finalizado.
[2026-07-10 00:27:02] [INFO] Ejecutando trabajo: ERP SQL
[2026-07-10 00:27:02] [INFO] === Backup Center iniciado ===
[2026-07-10 00:27:02] [INFO] Subiendo: ERP_TEST.zip
[2026-07-10 00:27:02] [INFO] Subiendo: ERP_TEST_01.zip
[2026-07-10 00:27:02] [INFO] Subiendo: ERP_TEST_02.zip
[2026-07-10 00:27:02] [INFO] Subiendo: ERP_TEST_03.zip
[2026-07-10 00:27:02] [INFO] Subiendo: ERP_TEST_04.bak
[2026-07-10 00:27:02] [INFO] Subiendo: ERP_TEST_05.7z
[2026-07-10 00:27:02] [INFO] Subiendo: ERP_TEST_06.zip
[2026-07-10 00:27:02] [INFO] Subiendo: ERP_TEST_07.zip
[2026-07-10 00:27:02] [INFO] Subiendo: ERP_TEST_08.zip
[2026-07-10 00:27:02] [INFO] Subiendo: ERP_TEST_09.bak
[2026-07-10 00:27:02] [INFO] Subiendo: ERP_TEST_10.7z
[2026-07-10 00:27:02] [INFO] Subiendo: ERP_TEST_11.zip
[2026-07-10 00:27:02] [INFO] Subiendo: ERP_TEST_13.zip
[2026-07-10 00:27:02] [INFO] Subiendo: ERP_TEST_14.zip
[2026-07-10 00:27:02] [INFO] Subiendo: ERP_TEST_15.zip
[2026-07-10 00:27:02] [INFO] Subiendo: ERP_TEST_16.zip
[2026-07-10 00:27:02] [INFO] Subiendo: ERP_TEST_17.zip
[2026-07-10 00:27:02] [INFO] Subiendo: ERP_TEST_18.zip
[2026-07-10 00:27:02] [INFO] Subiendo: ERP_TEST_19.zip
[2026-07-10 00:27:02] [INFO] Subiendo: ERP_TEST_20.zip
[2026-07-10 00:27:02] [INFO] Subiendo: ERP_TEST_21.zip
[2026-07-10 00:27:02] [SUCCESS] Proceso finalizado.
[2026-07-10 00:27:12] [INFO] Ejecutando trabajo: ERP SQL
[2026-07-10 00:27:12] [INFO] === Backup Center iniciado ===
[2026-07-10 00:27:12] [INFO] Subiendo: ERP_TEST.zip
[2026-07-10 00:27:12] [INFO] Subiendo: ERP_TEST_01.zip
[2026-07-10 00:27:12] [INFO] Subiendo: ERP_TEST_02.zip
[2026-07-10 00:27:12] [INFO] Subiendo: ERP_TEST_03.zip
[2026-07-10 00:27:12] [INFO] Subiendo: ERP_TEST_04.bak
[2026-07-10 00:27:12] [INFO] Subiendo: ERP_TEST_05.7z
[2026-07-10 00:27:12] [INFO] Subiendo: ERP_TEST_06.zip
[2026-07-10 00:27:12] [INFO] Subiendo: ERP_TEST_07.zip
[2026-07-10 00:27:12] [INFO] Subiendo: ERP_TEST_08.zip
[2026-07-10 00:27:12] [INFO] Subiendo: ERP_TEST_09.bak
[2026-07-10 00:27:12] [INFO] Subiendo: ERP_TEST_10.7z
[2026-07-10 00:27:12] [INFO] Subiendo: ERP_TEST_11.zip
[2026-07-10 00:27:12] [INFO] Subiendo: ERP_TEST_13.zip
[2026-07-10 00:27:12] [INFO] Subiendo: ERP_TEST_14.zip
[2026-07-10 00:27:12] [INFO] Subiendo: ERP_TEST_15.zip
[2026-07-10 00:27:12] [INFO] Subiendo: ERP_TEST_16.zip
[2026-07-10 00:27:12] [INFO] Subiendo: ERP_TEST_17.zip
[2026-07-10 00:27:12] [INFO] Subiendo: ERP_TEST_18.zip
[2026-07-10 00:27:12] [INFO] Subiendo: ERP_TEST_19.zip
[2026-07-10 00:27:12] [INFO] Subiendo: ERP_TEST_20.zip
[2026-07-10 00:27:12] [INFO] Subiendo: ERP_TEST_21.zip
[2026-07-10 00:27:12] [SUCCESS] Proceso finalizado.
[2026-07-10 00:27:22] [INFO] Ejecutando trabajo: ERP SQL
[2026-07-10 00:27:22] [INFO] === Backup Center iniciado ===
[2026-07-10 00:27:22] [INFO] Subiendo: ERP_TEST.zip
[2026-07-10 00:27:22] [INFO] Subiendo: ERP_TEST_01.zip
[2026-07-10 00:27:22] [INFO] Subiendo: ERP_TEST_02.zip
[2026-07-10 00:27:22] [INFO] Subiendo: ERP_TEST_03.zip
[2026-07-10 00:27:22] [INFO] Subiendo: ERP_TEST_04.bak
[2026-07-10 00:27:22] [INFO] Subiendo: ERP_TEST_05.7z
[2026-07-10 00:27:22] [INFO] Subiendo: ERP_TEST_06.zip
[2026-07-10 00:27:22] [INFO] Subiendo: ERP_TEST_07.zip
[2026-07-10 00:27:22] [INFO] Subiendo: ERP_TEST_08.zip
[2026-07-10 00:27:22] [INFO] Subiendo: ERP_TEST_09.bak
[2026-07-10 00:27:22] [INFO] Subiendo: ERP_TEST_10.7z
[2026-07-10 00:27:22] [INFO] Subiendo: ERP_TEST_11.zip
[2026-07-10 00:27:22] [INFO] Subiendo: ERP_TEST_13.zip
[2026-07-10 00:27:22] [INFO] Subiendo: ERP_TEST_14.zip
[2026-07-10 00:27:22] [INFO] Subiendo: ERP_TEST_15.zip
[2026-07-10 00:27:22] [INFO] Subiendo: ERP_TEST_16.zip
[2026-07-10 00:27:22] [INFO] Subiendo: ERP_TEST_17.zip
[2026-07-10 00:27:22] [INFO] Subiendo: ERP_TEST_18.zip
[2026-07-10 00:27:22] [INFO] Subiendo: ERP_TEST_19.zip
[2026-07-10 00:27:22] [INFO] Subiendo: ERP_TEST_20.zip
[2026-07-10 00:27:22] [INFO] Subiendo: ERP_TEST_21.zip
[2026-07-10 00:27:22] [SUCCESS] Proceso finalizado.
[2026-07-10 00:27:32] [INFO] Ejecutando trabajo: ERP SQL
[2026-07-10 00:27:32] [INFO] === Backup Center iniciado ===
[2026-07-10 00:27:32] [INFO] Subiendo: ERP_TEST.zip
[2026-07-10 00:27:32] [INFO] Subiendo: ERP_TEST_01.zip
[2026-07-10 00:27:32] [INFO] Subiendo: ERP_TEST_02.zip
[2026-07-10 00:27:32] [INFO] Subiendo: ERP_TEST_03.zip
[2026-07-10 00:27:32] [INFO] Subiendo: ERP_TEST_04.bak
[2026-07-10 00:27:32] [INFO] Subiendo: ERP_TEST_05.7z
[2026-07-10 00:27:32] [INFO] Subiendo: ERP_TEST_06.zip
[2026-07-10 00:27:32] [INFO] Subiendo: ERP_TEST_07.zip
[2026-07-10 00:27:32] [INFO] Subiendo: ERP_TEST_08.zip
[2026-07-10 00:27:32] [INFO] Subiendo: ERP_TEST_09.bak
[2026-07-10 00:27:32] [INFO] Subiendo: ERP_TEST_10.7z
[2026-07-10 00:27:32] [INFO] Subiendo: ERP_TEST_11.zip
[2026-07-10 00:27:32] [INFO] Subiendo: ERP_TEST_13.zip
[2026-07-10 00:27:32] [INFO] Subiendo: ERP_TEST_14.zip
[2026-07-10 00:27:32] [INFO] Subiendo: ERP_TEST_15.zip
[2026-07-10 00:27:32] [INFO] Subiendo: ERP_TEST_16.zip
[2026-07-10 00:27:32] [INFO] Subiendo: ERP_TEST_17.zip
[2026-07-10 00:27:32] [INFO] Subiendo: ERP_TEST_18.zip
[2026-07-10 00:27:32] [INFO] Subiendo: ERP_TEST_19.zip
[2026-07-10 00:27:32] [INFO] Subiendo: ERP_TEST_20.zip
[2026-07-10 00:27:32] [INFO] Subiendo: ERP_TEST_21.zip
[2026-07-10 00:27:32] [SUCCESS] Proceso finalizado.
[2026-07-10 00:27:42] [INFO] Ejecutando trabajo: ERP SQL
[2026-07-10 00:27:42] [INFO] === Backup Center iniciado ===
[2026-07-10 00:27:42] [INFO] Subiendo: ERP_TEST.zip
[2026-07-10 00:27:42] [INFO] Subiendo: ERP_TEST_01.zip
[2026-07-10 00:27:42] [INFO] Subiendo: ERP_TEST_02.zip
[2026-07-10 00:27:42] [INFO] Subiendo: ERP_TEST_03.zip
[2026-07-10 00:27:42] [INFO] Subiendo: ERP_TEST_04.bak
[2026-07-10 00:27:42] [INFO] Subiendo: ERP_TEST_05.7z
[2026-07-10 00:27:42] [INFO] Subiendo: ERP_TEST_06.zip
[2026-07-10 00:27:42] [INFO] Subiendo: ERP_TEST_07.zip
[2026-07-10 00:27:42] [INFO] Subiendo: ERP_TEST_08.zip
[2026-07-10 00:27:42] [INFO] Subiendo: ERP_TEST_09.bak
[2026-07-10 00:27:42] [INFO] Subiendo: ERP_TEST_10.7z
[2026-07-10 00:27:42] [INFO] Subiendo: ERP_TEST_11.zip
[2026-07-10 00:27:42] [INFO] Subiendo: ERP_TEST_13.zip
[2026-07-10 00:27:42] [INFO] Subiendo: ERP_TEST_14.zip
[2026-07-10 00:27:42] [INFO] Subiendo: ERP_TEST_15.zip
[2026-07-10 00:27:42] [INFO] Subiendo: ERP_TEST_16.zip
[2026-07-10 00:27:42] [INFO] Subiendo: ERP_TEST_17.zip
[2026-07-10 00:27:42] [INFO] Subiendo: ERP_TEST_18.zip
[2026-07-10 00:27:42] [INFO] Subiendo: ERP_TEST_19.zip
[2026-07-10 00:27:42] [INFO] Subiendo: ERP_TEST_20.zip
[2026-07-10 00:27:42] [INFO] Subiendo: ERP_TEST_21.zip
[2026-07-10 00:27:42] [SUCCESS] Proceso finalizado.
[2026-07-10 00:27:50] [INFO] Ejecutando trabajo: ERP SQL
[2026-07-10 00:27:50] [INFO] === Backup Center iniciado ===
[2026-07-10 00:27:50] [INFO] Subiendo: ERP_TEST.zip
[2026-07-10 00:27:50] [INFO] Subiendo: ERP_TEST_01.zip
[2026-07-10 00:27:50] [INFO] Subiendo: ERP_TEST_02.zip
[2026-07-10 00:27:50] [INFO] Subiendo: ERP_TEST_03.zip
[2026-07-10 00:27:50] [INFO] Subiendo: ERP_TEST_04.bak
[2026-07-10 00:27:50] [INFO] Subiendo: ERP_TEST_05.7z
[2026-07-10 00:27:50] [INFO] Subiendo: ERP_TEST_06.zip
[2026-07-10 00:27:50] [INFO] Subiendo: ERP_TEST_07.zip
[2026-07-10 00:27:50] [INFO] Subiendo: ERP_TEST_08.zip
[2026-07-10 00:27:50] [INFO] Subiendo: ERP_TEST_09.bak
[2026-07-10 00:27:50] [INFO] Subiendo: ERP_TEST_10.7z
[2026-07-10 00:27:50] [INFO] Subiendo: ERP_TEST_11.zip
[2026-07-10 00:27:50] [INFO] Subiendo: ERP_TEST_13.zip
[2026-07-10 00:27:50] [INFO] Subiendo: ERP_TEST_14.zip
[2026-07-10 00:27:50] [INFO] Subiendo: ERP_TEST_15.zip
[2026-07-10 00:27:50] [INFO] Subiendo: ERP_TEST_16.zip
[2026-07-10 00:27:50] [INFO] Subiendo: ERP_TEST_17.zip
[2026-07-10 00:27:50] [INFO] Subiendo: ERP_TEST_18.zip
[2026-07-10 00:27:50] [INFO] Subiendo: ERP_TEST_19.zip
[2026-07-10 00:27:50] [INFO] Subiendo: ERP_TEST_20.zip
[2026-07-10 00:27:50] [INFO] Subiendo: ERP_TEST_21.zip
[2026-07-10 00:27:50] [SUCCESS] Proceso finalizado.
[2026-07-10 00:28:00] [INFO] Ejecutando trabajo: ERP SQL
[2026-07-10 00:28:00] [INFO] === Backup Center iniciado ===
[2026-07-10 00:28:00] [INFO] Subiendo: ERP_TEST.zip
[2026-07-10 00:28:00] [INFO] Subiendo: ERP_TEST_01.zip
[2026-07-10 00:28:00] [INFO] Subiendo: ERP_TEST_02.zip
[2026-07-10 00:28:00] [INFO] Subiendo: ERP_TEST_03.zip
[2026-07-10 00:28:00] [INFO] Subiendo: ERP_TEST_04.bak
[2026-07-10 00:28:00] [INFO] Subiendo: ERP_TEST_05.7z
[2026-07-10 00:28:00] [INFO] Subiendo: ERP_TEST_06.zip
[2026-07-10 00:28:00] [INFO] Subiendo: ERP_TEST_07.zip
[2026-07-10 00:28:00] [INFO] Subiendo: ERP_TEST_08.zip
[2026-07-10 00:28:00] [INFO] Subiendo: ERP_TEST_09.bak
[2026-07-10 00:28:00] [INFO] Subiendo: ERP_TEST_10.7z
[2026-07-10 00:28:00] [INFO] Subiendo: ERP_TEST_11.zip
[2026-07-10 00:28:00] [INFO] Subiendo: ERP_TEST_13.zip
[2026-07-10 00:28:00] [INFO] Subiendo: ERP_TEST_14.zip
[2026-07-10 00:28:00] [INFO] Subiendo: ERP_TEST_15.zip
[2026-07-10 00:28:00] [INFO] Subiendo: ERP_TEST_16.zip
[2026-07-10 00:28:00] [INFO] Subiendo: ERP_TEST_17.zip
[2026-07-10 00:28:00] [INFO] Subiendo: ERP_TEST_18.zip
[2026-07-10 00:28:00] [INFO] Subiendo: ERP_TEST_19.zip
[2026-07-10 00:28:00] [INFO] Subiendo: ERP_TEST_20.zip
[2026-07-10 00:28:00] [INFO] Subiendo: ERP_TEST_21.zip
[2026-07-10 00:28:00] [SUCCESS] Proceso finalizado.
[2026-07-10 00:28:10] [INFO] Ejecutando trabajo: ERP SQL
[2026-07-10 00:28:10] [INFO] === Backup Center iniciado ===
[2026-07-10 00:28:10] [INFO] Subiendo: ERP_TEST.zip
[2026-07-10 00:28:10] [INFO] Subiendo: ERP_TEST_01.zip
[2026-07-10 00:28:10] [INFO] Subiendo: ERP_TEST_02.zip
[2026-07-10 00:28:10] [INFO] Subiendo: ERP_TEST_03.zip
[2026-07-10 00:28:10] [INFO] Subiendo: ERP_TEST_04.bak
[2026-07-10 00:28:10] [INFO] Subiendo: ERP_TEST_05.7z
[2026-07-10 00:28:10] [INFO] Subiendo: ERP_TEST_06.zip
[2026-07-10 00:28:10] [INFO] Subiendo: ERP_TEST_07.zip
[2026-07-10 00:28:10] [INFO] Subiendo: ERP_TEST_08.zip
[2026-07-10 00:28:10] [INFO] Subiendo: ERP_TEST_09.bak
[2026-07-10 00:28:10] [INFO] Subiendo: ERP_TEST_10.7z
[2026-07-10 00:28:10] [INFO] Subiendo: ERP_TEST_11.zip
[2026-07-10 00:28:10] [INFO] Subiendo: ERP_TEST_13.zip
[2026-07-10 00:28:10] [INFO] Subiendo: ERP_TEST_14.zip
[2026-07-10 00:28:10] [INFO] Subiendo: ERP_TEST_15.zip
[2026-07-10 00:28:10] [INFO] Subiendo: ERP_TEST_16.zip
[2026-07-10 00:28:10] [INFO] Subiendo: ERP_TEST_17.zip
[2026-07-10 00:28:10] [INFO] Subiendo: ERP_TEST_18.zip
[2026-07-10 00:28:10] [INFO] Subiendo: ERP_TEST_19.zip
[2026-07-10 00:28:10] [INFO] Subiendo: ERP_TEST_20.zip
[2026-07-10 00:28:10] [INFO] Subiendo: ERP_TEST_21.zip
[2026-07-10 00:28:10] [SUCCESS] Proceso finalizado.
[2026-07-10 00:28:20] [INFO] Ejecutando trabajo: ERP SQL
[2026-07-10 00:28:20] [INFO] === Backup Center iniciado ===
[2026-07-10 00:28:20] [INFO] Subiendo: ERP_TEST.zip
[2026-07-10 00:28:20] [INFO] Subiendo: ERP_TEST_01.zip
[2026-07-10 00:28:20] [INFO] Subiendo: ERP_TEST_02.zip
[2026-07-10 00:28:20] [INFO] Subiendo: ERP_TEST_03.zip
[2026-07-10 00:28:20] [INFO] Subiendo: ERP_TEST_04.bak
[2026-07-10 00:28:20] [INFO] Subiendo: ERP_TEST_05.7z
[2026-07-10 00:28:20] [INFO] Subiendo: ERP_TEST_06.zip
[2026-07-10 00:28:20] [INFO] Subiendo: ERP_TEST_07.zip
[2026-07-10 00:28:20] [INFO] Subiendo: ERP_TEST_08.zip
[2026-07-10 00:28:20] [INFO] Subiendo: ERP_TEST_09.bak
[2026-07-10 00:28:20] [INFO] Subiendo: ERP_TEST_10.7z
[2026-07-10 00:28:20] [INFO] Subiendo: ERP_TEST_11.zip
[2026-07-10 00:28:20] [INFO] Subiendo: ERP_TEST_13.zip
[2026-07-10 00:28:20] [INFO] Subiendo: ERP_TEST_14.zip
[2026-07-10 00:28:20] [INFO] Subiendo: ERP_TEST_15.zip
[2026-07-10 00:28:20] [INFO] Subiendo: ERP_TEST_16.zip
[2026-07-10 00:28:20] [INFO] Subiendo: ERP_TEST_17.zip
[2026-07-10 00:28:20] [INFO] Subiendo: ERP_TEST_18.zip
[2026-07-10 00:28:20] [INFO] Subiendo: ERP_TEST_19.zip
[2026-07-10 00:28:20] [INFO] Subiendo: ERP_TEST_20.zip
[2026-07-10 00:28:20] [INFO] Subiendo: ERP_TEST_21.zip
[2026-07-10 00:28:20] [SUCCESS] Proceso finalizado.
[2026-07-10 00:28:31] [INFO] Ejecutando trabajo: ERP SQL
[2026-07-10 00:28:31] [INFO] === Backup Center iniciado ===
[2026-07-10 00:28:31] [INFO] Subiendo: ERP_TEST.zip
[2026-07-10 00:28:31] [INFO] Subiendo: ERP_TEST_01.zip
[2026-07-10 00:28:31] [INFO] Subiendo: ERP_TEST_02.zip
[2026-07-10 00:28:31] [INFO] Subiendo: ERP_TEST_03.zip
[2026-07-10 00:28:31] [INFO] Subiendo: ERP_TEST_04.bak
[2026-07-10 00:28:31] [INFO] Subiendo: ERP_TEST_05.7z
[2026-07-10 00:28:31] [INFO] Subiendo: ERP_TEST_06.zip
[2026-07-10 00:28:31] [INFO] Subiendo: ERP_TEST_07.zip
[2026-07-10 00:28:31] [INFO] Subiendo: ERP_TEST_08.zip
[2026-07-10 00:28:31] [INFO] Subiendo: ERP_TEST_09.bak
[2026-07-10 00:28:31] [INFO] Subiendo: ERP_TEST_10.7z
[2026-07-10 00:28:31] [INFO] Subiendo: ERP_TEST_11.zip
[2026-07-10 00:28:31] [INFO] Subiendo: ERP_TEST_13.zip
[2026-07-10 00:28:31] [INFO] Subiendo: ERP_TEST_14.zip
[2026-07-10 00:28:31] [INFO] Subiendo: ERP_TEST_15.zip
[2026-07-10 00:28:31] [INFO] Subiendo: ERP_TEST_16.zip
[2026-07-10 00:28:31] [INFO] Subiendo: ERP_TEST_17.zip
[2026-07-10 00:28:31] [INFO] Subiendo: ERP_TEST_18.zip
[2026-07-10 00:28:31] [INFO] Subiendo: ERP_TEST_19.zip
[2026-07-10 00:28:31] [INFO] Subiendo: ERP_TEST_20.zip
[2026-07-10 00:28:31] [INFO] Subiendo: ERP_TEST_21.zip
[2026-07-10 00:28:31] [SUCCESS] Proceso finalizado.
[2026-07-10 00:28:41] [INFO] Ejecutando trabajo: ERP SQL
[2026-07-10 00:28:41] [INFO] === Backup Center iniciado ===
[2026-07-10 00:28:41] [INFO] Subiendo: ERP_TEST.zip
[2026-07-10 00:28:41] [INFO] Subiendo: ERP_TEST_01.zip
[2026-07-10 00:28:41] [INFO] Subiendo: ERP_TEST_02.zip
[2026-07-10 00:28:41] [INFO] Subiendo: ERP_TEST_03.zip
[2026-07-10 00:28:41] [INFO] Subiendo: ERP_TEST_04.bak
[2026-07-10 00:28:41] [INFO] Subiendo: ERP_TEST_05.7z
[2026-07-10 00:28:41] [INFO] Subiendo: ERP_TEST_06.zip
[2026-07-10 00:28:41] [INFO] Subiendo: ERP_TEST_07.zip
[2026-07-10 00:28:41] [INFO] Subiendo: ERP_TEST_08.zip
[2026-07-10 00:28:41] [INFO] Subiendo: ERP_TEST_09.bak
[2026-07-10 00:28:41] [INFO] Subiendo: ERP_TEST_10.7z
[2026-07-10 00:28:41] [INFO] Subiendo: ERP_TEST_11.zip
[2026-07-10 00:28:41] [INFO] Subiendo: ERP_TEST_13.zip
[2026-07-10 00:28:41] [INFO] Subiendo: ERP_TEST_14.zip
[2026-07-10 00:28:41] [INFO] Subiendo: ERP_TEST_15.zip
[2026-07-10 00:28:41] [INFO] Subiendo: ERP_TEST_16.zip
[2026-07-10 00:28:41] [INFO] Subiendo: ERP_TEST_17.zip
[2026-07-10 00:28:41] [INFO] Subiendo: ERP_TEST_18.zip
[2026-07-10 00:28:41] [INFO] Subiendo: ERP_TEST_19.zip
[2026-07-10 00:28:41] [INFO] Subiendo: ERP_TEST_20.zip
[2026-07-10 00:28:41] [INFO] Subiendo: ERP_TEST_21.zip
[2026-07-10 00:28:41] [SUCCESS] Proceso finalizado.
[2026-07-10 00:28:51] [INFO] Ejecutando trabajo: ERP SQL
[2026-07-10 00:28:51] [INFO] === Backup Center iniciado ===
[2026-07-10 00:28:51] [INFO] Subiendo: ERP_TEST.zip
[2026-07-10 00:28:51] [INFO] Subiendo: ERP_TEST_01.zip
[2026-07-10 00:28:51] [INFO] Subiendo: ERP_TEST_02.zip
[2026-07-10 00:28:51] [INFO] Subiendo: ERP_TEST_03.zip
[2026-07-10 00:28:51] [INFO] Subiendo: ERP_TEST_04.bak
[2026-07-10 00:28:51] [INFO] Subiendo: ERP_TEST_05.7z
[2026-07-10 00:28:51] [INFO] Subiendo: ERP_TEST_06.zip
[2026-07-10 00:28:51] [INFO] Subiendo: ERP_TEST_07.zip
[2026-07-10 00:28:51] [INFO] Subiendo: ERP_TEST_08.zip
[2026-07-10 00:28:51] [INFO] Subiendo: ERP_TEST_09.bak
[2026-07-10 00:28:51] [INFO] Subiendo: ERP_TEST_10.7z
[2026-07-10 00:28:51] [INFO] Subiendo: ERP_TEST_11.zip
[2026-07-10 00:28:51] [INFO] Subiendo: ERP_TEST_13.zip
[2026-07-10 00:28:51] [INFO] Subiendo: ERP_TEST_14.zip
[2026-07-10 00:28:51] [INFO] Subiendo: ERP_TEST_15.zip
[2026-07-10 00:28:51] [INFO] Subiendo: ERP_TEST_16.zip
[2026-07-10 00:28:51] [INFO] Subiendo: ERP_TEST_17.zip
[2026-07-10 00:28:51] [INFO] Subiendo: ERP_TEST_18.zip
[2026-07-10 00:28:51] [INFO] Subiendo: ERP_TEST_19.zip
[2026-07-10 00:28:51] [INFO] Subiendo: ERP_TEST_20.zip
[2026-07-10 00:28:51] [INFO] Subiendo: ERP_TEST_21.zip
[2026-07-10 00:28:51] [SUCCESS] Proceso finalizado.
[2026-07-10 00:29:01] [INFO] Ejecutando trabajo: ERP SQL
[2026-07-10 00:29:01] [INFO] === Backup Center iniciado ===
[2026-07-10 00:29:01] [INFO] Subiendo: ERP_TEST.zip
[2026-07-10 00:29:01] [INFO] Subiendo: ERP_TEST_01.zip
[2026-07-10 00:29:01] [INFO] Subiendo: ERP_TEST_02.zip
[2026-07-10 00:29:01] [INFO] Subiendo: ERP_TEST_03.zip
[2026-07-10 00:29:01] [INFO] Subiendo: ERP_TEST_04.bak
[2026-07-10 00:29:01] [INFO] Subiendo: ERP_TEST_05.7z
[2026-07-10 00:29:01] [INFO] Subiendo: ERP_TEST_06.zip
[2026-07-10 00:29:01] [INFO] Subiendo: ERP_TEST_07.zip
[2026-07-10 00:29:01] [INFO] Subiendo: ERP_TEST_08.zip
[2026-07-10 00:29:01] [INFO] Subiendo: ERP_TEST_09.bak
[2026-07-10 00:29:01] [INFO] Subiendo: ERP_TEST_10.7z
[2026-07-10 00:29:01] [INFO] Subiendo: ERP_TEST_11.zip
[2026-07-10 00:29:01] [INFO] Subiendo: ERP_TEST_13.zip
[2026-07-10 00:29:01] [INFO] Subiendo: ERP_TEST_14.zip
[2026-07-10 00:29:01] [INFO] Subiendo: ERP_TEST_15.zip
[2026-07-10 00:29:01] [INFO] Subiendo: ERP_TEST_16.zip
[2026-07-10 00:29:01] [INFO] Subiendo: ERP_TEST_17.zip
[2026-07-10 00:29:01] [INFO] Subiendo: ERP_TEST_18.zip
[2026-07-10 00:29:01] [INFO] Subiendo: ERP_TEST_19.zip
[2026-07-10 00:29:01] [INFO] Subiendo: ERP_TEST_20.zip
[2026-07-10 00:29:01] [INFO] Subiendo: ERP_TEST_21.zip
[2026-07-10 00:29:01] [SUCCESS] Proceso finalizado.
[2026-07-10 00:29:11] [INFO] Ejecutando trabajo: ERP SQL
[2026-07-10 00:29:11] [INFO] === Backup Center iniciado ===
[2026-07-10 00:29:11] [INFO] Subiendo: ERP_TEST.zip
[2026-07-10 00:29:11] [INFO] Subiendo: ERP_TEST_01.zip
[2026-07-10 00:29:11] [INFO] Subiendo: ERP_TEST_02.zip
[2026-07-10 00:29:11] [INFO] Subiendo: ERP_TEST_03.zip
[2026-07-10 00:29:11] [INFO] Subiendo: ERP_TEST_04.bak
[2026-07-10 00:29:11] [INFO] Subiendo: ERP_TEST_05.7z
[2026-07-10 00:29:11] [INFO] Subiendo: ERP_TEST_06.zip
[2026-07-10 00:29:11] [INFO] Subiendo: ERP_TEST_07.zip
[2026-07-10 00:29:11] [INFO] Subiendo: ERP_TEST_08.zip
[2026-07-10 00:29:11] [INFO] Subiendo: ERP_TEST_09.bak
[2026-07-10 00:29:11] [INFO] Subiendo: ERP_TEST_10.7z
[2026-07-10 00:29:11] [INFO] Subiendo: ERP_TEST_11.zip
[2026-07-10 00:29:11] [INFO] Subiendo: ERP_TEST_13.zip
[2026-07-10 00:29:11] [INFO] Subiendo: ERP_TEST_14.zip
[2026-07-10 00:29:11] [INFO] Subiendo: ERP_TEST_15.zip
[2026-07-10 00:29:11] [INFO] Subiendo: ERP_TEST_16.zip
[2026-07-10 00:29:11] [INFO] Subiendo: ERP_TEST_17.zip
[2026-07-10 00:29:11] [INFO] Subiendo: ERP_TEST_18.zip
[2026-07-10 00:29:11] [INFO] Subiendo: ERP_TEST_19.zip
[2026-07-10 00:29:11] [INFO] Subiendo: ERP_TEST_20.zip
[2026-07-10 00:29:11] [INFO] Subiendo: ERP_TEST_21.zip
[2026-07-10 00:29:11] [SUCCESS] Proceso finalizado.
[2026-07-10 00:29:21] [INFO] Ejecutando trabajo: ERP SQL
[2026-07-10 00:29:21] [INFO] === Backup Center iniciado ===
[2026-07-10 00:29:21] [INFO] Subiendo: ERP_TEST.zip
[2026-07-10 00:29:21] [INFO] Subiendo: ERP_TEST_01.zip
[2026-07-10 00:29:21] [INFO] Subiendo: ERP_TEST_02.zip
[2026-07-10 00:29:21] [INFO] Subiendo: ERP_TEST_03.zip
[2026-07-10 00:29:21] [INFO] Subiendo: ERP_TEST_04.bak
[2026-07-10 00:29:21] [INFO] Subiendo: ERP_TEST_05.7z
[2026-07-10 00:29:21] [INFO] Subiendo: ERP_TEST_06.zip
[2026-07-10 00:29:21] [INFO] Subiendo: ERP_TEST_07.zip
[2026-07-10 00:29:21] [INFO] Subiendo: ERP_TEST_08.zip
[2026-07-10 00:29:21] [INFO] Subiendo: ERP_TEST_09.bak
[2026-07-10 00:29:21] [INFO] Subiendo: ERP_TEST_10.7z
[2026-07-10 00:29:21] [INFO] Subiendo: ERP_TEST_11.zip
[2026-07-10 00:29:21] [INFO] Subiendo: ERP_TEST_13.zip
[2026-07-10 00:29:21] [INFO] Subiendo: ERP_TEST_14.zip
[2026-07-10 00:29:21] [INFO] Subiendo: ERP_TEST_15.zip
[2026-07-10 00:29:21] [INFO] Subiendo: ERP_TEST_16.zip
[2026-07-10 00:29:21] [INFO] Subiendo: ERP_TEST_17.zip
[2026-07-10 00:29:21] [INFO] Subiendo: ERP_TEST_18.zip
[2026-07-10 00:29:21] [INFO] Subiendo: ERP_TEST_19.zip
[2026-07-10 00:29:21] [INFO] Subiendo: ERP_TEST_20.zip
[2026-07-10 00:29:21] [INFO] Subiendo: ERP_TEST_21.zip
[2026-07-10 00:29:21] [SUCCESS] Proceso finalizado.
[2026-07-10 00:29:31] [INFO] Ejecutando trabajo: ERP SQL
[2026-07-10 00:29:31] [INFO] === Backup Center iniciado ===
[2026-07-10 00:29:31] [INFO] Subiendo: ERP_TEST.zip
[2026-07-10 00:29:31] [INFO] Subiendo: ERP_TEST_01.zip
[2026-07-10 00:29:31] [INFO] Subiendo: ERP_TEST_02.zip
[2026-07-10 00:29:31] [INFO] Subiendo: ERP_TEST_03.zip
[2026-07-10 00:29:31] [INFO] Subiendo: ERP_TEST_04.bak
[2026-07-10 00:29:31] [INFO] Subiendo: ERP_TEST_05.7z
[2026-07-10 00:29:31] [INFO] Subiendo: ERP_TEST_06.zip
[2026-07-10 00:29:31] [INFO] Subiendo: ERP_TEST_07.zip
[2026-07-10 00:29:31] [INFO] Subiendo: ERP_TEST_08.zip
[2026-07-10 00:29:31] [INFO] Subiendo: ERP_TEST_09.bak
[2026-07-10 00:29:31] [INFO] Subiendo: ERP_TEST_10.7z
[2026-07-10 00:29:31] [INFO] Subiendo: ERP_TEST_11.zip
[2026-07-10 00:29:31] [INFO] Subiendo: ERP_TEST_13.zip
[2026-07-10 00:29:31] [INFO] Subiendo: ERP_TEST_14.zip
[2026-07-10 00:29:31] [INFO] Subiendo: ERP_TEST_15.zip
[2026-07-10 00:29:31] [INFO] Subiendo: ERP_TEST_16.zip
[2026-07-10 00:29:31] [INFO] Subiendo: ERP_TEST_17.zip
[2026-07-10 00:29:31] [INFO] Subiendo: ERP_TEST_18.zip
[2026-07-10 00:29:31] [INFO] Subiendo: ERP_TEST_19.zip
[2026-07-10 00:29:31] [INFO] Subiendo: ERP_TEST_20.zip
[2026-07-10 00:29:31] [INFO] Subiendo: ERP_TEST_21.zip
[2026-07-10 00:29:31] [SUCCESS] Proceso finalizado.
[2026-07-10 00:29:41] [INFO] Ejecutando trabajo: ERP SQL
[2026-07-10 00:29:41] [INFO] === Backup Center iniciado ===
[2026-07-10 00:29:41] [INFO] Subiendo: ERP_TEST.zip
[2026-07-10 00:29:41] [INFO] Subiendo: ERP_TEST_01.zip
[2026-07-10 00:29:41] [INFO] Subiendo: ERP_TEST_02.zip
[2026-07-10 00:29:41] [INFO] Subiendo: ERP_TEST_03.zip
[2026-07-10 00:29:41] [INFO] Subiendo: ERP_TEST_04.bak
[2026-07-10 00:29:41] [INFO] Subiendo: ERP_TEST_05.7z
[2026-07-10 00:29:41] [INFO] Subiendo: ERP_TEST_06.zip
[2026-07-10 00:29:41] [INFO] Subiendo: ERP_TEST_07.zip
[2026-07-10 00:29:41] [INFO] Subiendo: ERP_TEST_08.zip
[2026-07-10 00:29:41] [INFO] Subiendo: ERP_TEST_09.bak
[2026-07-10 00:29:41] [INFO] Subiendo: ERP_TEST_10.7z
[2026-07-10 00:29:41] [INFO] Subiendo: ERP_TEST_11.zip
[2026-07-10 00:29:41] [INFO] Subiendo: ERP_TEST_13.zip
[2026-07-10 00:29:41] [INFO] Subiendo: ERP_TEST_14.zip
[2026-07-10 00:29:41] [INFO] Subiendo: ERP_TEST_15.zip
[2026-07-10 00:29:41] [INFO] Subiendo: ERP_TEST_16.zip
[2026-07-10 00:29:41] [INFO] Subiendo: ERP_TEST_17.zip
[2026-07-10 00:29:41] [INFO] Subiendo: ERP_TEST_18.zip
[2026-07-10 00:29:41] [INFO] Subiendo: ERP_TEST_19.zip
[2026-07-10 00:29:41] [INFO] Subiendo: ERP_TEST_20.zip
[2026-07-10 00:29:41] [INFO] Subiendo: ERP_TEST_21.zip
[2026-07-10 00:29:41] [SUCCESS] Proceso finalizado.
[2026-07-10 00:29:52] [INFO] Ejecutando trabajo: ERP SQL
[2026-07-10 00:29:52] [INFO] === Backup Center iniciado ===
[2026-07-10 00:29:52] [INFO] Subiendo: ERP_TEST.zip
[2026-07-10 00:29:52] [INFO] Subiendo: ERP_TEST_01.zip
[2026-07-10 00:29:52] [INFO] Subiendo: ERP_TEST_02.zip
[2026-07-10 00:29:52] [INFO] Subiendo: ERP_TEST_03.zip
[2026-07-10 00:29:52] [INFO] Subiendo: ERP_TEST_04.bak
[2026-07-10 00:29:52] [INFO] Subiendo: ERP_TEST_05.7z
[2026-07-10 00:29:52] [INFO] Subiendo: ERP_TEST_06.zip
[2026-07-10 00:29:52] [INFO] Subiendo: ERP_TEST_07.zip
[2026-07-10 00:29:52] [INFO] Subiendo: ERP_TEST_08.zip
[2026-07-10 00:29:52] [INFO] Subiendo: ERP_TEST_09.bak
[2026-07-10 00:29:52] [INFO] Subiendo: ERP_TEST_10.7z
[2026-07-10 00:29:52] [INFO] Subiendo: ERP_TEST_11.zip
[2026-07-10 00:29:52] [INFO] Subiendo: ERP_TEST_13.zip
[2026-07-10 00:29:52] [INFO] Subiendo: ERP_TEST_14.zip
[2026-07-10 00:29:52] [INFO] Subiendo: ERP_TEST_15.zip
[2026-07-10 00:29:52] [INFO] Subiendo: ERP_TEST_16.zip
[2026-07-10 00:29:52] [INFO] Subiendo: ERP_TEST_17.zip
[2026-07-10 00:29:52] [INFO] Subiendo: ERP_TEST_18.zip
[2026-07-10 00:29:52] [INFO] Subiendo: ERP_TEST_19.zip
[2026-07-10 00:29:52] [INFO] Subiendo: ERP_TEST_20.zip
[2026-07-10 00:29:52] [INFO] Subiendo: ERP_TEST_21.zip
[2026-07-10 00:29:52] [SUCCESS] Proceso finalizado.
[2026-07-10 00:30:02] [INFO] Ejecutando trabajo: ERP SQL
[2026-07-10 00:30:02] [INFO] === Backup Center iniciado ===
[2026-07-10 00:30:02] [INFO] Subiendo: ERP_TEST.zip
[2026-07-10 00:30:02] [INFO] Subiendo: ERP_TEST_01.zip
[2026-07-10 00:30:02] [INFO] Subiendo: ERP_TEST_02.zip
[2026-07-10 00:30:02] [INFO] Subiendo: ERP_TEST_03.zip
[2026-07-10 00:30:02] [INFO] Subiendo: ERP_TEST_04.bak
[2026-07-10 00:30:02] [INFO] Subiendo: ERP_TEST_05.7z
[2026-07-10 00:30:02] [INFO] Subiendo: ERP_TEST_06.zip
[2026-07-10 00:30:02] [INFO] Subiendo: ERP_TEST_07.zip
[2026-07-10 00:30:02] [INFO] Subiendo: ERP_TEST_08.zip
[2026-07-10 00:30:02] [INFO] Subiendo: ERP_TEST_09.bak
[2026-07-10 00:30:02] [INFO] Subiendo: ERP_TEST_10.7z
[2026-07-10 00:30:02] [INFO] Subiendo: ERP_TEST_11.zip
[2026-07-10 00:30:02] [INFO] Subiendo: ERP_TEST_13.zip
[2026-07-10 00:30:02] [INFO] Subiendo: ERP_TEST_14.zip
[2026-07-10 00:30:02] [INFO] Subiendo: ERP_TEST_15.zip
[2026-07-10 00:30:02] [INFO] Subiendo: ERP_TEST_16.zip
[2026-07-10 00:30:02] [INFO] Subiendo: ERP_TEST_17.zip
[2026-07-10 00:30:02] [INFO] Subiendo: ERP_TEST_18.zip
[2026-07-10 00:30:02] [INFO] Subiendo: ERP_TEST_19.zip
[2026-07-10 00:30:02] [INFO] Subiendo: ERP_TEST_20.zip
[2026-07-10 00:30:02] [INFO] Subiendo: ERP_TEST_21.zip
[2026-07-10 00:30:02] [SUCCESS] Proceso finalizado.
[2026-07-10 00:30:12] [INFO] Ejecutando trabajo: ERP SQL
[2026-07-10 00:30:12] [INFO] === Backup Center iniciado ===
[2026-07-10 00:30:12] [INFO] Subiendo: ERP_TEST.zip
[2026-07-10 00:30:12] [INFO] Subiendo: ERP_TEST_01.zip
[2026-07-10 00:30:12] [INFO] Subiendo: ERP_TEST_02.zip
[2026-07-10 00:30:12] [INFO] Subiendo: ERP_TEST_03.zip
[2026-07-10 00:30:12] [INFO] Subiendo: ERP_TEST_04.bak
[2026-07-10 00:30:12] [INFO] Subiendo: ERP_TEST_05.7z
[2026-07-10 00:30:12] [INFO] Subiendo: ERP_TEST_06.zip
[2026-07-10 00:30:12] [INFO] Subiendo: ERP_TEST_07.zip
[2026-07-10 00:30:12] [INFO] Subiendo: ERP_TEST_08.zip
[2026-07-10 00:30:12] [INFO] Subiendo: ERP_TEST_09.bak
[2026-07-10 00:30:12] [INFO] Subiendo: ERP_TEST_10.7z
[2026-07-10 00:30:12] [INFO] Subiendo: ERP_TEST_11.zip
[2026-07-10 00:30:12] [INFO] Subiendo: ERP_TEST_13.zip
[2026-07-10 00:30:12] [INFO] Subiendo: ERP_TEST_14.zip
[2026-07-10 00:30:12] [INFO] Subiendo: ERP_TEST_15.zip
[2026-07-10 00:30:12] [INFO] Subiendo: ERP_TEST_16.zip
[2026-07-10 00:30:12] [INFO] Subiendo: ERP_TEST_17.zip
[2026-07-10 00:30:12] [INFO] Subiendo: ERP_TEST_18.zip
[2026-07-10 00:30:12] [INFO] Subiendo: ERP_TEST_19.zip
[2026-07-10 00:30:12] [INFO] Subiendo: ERP_TEST_20.zip
[2026-07-10 00:30:12] [INFO] Subiendo: ERP_TEST_21.zip
[2026-07-10 00:30:12] [SUCCESS] Proceso finalizado.
[2026-07-10 00:30:22] [INFO] Ejecutando trabajo: ERP SQL
[2026-07-10 00:30:22] [INFO] === Backup Center iniciado ===
[2026-07-10 00:30:22] [INFO] Subiendo: ERP_TEST.zip
[2026-07-10 00:30:22] [INFO] Subiendo: ERP_TEST_01.zip
[2026-07-10 00:30:22] [INFO] Subiendo: ERP_TEST_02.zip
[2026-07-10 00:30:22] [INFO] Subiendo: ERP_TEST_03.zip
[2026-07-10 00:30:22] [INFO] Subiendo: ERP_TEST_04.bak
[2026-07-10 00:30:22] [INFO] Subiendo: ERP_TEST_05.7z
[2026-07-10 00:30:22] [INFO] Subiendo: ERP_TEST_06.zip
[2026-07-10 00:30:22] [INFO] Subiendo: ERP_TEST_07.zip
[2026-07-10 00:30:22] [INFO] Subiendo: ERP_TEST_08.zip
[2026-07-10 00:30:22] [INFO] Subiendo: ERP_TEST_09.bak
[2026-07-10 00:30:22] [INFO] Subiendo: ERP_TEST_10.7z
[2026-07-10 00:30:22] [INFO] Subiendo: ERP_TEST_11.zip
[2026-07-10 00:30:22] [INFO] Subiendo: ERP_TEST_13.zip
[2026-07-10 00:30:22] [INFO] Subiendo: ERP_TEST_14.zip
[2026-07-10 00:30:22] [INFO] Subiendo: ERP_TEST_15.zip
[2026-07-10 00:30:22] [INFO] Subiendo: ERP_TEST_16.zip
[2026-07-10 00:30:22] [INFO] Subiendo: ERP_TEST_17.zip
[2026-07-10 00:30:22] [INFO] Subiendo: ERP_TEST_18.zip
[2026-07-10 00:30:22] [INFO] Subiendo: ERP_TEST_19.zip
[2026-07-10 00:30:22] [INFO] Subiendo: ERP_TEST_20.zip
[2026-07-10 00:30:22] [INFO] Subiendo: ERP_TEST_21.zip
[2026-07-10 00:30:22] [SUCCESS] Proceso finalizado.
[2026-07-10 00:30:32] [INFO] Ejecutando trabajo: ERP SQL
[2026-07-10 00:30:32] [INFO] === Backup Center iniciado ===
[2026-07-10 00:30:32] [INFO] Subiendo: ERP_TEST.zip
[2026-07-10 00:30:32] [INFO] Subiendo: ERP_TEST_01.zip
[2026-07-10 00:30:32] [INFO] Subiendo: ERP_TEST_02.zip
[2026-07-10 00:30:32] [INFO] Subiendo: ERP_TEST_03.zip
[2026-07-10 00:30:32] [INFO] Subiendo: ERP_TEST_04.bak
[2026-07-10 00:30:32] [INFO] Subiendo: ERP_TEST_05.7z
[2026-07-10 00:30:32] [INFO] Subiendo: ERP_TEST_06.zip
[2026-07-10 00:30:32] [INFO] Subiendo: ERP_TEST_07.zip
[2026-07-10 00:30:32] [INFO] Subiendo: ERP_TEST_08.zip
[2026-07-10 00:30:32] [INFO] Subiendo: ERP_TEST_09.bak
[2026-07-10 00:30:32] [INFO] Subiendo: ERP_TEST_10.7z
[2026-07-10 00:30:32] [INFO] Subiendo: ERP_TEST_11.zip
[2026-07-10 00:30:32] [INFO] Subiendo: ERP_TEST_13.zip
[2026-07-10 00:30:32] [INFO] Subiendo: ERP_TEST_14.zip
[2026-07-10 00:30:32] [INFO] Subiendo: ERP_TEST_15.zip
[2026-07-10 00:30:32] [INFO] Subiendo: ERP_TEST_16.zip
[2026-07-10 00:30:32] [INFO] Subiendo: ERP_TEST_17.zip
[2026-07-10 00:30:32] [INFO] Subiendo: ERP_TEST_18.zip
[2026-07-10 00:30:32] [INFO] Subiendo: ERP_TEST_19.zip
[2026-07-10 00:30:32] [INFO] Subiendo: ERP_TEST_20.zip
[2026-07-10 00:30:32] [INFO] Subiendo: ERP_TEST_21.zip
[2026-07-10 00:30:32] [SUCCESS] Proceso finalizado.
[2026-07-10 00:30:42] [INFO] Ejecutando trabajo: ERP SQL
[2026-07-10 00:30:42] [INFO] === Backup Center iniciado ===
[2026-07-10 00:30:42] [INFO] Subiendo: ERP_TEST.zip
[2026-07-10 00:30:42] [INFO] Subiendo: ERP_TEST_01.zip
[2026-07-10 00:30:42] [INFO] Subiendo: ERP_TEST_02.zip
[2026-07-10 00:30:42] [INFO] Subiendo: ERP_TEST_03.zip
[2026-07-10 00:30:42] [INFO] Subiendo: ERP_TEST_04.bak
[2026-07-10 00:30:42] [INFO] Subiendo: ERP_TEST_05.7z
[2026-07-10 00:30:42] [INFO] Subiendo: ERP_TEST_06.zip
[2026-07-10 00:30:42] [INFO] Subiendo: ERP_TEST_07.zip
[2026-07-10 00:30:42] [INFO] Subiendo: ERP_TEST_08.zip
[2026-07-10 00:30:42] [INFO] Subiendo: ERP_TEST_09.bak
[2026-07-10 00:30:42] [INFO] Subiendo: ERP_TEST_10.7z
[2026-07-10 00:30:42] [INFO] Subiendo: ERP_TEST_11.zip
[2026-07-10 00:30:42] [INFO] Subiendo: ERP_TEST_13.zip
[2026-07-10 00:30:42] [INFO] Subiendo: ERP_TEST_14.zip
[2026-07-10 00:30:42] [INFO] Subiendo: ERP_TEST_15.zip
[2026-07-10 00:30:42] [INFO] Subiendo: ERP_TEST_16.zip
[2026-07-10 00:30:42] [INFO] Subiendo: ERP_TEST_17.zip
[2026-07-10 00:30:42] [INFO] Subiendo: ERP_TEST_18.zip
[2026-07-10 00:30:42] [INFO] Subiendo: ERP_TEST_19.zip
[2026-07-10 00:30:42] [INFO] Subiendo: ERP_TEST_20.zip
[2026-07-10 00:30:42] [INFO] Subiendo: ERP_TEST_21.zip
[2026-07-10 00:30:42] [SUCCESS] Proceso finalizado.
[2026-07-10 00:30:52] [INFO] Ejecutando trabajo: ERP SQL
[2026-07-10 00:30:52] [INFO] === Backup Center iniciado ===
[2026-07-10 00:30:52] [INFO] Subiendo: ERP_TEST.zip
[2026-07-10 00:30:52] [INFO] Subiendo: ERP_TEST_01.zip
[2026-07-10 00:30:52] [INFO] Subiendo: ERP_TEST_02.zip
[2026-07-10 00:30:52] [INFO] Subiendo: ERP_TEST_03.zip
[2026-07-10 00:30:52] [INFO] Subiendo: ERP_TEST_04.bak
[2026-07-10 00:30:52] [INFO] Subiendo: ERP_TEST_05.7z
[2026-07-10 00:30:52] [INFO] Subiendo: ERP_TEST_06.zip
[2026-07-10 00:30:52] [INFO] Subiendo: ERP_TEST_07.zip
[2026-07-10 00:30:52] [INFO] Subiendo: ERP_TEST_08.zip
[2026-07-10 00:30:52] [INFO] Subiendo: ERP_TEST_09.bak
[2026-07-10 00:30:52] [INFO] Subiendo: ERP_TEST_10.7z
[2026-07-10 00:30:52] [INFO] Subiendo: ERP_TEST_11.zip
[2026-07-10 00:30:52] [INFO] Subiendo: ERP_TEST_13.zip
[2026-07-10 00:30:52] [INFO] Subiendo: ERP_TEST_14.zip
[2026-07-10 00:30:52] [INFO] Subiendo: ERP_TEST_15.zip
[2026-07-10 00:30:52] [INFO] Subiendo: ERP_TEST_16.zip
[2026-07-10 00:30:52] [INFO] Subiendo: ERP_TEST_17.zip
[2026-07-10 00:30:52] [INFO] Subiendo: ERP_TEST_18.zip
[2026-07-10 00:30:52] [INFO] Subiendo: ERP_TEST_19.zip
[2026-07-10 00:30:52] [INFO] Subiendo: ERP_TEST_20.zip
[2026-07-10 00:30:52] [INFO] Subiendo: ERP_TEST_21.zip
[2026-07-10 00:30:52] [SUCCESS] Proceso finalizado.
[2026-07-10 00:31:02] [INFO] Ejecutando trabajo: ERP SQL
[2026-07-10 00:31:02] [INFO] === Backup Center iniciado ===
[2026-07-10 00:31:02] [INFO] Subiendo: ERP_TEST.zip
[2026-07-10 00:31:02] [INFO] Subiendo: ERP_TEST_01.zip
[2026-07-10 00:31:02] [INFO] Subiendo: ERP_TEST_02.zip
[2026-07-10 00:31:02] [INFO] Subiendo: ERP_TEST_03.zip
[2026-07-10 00:31:02] [INFO] Subiendo: ERP_TEST_04.bak
[2026-07-10 00:31:02] [INFO] Subiendo: ERP_TEST_05.7z
[2026-07-10 00:31:02] [INFO] Subiendo: ERP_TEST_06.zip
[2026-07-10 00:31:02] [INFO] Subiendo: ERP_TEST_07.zip
[2026-07-10 00:31:02] [INFO] Subiendo: ERP_TEST_08.zip
[2026-07-10 00:31:02] [INFO] Subiendo: ERP_TEST_09.bak
[2026-07-10 00:31:02] [INFO] Subiendo: ERP_TEST_10.7z
[2026-07-10 00:31:02] [INFO] Subiendo: ERP_TEST_11.zip
[2026-07-10 00:31:02] [INFO] Subiendo: ERP_TEST_13.zip
[2026-07-10 00:31:02] [INFO] Subiendo: ERP_TEST_14.zip
[2026-07-10 00:31:02] [INFO] Subiendo: ERP_TEST_15.zip
[2026-07-10 00:31:02] [INFO] Subiendo: ERP_TEST_16.zip
[2026-07-10 00:31:02] [INFO] Subiendo: ERP_TEST_17.zip
[2026-07-10 00:31:02] [INFO] Subiendo: ERP_TEST_18.zip
[2026-07-10 00:31:02] [INFO] Subiendo: ERP_TEST_19.zip
[2026-07-10 00:31:02] [INFO] Subiendo: ERP_TEST_20.zip
[2026-07-10 00:31:02] [INFO] Subiendo: ERP_TEST_21.zip
[2026-07-10 00:31:02] [SUCCESS] Proceso finalizado.
[2026-07-10 00:31:12] [INFO] Ejecutando trabajo: ERP SQL
[2026-07-10 00:31:12] [INFO] === Backup Center iniciado ===
[2026-07-10 00:31:12] [INFO] Subiendo: ERP_TEST.zip
[2026-07-10 00:31:12] [INFO] Subiendo: ERP_TEST_01.zip
[2026-07-10 00:31:12] [INFO] Subiendo: ERP_TEST_02.zip
[2026-07-10 00:31:12] [INFO] Subiendo: ERP_TEST_03.zip
[2026-07-10 00:31:12] [INFO] Subiendo: ERP_TEST_04.bak
[2026-07-10 00:31:12] [INFO] Subiendo: ERP_TEST_05.7z
[2026-07-10 00:31:12] [INFO] Subiendo: ERP_TEST_06.zip
[2026-07-10 00:31:12] [INFO] Subiendo: ERP_TEST_07.zip
[2026-07-10 00:31:12] [INFO] Subiendo: ERP_TEST_08.zip
[2026-07-10 00:31:12] [INFO] Subiendo: ERP_TEST_09.bak
[2026-07-10 00:31:12] [INFO] Subiendo: ERP_TEST_10.7z
[2026-07-10 00:31:12] [INFO] Subiendo: ERP_TEST_11.zip
[2026-07-10 00:31:12] [INFO] Subiendo: ERP_TEST_13.zip
[2026-07-10 00:31:12] [INFO] Subiendo: ERP_TEST_14.zip
[2026-07-10 00:31:12] [INFO] Subiendo: ERP_TEST_15.zip
[2026-07-10 00:31:12] [INFO] Subiendo: ERP_TEST_16.zip
[2026-07-10 00:31:12] [INFO] Subiendo: ERP_TEST_17.zip
[2026-07-10 00:31:12] [INFO] Subiendo: ERP_TEST_18.zip
[2026-07-10 00:31:12] [INFO] Subiendo: ERP_TEST_19.zip
[2026-07-10 00:31:12] [INFO] Subiendo: ERP_TEST_20.zip
[2026-07-10 00:31:12] [INFO] Subiendo: ERP_TEST_21.zip
[2026-07-10 00:31:12] [SUCCESS] Proceso finalizado.
[2026-07-10 00:31:23] [INFO] Ejecutando trabajo: ERP SQL
[2026-07-10 00:31:23] [INFO] === Backup Center iniciado ===
[2026-07-10 00:31:23] [INFO] Subiendo: ERP_TEST.zip
[2026-07-10 00:31:23] [INFO] Subiendo: ERP_TEST_01.zip
[2026-07-10 00:31:23] [INFO] Subiendo: ERP_TEST_02.zip
[2026-07-10 00:31:23] [INFO] Subiendo: ERP_TEST_03.zip
[2026-07-10 00:31:23] [INFO] Subiendo: ERP_TEST_04.bak
[2026-07-10 00:31:23] [INFO] Subiendo: ERP_TEST_05.7z
[2026-07-10 00:31:23] [INFO] Subiendo: ERP_TEST_06.zip
[2026-07-10 00:31:23] [INFO] Subiendo: ERP_TEST_07.zip
[2026-07-10 00:31:23] [INFO] Subiendo: ERP_TEST_08.zip
[2026-07-10 00:31:23] [INFO] Subiendo: ERP_TEST_09.bak
[2026-07-10 00:31:23] [INFO] Subiendo: ERP_TEST_10.7z
[2026-07-10 00:31:23] [INFO] Subiendo: ERP_TEST_11.zip
[2026-07-10 00:31:23] [INFO] Subiendo: ERP_TEST_13.zip
[2026-07-10 00:31:23] [INFO] Subiendo: ERP_TEST_14.zip
[2026-07-10 00:31:23] [INFO] Subiendo: ERP_TEST_15.zip
[2026-07-10 00:31:23] [INFO] Subiendo: ERP_TEST_16.zip
[2026-07-10 00:31:23] [INFO] Subiendo: ERP_TEST_17.zip
[2026-07-10 00:31:23] [INFO] Subiendo: ERP_TEST_18.zip
[2026-07-10 00:31:23] [INFO] Subiendo: ERP_TEST_19.zip
[2026-07-10 00:31:23] [INFO] Subiendo: ERP_TEST_20.zip
[2026-07-10 00:31:23] [INFO] Subiendo: ERP_TEST_21.zip
[2026-07-10 00:31:23] [SUCCESS] Proceso finalizado.
[2026-07-10 00:31:33] [INFO] Ejecutando trabajo: ERP SQL
[2026-07-10 00:31:33] [INFO] === Backup Center iniciado ===
[2026-07-10 00:31:33] [INFO] Subiendo: ERP_TEST.zip
[2026-07-10 00:31:33] [INFO] Subiendo: ERP_TEST_01.zip
[2026-07-10 00:31:33] [INFO] Subiendo: ERP_TEST_02.zip
[2026-07-10 00:31:33] [INFO] Subiendo: ERP_TEST_03.zip
[2026-07-10 00:31:33] [INFO] Subiendo: ERP_TEST_04.bak
[2026-07-10 00:31:33] [INFO] Subiendo: ERP_TEST_05.7z
[2026-07-10 00:31:33] [INFO] Subiendo: ERP_TEST_06.zip
[2026-07-10 00:31:33] [INFO] Subiendo: ERP_TEST_07.zip
[2026-07-10 00:31:33] [INFO] Subiendo: ERP_TEST_08.zip
[2026-07-10 00:31:33] [INFO] Subiendo: ERP_TEST_09.bak
[2026-07-10 00:31:33] [INFO] Subiendo: ERP_TEST_10.7z
[2026-07-10 00:31:33] [INFO] Subiendo: ERP_TEST_11.zip
[2026-07-10 00:31:33] [INFO] Subiendo: ERP_TEST_13.zip
[2026-07-10 00:31:33] [INFO] Subiendo: ERP_TEST_14.zip
[2026-07-10 00:31:33] [INFO] Subiendo: ERP_TEST_15.zip
[2026-07-10 00:31:33] [INFO] Subiendo: ERP_TEST_16.zip
[2026-07-10 00:31:33] [INFO] Subiendo: ERP_TEST_17.zip
[2026-07-10 00:31:33] [INFO] Subiendo: ERP_TEST_18.zip
[2026-07-10 00:31:33] [INFO] Subiendo: ERP_TEST_19.zip
[2026-07-10 00:31:33] [INFO] Subiendo: ERP_TEST_20.zip
[2026-07-10 00:31:33] [INFO] Subiendo: ERP_TEST_21.zip
[2026-07-10 00:31:33] [SUCCESS] Proceso finalizado.
[2026-07-10 00:31:43] [INFO] Ejecutando trabajo: ERP SQL
[2026-07-10 00:31:43] [INFO] === Backup Center iniciado ===
[2026-07-10 00:31:43] [INFO] Subiendo: ERP_TEST.zip
[2026-07-10 00:31:43] [INFO] Subiendo: ERP_TEST_01.zip
[2026-07-10 00:31:43] [INFO] Subiendo: ERP_TEST_02.zip
[2026-07-10 00:31:43] [INFO] Subiendo: ERP_TEST_03.zip
[2026-07-10 00:31:43] [INFO] Subiendo: ERP_TEST_04.bak
[2026-07-10 00:31:43] [INFO] Subiendo: ERP_TEST_05.7z
[2026-07-10 00:31:43] [INFO] Subiendo: ERP_TEST_06.zip
[2026-07-10 00:31:43] [INFO] Subiendo: ERP_TEST_07.zip
[2026-07-10 00:31:43] [INFO] Subiendo: ERP_TEST_08.zip
[2026-07-10 00:31:43] [INFO] Subiendo: ERP_TEST_09.bak
[2026-07-10 00:31:43] [INFO] Subiendo: ERP_TEST_10.7z
[2026-07-10 00:31:43] [INFO] Subiendo: ERP_TEST_11.zip
[2026-07-10 00:31:43] [INFO] Subiendo: ERP_TEST_13.zip
[2026-07-10 00:31:43] [INFO] Subiendo: ERP_TEST_14.zip
[2026-07-10 00:31:43] [INFO] Subiendo: ERP_TEST_15.zip
[2026-07-10 00:31:43] [INFO] Subiendo: ERP_TEST_16.zip
[2026-07-10 00:31:43] [INFO] Subiendo: ERP_TEST_17.zip
[2026-07-10 00:31:43] [INFO] Subiendo: ERP_TEST_18.zip
[2026-07-10 00:31:43] [INFO] Subiendo: ERP_TEST_19.zip
[2026-07-10 00:31:43] [INFO] Subiendo: ERP_TEST_20.zip
[2026-07-10 00:31:43] [INFO] Subiendo: ERP_TEST_21.zip
[2026-07-10 00:31:43] [SUCCESS] Proceso finalizado.
[2026-07-10 00:31:53] [INFO] Ejecutando trabajo: ERP SQL
[2026-07-10 00:31:53] [INFO] === Backup Center iniciado ===
[2026-07-10 00:31:53] [INFO] Subiendo: ERP_TEST.zip
[2026-07-10 00:31:53] [INFO] Subiendo: ERP_TEST_01.zip
[2026-07-10 00:31:53] [INFO] Subiendo: ERP_TEST_02.zip
[2026-07-10 00:31:53] [INFO] Subiendo: ERP_TEST_03.zip
[2026-07-10 00:31:53] [INFO] Subiendo: ERP_TEST_04.bak
[2026-07-10 00:31:53] [INFO] Subiendo: ERP_TEST_05.7z
[2026-07-10 00:31:53] [INFO] Subiendo: ERP_TEST_06.zip
[2026-07-10 00:31:53] [INFO] Subiendo: ERP_TEST_07.zip
[2026-07-10 00:31:53] [INFO] Subiendo: ERP_TEST_08.zip
[2026-07-10 00:31:53] [INFO] Subiendo: ERP_TEST_09.bak
[2026-07-10 00:31:53] [INFO] Subiendo: ERP_TEST_10.7z
[2026-07-10 00:31:53] [INFO] Subiendo: ERP_TEST_11.zip
[2026-07-10 00:31:53] [INFO] Subiendo: ERP_TEST_13.zip
[2026-07-10 00:31:53] [INFO] Subiendo: ERP_TEST_14.zip
[2026-07-10 00:31:53] [INFO] Subiendo: ERP_TEST_15.zip
[2026-07-10 00:31:53] [INFO] Subiendo: ERP_TEST_16.zip
[2026-07-10 00:31:53] [INFO] Subiendo: ERP_TEST_17.zip
[2026-07-10 00:31:53] [INFO] Subiendo: ERP_TEST_18.zip
[2026-07-10 00:31:53] [INFO] Subiendo: ERP_TEST_19.zip
[2026-07-10 00:31:53] [INFO] Subiendo: ERP_TEST_20.zip
[2026-07-10 00:31:53] [INFO] Subiendo: ERP_TEST_21.zip
[2026-07-10 00:31:53] [SUCCESS] Proceso finalizado.
[2026-07-10 00:32:01] [INFO] Ejecutando trabajo: ERP SQL
[2026-07-10 00:32:01] [INFO] === Backup Center iniciado ===
[2026-07-10 00:32:01] [INFO] Subiendo: ERP_TEST.zip
[2026-07-10 00:32:01] [INFO] Subiendo: ERP_TEST_01.zip
[2026-07-10 00:32:01] [INFO] Subiendo: ERP_TEST_02.zip
[2026-07-10 00:32:01] [INFO] Subiendo: ERP_TEST_03.zip
[2026-07-10 00:32:01] [INFO] Subiendo: ERP_TEST_04.bak
[2026-07-10 00:32:01] [INFO] Subiendo: ERP_TEST_05.7z
[2026-07-10 00:32:01] [INFO] Subiendo: ERP_TEST_06.zip
[2026-07-10 00:32:01] [INFO] Subiendo: ERP_TEST_07.zip
[2026-07-10 00:32:01] [INFO] Subiendo: ERP_TEST_08.zip
[2026-07-10 00:32:01] [INFO] Subiendo: ERP_TEST_09.bak
[2026-07-10 00:32:01] [INFO] Subiendo: ERP_TEST_10.7z
[2026-07-10 00:32:01] [INFO] Subiendo: ERP_TEST_11.zip
[2026-07-10 00:32:01] [INFO] Subiendo: ERP_TEST_13.zip
[2026-07-10 00:32:01] [INFO] Subiendo: ERP_TEST_14.zip
[2026-07-10 00:32:01] [INFO] Subiendo: ERP_TEST_15.zip
[2026-07-10 00:32:01] [INFO] Subiendo: ERP_TEST_16.zip
[2026-07-10 00:32:01] [INFO] Subiendo: ERP_TEST_17.zip
[2026-07-10 00:32:01] [INFO] Subiendo: ERP_TEST_18.zip
[2026-07-10 00:32:01] [INFO] Subiendo: ERP_TEST_19.zip
[2026-07-10 00:32:01] [INFO] Subiendo: ERP_TEST_20.zip
[2026-07-10 00:32:01] [INFO] Subiendo: ERP_TEST_21.zip
[2026-07-10 00:32:01] [SUCCESS] Proceso finalizado.
[2026-07-10 00:32:11] [INFO] Ejecutando trabajo: ERP SQL
[2026-07-10 00:32:11] [INFO] === Backup Center iniciado ===
[2026-07-10 00:32:11] [INFO] Subiendo: ERP_TEST.zip
[2026-07-10 00:32:11] [INFO] Subiendo: ERP_TEST_01.zip
[2026-07-10 00:32:11] [INFO] Subiendo: ERP_TEST_02.zip
[2026-07-10 00:32:11] [INFO] Subiendo: ERP_TEST_03.zip
[2026-07-10 00:32:11] [INFO] Subiendo: ERP_TEST_04.bak
[2026-07-10 00:32:11] [INFO] Subiendo: ERP_TEST_05.7z
[2026-07-10 00:32:11] [INFO] Subiendo: ERP_TEST_06.zip
[2026-07-10 00:32:11] [INFO] Subiendo: ERP_TEST_07.zip
[2026-07-10 00:32:11] [INFO] Subiendo: ERP_TEST_08.zip
[2026-07-10 00:32:11] [INFO] Subiendo: ERP_TEST_09.bak
[2026-07-10 00:32:11] [INFO] Subiendo: ERP_TEST_10.7z
[2026-07-10 00:32:11] [INFO] Subiendo: ERP_TEST_11.zip
[2026-07-10 00:32:11] [INFO] Subiendo: ERP_TEST_13.zip
[2026-07-10 00:32:11] [INFO] Subiendo: ERP_TEST_14.zip
[2026-07-10 00:32:11] [INFO] Subiendo: ERP_TEST_15.zip
[2026-07-10 00:32:11] [INFO] Subiendo: ERP_TEST_16.zip
[2026-07-10 00:32:11] [INFO] Subiendo: ERP_TEST_17.zip
[2026-07-10 00:32:11] [INFO] Subiendo: ERP_TEST_18.zip
[2026-07-10 00:32:11] [INFO] Subiendo: ERP_TEST_19.zip
[2026-07-10 00:32:11] [INFO] Subiendo: ERP_TEST_20.zip
[2026-07-10 00:32:11] [INFO] Subiendo: ERP_TEST_21.zip
[2026-07-10 00:32:11] [SUCCESS] Proceso finalizado.
[2026-07-10 00:32:21] [INFO] Ejecutando trabajo: ERP SQL
[2026-07-10 00:32:21] [INFO] === Backup Center iniciado ===
[2026-07-10 00:32:21] [INFO] Subiendo: ERP_TEST.zip
[2026-07-10 00:32:21] [INFO] Subiendo: ERP_TEST_01.zip
[2026-07-10 00:32:21] [INFO] Subiendo: ERP_TEST_02.zip
[2026-07-10 00:32:21] [INFO] Subiendo: ERP_TEST_03.zip
[2026-07-10 00:32:21] [INFO] Subiendo: ERP_TEST_04.bak
[2026-07-10 00:32:21] [INFO] Subiendo: ERP_TEST_05.7z
[2026-07-10 00:32:21] [INFO] Subiendo: ERP_TEST_06.zip
[2026-07-10 00:32:21] [INFO] Subiendo: ERP_TEST_07.zip
[2026-07-10 00:32:21] [INFO] Subiendo: ERP_TEST_08.zip
[2026-07-10 00:32:21] [INFO] Subiendo: ERP_TEST_09.bak
[2026-07-10 00:32:21] [INFO] Subiendo: ERP_TEST_10.7z
[2026-07-10 00:32:21] [INFO] Subiendo: ERP_TEST_11.zip
[2026-07-10 00:32:21] [INFO] Subiendo: ERP_TEST_13.zip
[2026-07-10 00:32:21] [INFO] Subiendo: ERP_TEST_14.zip
[2026-07-10 00:32:21] [INFO] Subiendo: ERP_TEST_15.zip
[2026-07-10 00:32:21] [INFO] Subiendo: ERP_TEST_16.zip
[2026-07-10 00:32:21] [INFO] Subiendo: ERP_TEST_17.zip
[2026-07-10 00:32:21] [INFO] Subiendo: ERP_TEST_18.zip
[2026-07-10 00:32:21] [INFO] Subiendo: ERP_TEST_19.zip
[2026-07-10 00:32:21] [INFO] Subiendo: ERP_TEST_20.zip
[2026-07-10 00:32:21] [INFO] Subiendo: ERP_TEST_21.zip
[2026-07-10 00:32:21] [SUCCESS] Proceso finalizado.
[2026-07-10 00:32:31] [INFO] Ejecutando trabajo: ERP SQL
[2026-07-10 00:32:31] [INFO] === Backup Center iniciado ===
[2026-07-10 00:32:31] [INFO] Subiendo: ERP_TEST.zip
[2026-07-10 00:32:31] [INFO] Subiendo: ERP_TEST_01.zip
[2026-07-10 00:32:31] [INFO] Subiendo: ERP_TEST_02.zip
[2026-07-10 00:32:31] [INFO] Subiendo: ERP_TEST_03.zip
[2026-07-10 00:32:31] [INFO] Subiendo: ERP_TEST_04.bak
[2026-07-10 00:32:31] [INFO] Subiendo: ERP_TEST_05.7z
[2026-07-10 00:32:31] [INFO] Subiendo: ERP_TEST_06.zip
[2026-07-10 00:32:31] [INFO] Subiendo: ERP_TEST_07.zip
[2026-07-10 00:32:31] [INFO] Subiendo: ERP_TEST_08.zip
[2026-07-10 00:32:31] [INFO] Subiendo: ERP_TEST_09.bak
[2026-07-10 00:32:31] [INFO] Subiendo: ERP_TEST_10.7z
[2026-07-10 00:32:31] [INFO] Subiendo: ERP_TEST_11.zip
[2026-07-10 00:32:31] [INFO] Subiendo: ERP_TEST_13.zip
[2026-07-10 00:32:31] [INFO] Subiendo: ERP_TEST_14.zip
[2026-07-10 00:32:31] [INFO] Subiendo: ERP_TEST_15.zip
[2026-07-10 00:32:31] [INFO] Subiendo: ERP_TEST_16.zip
[2026-07-10 00:32:31] [INFO] Subiendo: ERP_TEST_17.zip
[2026-07-10 00:32:31] [INFO] Subiendo: ERP_TEST_18.zip
[2026-07-10 00:32:31] [INFO] Subiendo: ERP_TEST_19.zip
[2026-07-10 00:32:31] [INFO] Subiendo: ERP_TEST_20.zip
[2026-07-10 00:32:31] [INFO] Subiendo: ERP_TEST_21.zip
[2026-07-10 00:32:31] [SUCCESS] Proceso finalizado.
[2026-07-10 00:32:41] [INFO] Ejecutando trabajo: ERP SQL
[2026-07-10 00:32:41] [INFO] === Backup Center iniciado ===
[2026-07-10 00:32:41] [INFO] Subiendo: ERP_TEST.zip
[2026-07-10 00:32:41] [INFO] Subiendo: ERP_TEST_01.zip
[2026-07-10 00:32:41] [INFO] Subiendo: ERP_TEST_02.zip
[2026-07-10 00:32:41] [INFO] Subiendo: ERP_TEST_03.zip
[2026-07-10 00:32:41] [INFO] Subiendo: ERP_TEST_04.bak
[2026-07-10 00:32:41] [INFO] Subiendo: ERP_TEST_05.7z
[2026-07-10 00:32:41] [INFO] Subiendo: ERP_TEST_06.zip
[2026-07-10 00:32:41] [INFO] Subiendo: ERP_TEST_07.zip
[2026-07-10 00:32:41] [INFO] Subiendo: ERP_TEST_08.zip
[2026-07-10 00:32:41] [INFO] Subiendo: ERP_TEST_09.bak
[2026-07-10 00:32:41] [INFO] Subiendo: ERP_TEST_10.7z
[2026-07-10 00:32:41] [INFO] Subiendo: ERP_TEST_11.zip
[2026-07-10 00:32:41] [INFO] Subiendo: ERP_TEST_13.zip
[2026-07-10 00:32:41] [INFO] Subiendo: ERP_TEST_14.zip
[2026-07-10 00:32:41] [INFO] Subiendo: ERP_TEST_15.zip
[2026-07-10 00:32:41] [INFO] Subiendo: ERP_TEST_16.zip
[2026-07-10 00:32:41] [INFO] Subiendo: ERP_TEST_17.zip
[2026-07-10 00:32:41] [INFO] Subiendo: ERP_TEST_18.zip
[2026-07-10 00:32:41] [INFO] Subiendo: ERP_TEST_19.zip
[2026-07-10 00:32:41] [INFO] Subiendo: ERP_TEST_20.zip
[2026-07-10 00:32:41] [INFO] Subiendo: ERP_TEST_21.zip
[2026-07-10 00:32:41] [SUCCESS] Proceso finalizado.
[2026-07-10 00:32:52] [INFO] Ejecutando trabajo: ERP SQL
[2026-07-10 00:32:52] [INFO] === Backup Center iniciado ===
[2026-07-10 00:32:52] [INFO] Subiendo: ERP_TEST.zip
[2026-07-10 00:32:52] [INFO] Subiendo: ERP_TEST_01.zip
[2026-07-10 00:32:52] [INFO] Subiendo: ERP_TEST_02.zip
[2026-07-10 00:32:52] [INFO] Subiendo: ERP_TEST_03.zip
[2026-07-10 00:32:52] [INFO] Subiendo: ERP_TEST_04.bak
[2026-07-10 00:32:52] [INFO] Subiendo: ERP_TEST_05.7z
[2026-07-10 00:32:52] [INFO] Subiendo: ERP_TEST_06.zip
[2026-07-10 00:32:52] [INFO] Subiendo: ERP_TEST_07.zip
[2026-07-10 00:32:52] [INFO] Subiendo: ERP_TEST_08.zip
[2026-07-10 00:32:52] [INFO] Subiendo: ERP_TEST_09.bak
[2026-07-10 00:32:52] [INFO] Subiendo: ERP_TEST_10.7z
[2026-07-10 00:32:52] [INFO] Subiendo: ERP_TEST_11.zip
[2026-07-10 00:32:52] [INFO] Subiendo: ERP_TEST_13.zip
[2026-07-10 00:32:52] [INFO] Subiendo: ERP_TEST_14.zip
[2026-07-10 00:32:52] [INFO] Subiendo: ERP_TEST_15.zip
[2026-07-10 00:32:52] [INFO] Subiendo: ERP_TEST_16.zip
[2026-07-10 00:32:52] [INFO] Subiendo: ERP_TEST_17.zip
[2026-07-10 00:32:52] [INFO] Subiendo: ERP_TEST_18.zip
[2026-07-10 00:32:52] [INFO] Subiendo: ERP_TEST_19.zip
[2026-07-10 00:32:52] [INFO] Subiendo: ERP_TEST_20.zip
[2026-07-10 00:32:52] [INFO] Subiendo: ERP_TEST_21.zip
[2026-07-10 00:32:52] [SUCCESS] Proceso finalizado.
[2026-07-10 00:33:02] [INFO] Ejecutando trabajo: ERP SQL
[2026-07-10 00:33:02] [INFO] === Backup Center iniciado ===
[2026-07-10 00:33:02] [INFO] Subiendo: ERP_TEST.zip
[2026-07-10 00:33:02] [INFO] Subiendo: ERP_TEST_01.zip
[2026-07-10 00:33:02] [INFO] Subiendo: ERP_TEST_02.zip
[2026-07-10 00:33:02] [INFO] Subiendo: ERP_TEST_03.zip
[2026-07-10 00:33:02] [INFO] Subiendo: ERP_TEST_04.bak
[2026-07-10 00:33:02] [INFO] Subiendo: ERP_TEST_05.7z
[2026-07-10 00:33:02] [INFO] Subiendo: ERP_TEST_06.zip
[2026-07-10 00:33:02] [INFO] Subiendo: ERP_TEST_07.zip
[2026-07-10 00:33:02] [INFO] Subiendo: ERP_TEST_08.zip
[2026-07-10 00:33:02] [INFO] Subiendo: ERP_TEST_09.bak
[2026-07-10 00:33:02] [INFO] Subiendo: ERP_TEST_10.7z
[2026-07-10 00:33:02] [INFO] Subiendo: ERP_TEST_11.zip
[2026-07-10 00:33:02] [INFO] Subiendo: ERP_TEST_13.zip
[2026-07-10 00:33:02] [INFO] Subiendo: ERP_TEST_14.zip
[2026-07-10 00:33:02] [INFO] Subiendo: ERP_TEST_15.zip
[2026-07-10 00:33:02] [INFO] Subiendo: ERP_TEST_16.zip
[2026-07-10 00:33:02] [INFO] Subiendo: ERP_TEST_17.zip
[2026-07-10 00:33:02] [INFO] Subiendo: ERP_TEST_18.zip
[2026-07-10 00:33:02] [INFO] Subiendo: ERP_TEST_19.zip
[2026-07-10 00:33:02] [INFO] Subiendo: ERP_TEST_20.zip
[2026-07-10 00:33:02] [INFO] Subiendo: ERP_TEST_21.zip
[2026-07-10 00:33:02] [SUCCESS] Proceso finalizado.
[2026-07-10 00:33:12] [INFO] Ejecutando trabajo: ERP SQL
[2026-07-10 00:33:12] [INFO] === Backup Center iniciado ===
[2026-07-10 00:33:12] [INFO] Subiendo: ERP_TEST.zip
[2026-07-10 00:33:12] [INFO] Subiendo: ERP_TEST_01.zip
[2026-07-10 00:33:12] [INFO] Subiendo: ERP_TEST_02.zip
[2026-07-10 00:33:12] [INFO] Subiendo: ERP_TEST_03.zip
[2026-07-10 00:33:12] [INFO] Subiendo: ERP_TEST_04.bak
[2026-07-10 00:33:12] [INFO] Subiendo: ERP_TEST_05.7z
[2026-07-10 00:33:12] [INFO] Subiendo: ERP_TEST_06.zip
[2026-07-10 00:33:12] [INFO] Subiendo: ERP_TEST_07.zip
[2026-07-10 00:33:12] [INFO] Subiendo: ERP_TEST_08.zip
[2026-07-10 00:33:12] [INFO] Subiendo: ERP_TEST_09.bak
[2026-07-10 00:33:12] [INFO] Subiendo: ERP_TEST_10.7z
[2026-07-10 00:33:12] [INFO] Subiendo: ERP_TEST_11.zip
[2026-07-10 00:33:12] [INFO] Subiendo: ERP_TEST_13.zip
[2026-07-10 00:33:12] [INFO] Subiendo: ERP_TEST_14.zip
[2026-07-10 00:33:12] [INFO] Subiendo: ERP_TEST_15.zip
[2026-07-10 00:33:12] [INFO] Subiendo: ERP_TEST_16.zip
[2026-07-10 00:33:12] [INFO] Subiendo: ERP_TEST_17.zip
[2026-07-10 00:33:12] [INFO] Subiendo: ERP_TEST_18.zip
[2026-07-10 00:33:12] [INFO] Subiendo: ERP_TEST_19.zip
[2026-07-10 00:33:12] [INFO] Subiendo: ERP_TEST_20.zip
[2026-07-10 00:33:12] [INFO] Subiendo: ERP_TEST_21.zip
[2026-07-10 00:33:12] [SUCCESS] Proceso finalizado.
[2026-07-10 00:33:22] [INFO] Ejecutando trabajo: ERP SQL
[2026-07-10 00:33:22] [INFO] === Backup Center iniciado ===
[2026-07-10 00:33:22] [INFO] Subiendo: ERP_TEST.zip
[2026-07-10 00:33:22] [INFO] Subiendo: ERP_TEST_01.zip
[2026-07-10 00:33:22] [INFO] Subiendo: ERP_TEST_02.zip
[2026-07-10 00:33:22] [INFO] Subiendo: ERP_TEST_03.zip
[2026-07-10 00:33:22] [INFO] Subiendo: ERP_TEST_04.bak
[2026-07-10 00:33:22] [INFO] Subiendo: ERP_TEST_05.7z
[2026-07-10 00:33:22] [INFO] Subiendo: ERP_TEST_06.zip
[2026-07-10 00:33:22] [INFO] Subiendo: ERP_TEST_07.zip
[2026-07-10 00:33:22] [INFO] Subiendo: ERP_TEST_08.zip
[2026-07-10 00:33:22] [INFO] Subiendo: ERP_TEST_09.bak
[2026-07-10 00:33:22] [INFO] Subiendo: ERP_TEST_10.7z
[2026-07-10 00:33:22] [INFO] Subiendo: ERP_TEST_11.zip
[2026-07-10 00:33:22] [INFO] Subiendo: ERP_TEST_13.zip
[2026-07-10 00:33:22] [INFO] Subiendo: ERP_TEST_14.zip
[2026-07-10 00:33:22] [INFO] Subiendo: ERP_TEST_15.zip
[2026-07-10 00:33:22] [INFO] Subiendo: ERP_TEST_16.zip
[2026-07-10 00:33:22] [INFO] Subiendo: ERP_TEST_17.zip
[2026-07-10 00:33:22] [INFO] Subiendo: ERP_TEST_18.zip
[2026-07-10 00:33:22] [INFO] Subiendo: ERP_TEST_19.zip
[2026-07-10 00:33:22] [INFO] Subiendo: ERP_TEST_20.zip
[2026-07-10 00:33:22] [INFO] Subiendo: ERP_TEST_21.zip
[2026-07-10 00:33:22] [SUCCESS] Proceso finalizado.
[2026-07-10 00:33:32] [INFO] Ejecutando trabajo: ERP SQL
[2026-07-10 00:33:32] [INFO] === Backup Center iniciado ===
[2026-07-10 00:33:32] [INFO] Subiendo: ERP_TEST.zip
[2026-07-10 00:33:32] [INFO] Subiendo: ERP_TEST_01.zip
[2026-07-10 00:33:32] [INFO] Subiendo: ERP_TEST_02.zip
[2026-07-10 00:33:32] [INFO] Subiendo: ERP_TEST_03.zip
[2026-07-10 00:33:32] [INFO] Subiendo: ERP_TEST_04.bak
[2026-07-10 00:33:32] [INFO] Subiendo: ERP_TEST_05.7z
[2026-07-10 00:33:32] [INFO] Subiendo: ERP_TEST_06.zip
[2026-07-10 00:33:32] [INFO] Subiendo: ERP_TEST_07.zip
[2026-07-10 00:33:32] [INFO] Subiendo: ERP_TEST_08.zip
[2026-07-10 00:33:32] [INFO] Subiendo: ERP_TEST_09.bak
[2026-07-10 00:33:32] [INFO] Subiendo: ERP_TEST_10.7z
[2026-07-10 00:33:32] [INFO] Subiendo: ERP_TEST_11.zip
[2026-07-10 00:33:32] [INFO] Subiendo: ERP_TEST_13.zip
[2026-07-10 00:33:32] [INFO] Subiendo: ERP_TEST_14.zip
[2026-07-10 00:33:32] [INFO] Subiendo: ERP_TEST_15.zip
[2026-07-10 00:33:32] [INFO] Subiendo: ERP_TEST_16.zip
[2026-07-10 00:33:32] [INFO] Subiendo: ERP_TEST_17.zip
[2026-07-10 00:33:32] [INFO] Subiendo: ERP_TEST_18.zip
[2026-07-10 00:33:32] [INFO] Subiendo: ERP_TEST_19.zip
[2026-07-10 00:33:32] [INFO] Subiendo: ERP_TEST_20.zip
[2026-07-10 00:33:32] [INFO] Subiendo: ERP_TEST_21.zip
[2026-07-10 00:33:32] [SUCCESS] Proceso finalizado.
[2026-07-10 00:33:42] [INFO] Ejecutando trabajo: ERP SQL
[2026-07-10 00:33:42] [INFO] === Backup Center iniciado ===
[2026-07-10 00:33:42] [INFO] Subiendo: ERP_TEST.zip
[2026-07-10 00:33:42] [INFO] Subiendo: ERP_TEST_01.zip
[2026-07-10 00:33:42] [INFO] Subiendo: ERP_TEST_02.zip
[2026-07-10 00:33:42] [INFO] Subiendo: ERP_TEST_03.zip
[2026-07-10 00:33:42] [INFO] Subiendo: ERP_TEST_04.bak
[2026-07-10 00:33:42] [INFO] Subiendo: ERP_TEST_05.7z
[2026-07-10 00:33:42] [INFO] Subiendo: ERP_TEST_06.zip
[2026-07-10 00:33:42] [INFO] Subiendo: ERP_TEST_07.zip
[2026-07-10 00:33:42] [INFO] Subiendo: ERP_TEST_08.zip
[2026-07-10 00:33:42] [INFO] Subiendo: ERP_TEST_09.bak
[2026-07-10 00:33:42] [INFO] Subiendo: ERP_TEST_10.7z
[2026-07-10 00:33:42] [INFO] Subiendo: ERP_TEST_11.zip
[2026-07-10 00:33:42] [INFO] Subiendo: ERP_TEST_13.zip
[2026-07-10 00:33:42] [INFO] Subiendo: ERP_TEST_14.zip
[2026-07-10 00:33:42] [INFO] Subiendo: ERP_TEST_15.zip
[2026-07-10 00:33:42] [INFO] Subiendo: ERP_TEST_16.zip
[2026-07-10 00:33:42] [INFO] Subiendo: ERP_TEST_17.zip
[2026-07-10 00:33:42] [INFO] Subiendo: ERP_TEST_18.zip
[2026-07-10 00:33:42] [INFO] Subiendo: ERP_TEST_19.zip
[2026-07-10 00:33:42] [INFO] Subiendo: ERP_TEST_20.zip
[2026-07-10 00:33:42] [INFO] Subiendo: ERP_TEST_21.zip
[2026-07-10 00:33:42] [SUCCESS] Proceso finalizado.
[2026-07-10 00:33:52] [INFO] Ejecutando trabajo: ERP SQL
[2026-07-10 00:33:52] [INFO] === Backup Center iniciado ===
[2026-07-10 00:33:52] [INFO] Subiendo: ERP_TEST.zip
[2026-07-10 00:33:52] [INFO] Subiendo: ERP_TEST_01.zip
[2026-07-10 00:33:52] [INFO] Subiendo: ERP_TEST_02.zip
[2026-07-10 00:33:52] [INFO] Subiendo: ERP_TEST_03.zip
[2026-07-10 00:33:52] [INFO] Subiendo: ERP_TEST_04.bak
[2026-07-10 00:33:52] [INFO] Subiendo: ERP_TEST_05.7z
[2026-07-10 00:33:52] [INFO] Subiendo: ERP_TEST_06.zip
[2026-07-10 00:33:52] [INFO] Subiendo: ERP_TEST_07.zip
[2026-07-10 00:33:52] [INFO] Subiendo: ERP_TEST_08.zip
[2026-07-10 00:33:52] [INFO] Subiendo: ERP_TEST_09.bak
[2026-07-10 00:33:52] [INFO] Subiendo: ERP_TEST_10.7z
[2026-07-10 00:33:52] [INFO] Subiendo: ERP_TEST_11.zip
[2026-07-10 00:33:52] [INFO] Subiendo: ERP_TEST_13.zip
[2026-07-10 00:33:52] [INFO] Subiendo: ERP_TEST_14.zip
[2026-07-10 00:33:52] [INFO] Subiendo: ERP_TEST_15.zip
[2026-07-10 00:33:52] [INFO] Subiendo: ERP_TEST_16.zip
[2026-07-10 00:33:52] [INFO] Subiendo: ERP_TEST_17.zip
[2026-07-10 00:33:52] [INFO] Subiendo: ERP_TEST_18.zip
[2026-07-10 00:33:52] [INFO] Subiendo: ERP_TEST_19.zip
[2026-07-10 00:33:52] [INFO] Subiendo: ERP_TEST_20.zip
[2026-07-10 00:33:52] [INFO] Subiendo: ERP_TEST_21.zip
[2026-07-10 00:33:52] [SUCCESS] Proceso finalizado.
[2026-07-10 00:34:02] [INFO] Ejecutando trabajo: ERP SQL
[2026-07-10 00:34:02] [INFO] === Backup Center iniciado ===
[2026-07-10 00:34:02] [INFO] Subiendo: ERP_TEST.zip
[2026-07-10 00:34:02] [INFO] Subiendo: ERP_TEST_01.zip
[2026-07-10 00:34:02] [INFO] Subiendo: ERP_TEST_02.zip
[2026-07-10 00:34:02] [INFO] Subiendo: ERP_TEST_03.zip
[2026-07-10 00:34:02] [INFO] Subiendo: ERP_TEST_04.bak
[2026-07-10 00:34:02] [INFO] Subiendo: ERP_TEST_05.7z
[2026-07-10 00:34:02] [INFO] Subiendo: ERP_TEST_06.zip
[2026-07-10 00:34:02] [INFO] Subiendo: ERP_TEST_07.zip
[2026-07-10 00:34:02] [INFO] Subiendo: ERP_TEST_08.zip
[2026-07-10 00:34:02] [INFO] Subiendo: ERP_TEST_09.bak
[2026-07-10 00:34:02] [INFO] Subiendo: ERP_TEST_10.7z
[2026-07-10 00:34:02] [INFO] Subiendo: ERP_TEST_11.zip
[2026-07-10 00:34:02] [INFO] Subiendo: ERP_TEST_13.zip
[2026-07-10 00:34:02] [INFO] Subiendo: ERP_TEST_14.zip
[2026-07-10 00:34:02] [INFO] Subiendo: ERP_TEST_15.zip
[2026-07-10 00:34:02] [INFO] Subiendo: ERP_TEST_16.zip
[2026-07-10 00:34:02] [INFO] Subiendo: ERP_TEST_17.zip
[2026-07-10 00:34:02] [INFO] Subiendo: ERP_TEST_18.zip
[2026-07-10 00:34:02] [INFO] Subiendo: ERP_TEST_19.zip
[2026-07-10 00:34:02] [INFO] Subiendo: ERP_TEST_20.zip
[2026-07-10 00:34:02] [INFO] Subiendo: ERP_TEST_21.zip
[2026-07-10 00:34:02] [SUCCESS] Proceso finalizado.
[2026-07-10 00:34:12] [INFO] Ejecutando trabajo: ERP SQL
[2026-07-10 00:34:12] [INFO] === Backup Center iniciado ===
[2026-07-10 00:34:12] [INFO] Subiendo: ERP_TEST.zip
[2026-07-10 00:34:12] [INFO] Subiendo: ERP_TEST_01.zip
[2026-07-10 00:34:12] [INFO] Subiendo: ERP_TEST_02.zip
[2026-07-10 00:34:12] [INFO] Subiendo: ERP_TEST_03.zip
[2026-07-10 00:34:12] [INFO] Subiendo: ERP_TEST_04.bak
[2026-07-10 00:34:12] [INFO] Subiendo: ERP_TEST_05.7z
[2026-07-10 00:34:12] [INFO] Subiendo: ERP_TEST_06.zip
[2026-07-10 00:34:12] [INFO] Subiendo: ERP_TEST_07.zip
[2026-07-10 00:34:12] [INFO] Subiendo: ERP_TEST_08.zip
[2026-07-10 00:34:12] [INFO] Subiendo: ERP_TEST_09.bak
[2026-07-10 00:34:12] [INFO] Subiendo: ERP_TEST_10.7z
[2026-07-10 00:34:12] [INFO] Subiendo: ERP_TEST_11.zip
[2026-07-10 00:34:12] [INFO] Subiendo: ERP_TEST_13.zip
[2026-07-10 00:34:12] [INFO] Subiendo: ERP_TEST_14.zip
[2026-07-10 00:34:12] [INFO] Subiendo: ERP_TEST_15.zip
[2026-07-10 00:34:12] [INFO] Subiendo: ERP_TEST_16.zip
[2026-07-10 00:34:12] [INFO] Subiendo: ERP_TEST_17.zip
[2026-07-10 00:34:12] [INFO] Subiendo: ERP_TEST_18.zip
[2026-07-10 00:34:12] [INFO] Subiendo: ERP_TEST_19.zip
[2026-07-10 00:34:12] [INFO] Subiendo: ERP_TEST_20.zip
[2026-07-10 00:34:12] [INFO] Subiendo: ERP_TEST_21.zip
[2026-07-10 00:34:12] [SUCCESS] Proceso finalizado.
[2026-07-10 00:34:23] [INFO] Ejecutando trabajo: ERP SQL
[2026-07-10 00:34:23] [INFO] === Backup Center iniciado ===
[2026-07-10 00:34:23] [INFO] Subiendo: ERP_TEST.zip
[2026-07-10 00:34:23] [INFO] Subiendo: ERP_TEST_01.zip
[2026-07-10 00:34:23] [INFO] Subiendo: ERP_TEST_02.zip
[2026-07-10 00:34:23] [INFO] Subiendo: ERP_TEST_03.zip
[2026-07-10 00:34:23] [INFO] Subiendo: ERP_TEST_04.bak
[2026-07-10 00:34:23] [INFO] Subiendo: ERP_TEST_05.7z
[2026-07-10 00:34:23] [INFO] Subiendo: ERP_TEST_06.zip
[2026-07-10 00:34:23] [INFO] Subiendo: ERP_TEST_07.zip
[2026-07-10 00:34:23] [INFO] Subiendo: ERP_TEST_08.zip
[2026-07-10 00:34:23] [INFO] Subiendo: ERP_TEST_09.bak
[2026-07-10 00:34:23] [INFO] Subiendo: ERP_TEST_10.7z
[2026-07-10 00:34:23] [INFO] Subiendo: ERP_TEST_11.zip
[2026-07-10 00:34:23] [INFO] Subiendo: ERP_TEST_13.zip
[2026-07-10 00:34:23] [INFO] Subiendo: ERP_TEST_14.zip
[2026-07-10 00:34:23] [INFO] Subiendo: ERP_TEST_15.zip
[2026-07-10 00:34:23] [INFO] Subiendo: ERP_TEST_16.zip
[2026-07-10 00:34:23] [INFO] Subiendo: ERP_TEST_17.zip
[2026-07-10 00:34:23] [INFO] Subiendo: ERP_TEST_18.zip
[2026-07-10 00:34:23] [INFO] Subiendo: ERP_TEST_19.zip
[2026-07-10 00:34:23] [INFO] Subiendo: ERP_TEST_20.zip
[2026-07-10 00:34:23] [INFO] Subiendo: ERP_TEST_21.zip
[2026-07-10 00:34:23] [SUCCESS] Proceso finalizado.
[2026-07-10 00:34:33] [INFO] Ejecutando trabajo: ERP SQL
[2026-07-10 00:34:33] [INFO] === Backup Center iniciado ===
[2026-07-10 00:34:33] [INFO] Subiendo: ERP_TEST.zip
[2026-07-10 00:34:33] [INFO] Subiendo: ERP_TEST_01.zip
[2026-07-10 00:34:33] [INFO] Subiendo: ERP_TEST_02.zip
[2026-07-10 00:34:33] [INFO] Subiendo: ERP_TEST_03.zip
[2026-07-10 00:34:33] [INFO] Subiendo: ERP_TEST_04.bak
[2026-07-10 00:34:33] [INFO] Subiendo: ERP_TEST_05.7z
[2026-07-10 00:34:33] [INFO] Subiendo: ERP_TEST_06.zip
[2026-07-10 00:34:33] [INFO] Subiendo: ERP_TEST_07.zip
[2026-07-10 00:34:33] [INFO] Subiendo: ERP_TEST_08.zip
[2026-07-10 00:34:33] [INFO] Subiendo: ERP_TEST_09.bak
[2026-07-10 00:34:33] [INFO] Subiendo: ERP_TEST_10.7z
[2026-07-10 00:34:33] [INFO] Subiendo: ERP_TEST_11.zip
[2026-07-10 00:34:33] [INFO] Subiendo: ERP_TEST_13.zip
[2026-07-10 00:34:33] [INFO] Subiendo: ERP_TEST_14.zip
[2026-07-10 00:34:33] [INFO] Subiendo: ERP_TEST_15.zip
[2026-07-10 00:34:33] [INFO] Subiendo: ERP_TEST_16.zip
[2026-07-10 00:34:33] [INFO] Subiendo: ERP_TEST_17.zip
[2026-07-10 00:34:33] [INFO] Subiendo: ERP_TEST_18.zip
[2026-07-10 00:34:33] [INFO] Subiendo: ERP_TEST_19.zip
[2026-07-10 00:34:33] [INFO] Subiendo: ERP_TEST_20.zip
[2026-07-10 00:34:33] [INFO] Subiendo: ERP_TEST_21.zip
[2026-07-10 00:34:33] [SUCCESS] Proceso finalizado.
[2026-07-10 00:34:43] [INFO] Ejecutando trabajo: ERP SQL
[2026-07-10 00:34:43] [INFO] === Backup Center iniciado ===
[2026-07-10 00:34:43] [INFO] Subiendo: ERP_TEST.zip
[2026-07-10 00:34:43] [INFO] Subiendo: ERP_TEST_01.zip
[2026-07-10 00:34:43] [INFO] Subiendo: ERP_TEST_02.zip
[2026-07-10 00:34:43] [INFO] Subiendo: ERP_TEST_03.zip
[2026-07-10 00:34:43] [INFO] Subiendo: ERP_TEST_04.bak
[2026-07-10 00:34:43] [INFO] Subiendo: ERP_TEST_05.7z
[2026-07-10 00:34:43] [INFO] Subiendo: ERP_TEST_06.zip
[2026-07-10 00:34:43] [INFO] Subiendo: ERP_TEST_07.zip
[2026-07-10 00:34:43] [INFO] Subiendo: ERP_TEST_08.zip
[2026-07-10 00:34:43] [INFO] Subiendo: ERP_TEST_09.bak
[2026-07-10 00:34:43] [INFO] Subiendo: ERP_TEST_10.7z
[2026-07-10 00:34:43] [INFO] Subiendo: ERP_TEST_11.zip
[2026-07-10 00:34:43] [INFO] Subiendo: ERP_TEST_13.zip
[2026-07-10 00:34:43] [INFO] Subiendo: ERP_TEST_14.zip
[2026-07-10 00:34:43] [INFO] Subiendo: ERP_TEST_15.zip
[2026-07-10 00:34:43] [INFO] Subiendo: ERP_TEST_16.zip
[2026-07-10 00:34:43] [INFO] Subiendo: ERP_TEST_17.zip
[2026-07-10 00:34:43] [INFO] Subiendo: ERP_TEST_18.zip
[2026-07-10 00:34:43] [INFO] Subiendo: ERP_TEST_19.zip
[2026-07-10 00:34:43] [INFO] Subiendo: ERP_TEST_20.zip
[2026-07-10 00:34:43] [INFO] Subiendo: ERP_TEST_21.zip
[2026-07-10 00:34:43] [SUCCESS] Proceso finalizado.
[2026-07-10 00:34:53] [INFO] Ejecutando trabajo: ERP SQL
[2026-07-10 00:34:53] [INFO] === Backup Center iniciado ===
[2026-07-10 00:34:53] [INFO] Subiendo: ERP_TEST.zip
[2026-07-10 00:34:53] [INFO] Subiendo: ERP_TEST_01.zip
[2026-07-10 00:34:53] [INFO] Subiendo: ERP_TEST_02.zip
[2026-07-10 00:34:53] [INFO] Subiendo: ERP_TEST_03.zip
[2026-07-10 00:34:53] [INFO] Subiendo: ERP_TEST_04.bak
[2026-07-10 00:34:53] [INFO] Subiendo: ERP_TEST_05.7z
[2026-07-10 00:34:53] [INFO] Subiendo: ERP_TEST_06.zip
[2026-07-10 00:34:53] [INFO] Subiendo: ERP_TEST_07.zip
[2026-07-10 00:34:53] [INFO] Subiendo: ERP_TEST_08.zip
[2026-07-10 00:34:53] [INFO] Subiendo: ERP_TEST_09.bak
[2026-07-10 00:34:53] [INFO] Subiendo: ERP_TEST_10.7z
[2026-07-10 00:34:53] [INFO] Subiendo: ERP_TEST_11.zip
[2026-07-10 00:34:53] [INFO] Subiendo: ERP_TEST_13.zip
[2026-07-10 00:34:53] [INFO] Subiendo: ERP_TEST_14.zip
[2026-07-10 00:34:53] [INFO] Subiendo: ERP_TEST_15.zip
[2026-07-10 00:34:53] [INFO] Subiendo: ERP_TEST_16.zip
[2026-07-10 00:34:53] [INFO] Subiendo: ERP_TEST_17.zip
[2026-07-10 00:34:53] [INFO] Subiendo: ERP_TEST_18.zip
[2026-07-10 00:34:53] [INFO] Subiendo: ERP_TEST_19.zip
[2026-07-10 00:34:53] [INFO] Subiendo: ERP_TEST_20.zip
[2026-07-10 00:34:53] [INFO] Subiendo: ERP_TEST_21.zip
[2026-07-10 00:34:53] [SUCCESS] Proceso finalizado.
[2026-07-10 00:35:03] [INFO] Ejecutando trabajo: ERP SQL
[2026-07-10 00:35:03] [INFO] === Backup Center iniciado ===
[2026-07-10 00:35:03] [INFO] Subiendo: ERP_TEST.zip
[2026-07-10 00:35:03] [INFO] Subiendo: ERP_TEST_01.zip
[2026-07-10 00:35:03] [INFO] Subiendo: ERP_TEST_02.zip
[2026-07-10 00:35:03] [INFO] Subiendo: ERP_TEST_03.zip
[2026-07-10 00:35:03] [INFO] Subiendo: ERP_TEST_04.bak
[2026-07-10 00:35:03] [INFO] Subiendo: ERP_TEST_05.7z
[2026-07-10 00:35:03] [INFO] Subiendo: ERP_TEST_06.zip
[2026-07-10 00:35:03] [INFO] Subiendo: ERP_TEST_07.zip
[2026-07-10 00:35:03] [INFO] Subiendo: ERP_TEST_08.zip
[2026-07-10 00:35:03] [INFO] Subiendo: ERP_TEST_09.bak
[2026-07-10 00:35:03] [INFO] Subiendo: ERP_TEST_10.7z
[2026-07-10 00:35:03] [INFO] Subiendo: ERP_TEST_11.zip
[2026-07-10 00:35:03] [INFO] Subiendo: ERP_TEST_13.zip
[2026-07-10 00:35:03] [INFO] Subiendo: ERP_TEST_14.zip
[2026-07-10 00:35:03] [INFO] Subiendo: ERP_TEST_15.zip
[2026-07-10 00:35:03] [INFO] Subiendo: ERP_TEST_16.zip
[2026-07-10 00:35:03] [INFO] Subiendo: ERP_TEST_17.zip
[2026-07-10 00:35:03] [INFO] Subiendo: ERP_TEST_18.zip
[2026-07-10 00:35:03] [INFO] Subiendo: ERP_TEST_19.zip
[2026-07-10 00:35:03] [INFO] Subiendo: ERP_TEST_20.zip
[2026-07-10 00:35:03] [INFO] Subiendo: ERP_TEST_21.zip
[2026-07-10 00:35:03] [SUCCESS] Proceso finalizado.
[2026-07-10 00:35:13] [INFO] Ejecutando trabajo: ERP SQL
[2026-07-10 00:35:13] [INFO] === Backup Center iniciado ===
[2026-07-10 00:35:13] [INFO] Subiendo: ERP_TEST.zip
[2026-07-10 00:35:13] [INFO] Subiendo: ERP_TEST_01.zip
[2026-07-10 00:35:13] [INFO] Subiendo: ERP_TEST_02.zip
[2026-07-10 00:35:13] [INFO] Subiendo: ERP_TEST_03.zip
[2026-07-10 00:35:13] [INFO] Subiendo: ERP_TEST_04.bak
[2026-07-10 00:35:13] [INFO] Subiendo: ERP_TEST_05.7z
[2026-07-10 00:35:13] [INFO] Subiendo: ERP_TEST_06.zip
[2026-07-10 00:35:13] [INFO] Subiendo: ERP_TEST_07.zip
[2026-07-10 00:35:13] [INFO] Subiendo: ERP_TEST_08.zip
[2026-07-10 00:35:13] [INFO] Subiendo: ERP_TEST_09.bak
[2026-07-10 00:35:13] [INFO] Subiendo: ERP_TEST_10.7z
[2026-07-10 00:35:13] [INFO] Subiendo: ERP_TEST_11.zip
[2026-07-10 00:35:13] [INFO] Subiendo: ERP_TEST_13.zip
[2026-07-10 00:35:13] [INFO] Subiendo: ERP_TEST_14.zip
[2026-07-10 00:35:13] [INFO] Subiendo: ERP_TEST_15.zip
[2026-07-10 00:35:13] [INFO] Subiendo: ERP_TEST_16.zip
[2026-07-10 00:35:13] [INFO] Subiendo: ERP_TEST_17.zip
[2026-07-10 00:35:13] [INFO] Subiendo: ERP_TEST_18.zip
[2026-07-10 00:35:13] [INFO] Subiendo: ERP_TEST_19.zip
[2026-07-10 00:35:13] [INFO] Subiendo: ERP_TEST_20.zip
[2026-07-10 00:35:13] [INFO] Subiendo: ERP_TEST_21.zip
[2026-07-10 00:35:13] [SUCCESS] Proceso finalizado.
[2026-07-10 00:35:23] [INFO] Ejecutando trabajo: ERP SQL
[2026-07-10 00:35:23] [INFO] === Backup Center iniciado ===
[2026-07-10 00:35:23] [INFO] Subiendo: ERP_TEST.zip
[2026-07-10 00:35:23] [INFO] Subiendo: ERP_TEST_01.zip
[2026-07-10 00:35:23] [INFO] Subiendo: ERP_TEST_02.zip
[2026-07-10 00:35:23] [INFO] Subiendo: ERP_TEST_03.zip
[2026-07-10 00:35:23] [INFO] Subiendo: ERP_TEST_04.bak
[2026-07-10 00:35:23] [INFO] Subiendo: ERP_TEST_05.7z
[2026-07-10 00:35:23] [INFO] Subiendo: ERP_TEST_06.zip
[2026-07-10 00:35:23] [INFO] Subiendo: ERP_TEST_07.zip
[2026-07-10 00:35:23] [INFO] Subiendo: ERP_TEST_08.zip
[2026-07-10 00:35:23] [INFO] Subiendo: ERP_TEST_09.bak
[2026-07-10 00:35:23] [INFO] Subiendo: ERP_TEST_10.7z
[2026-07-10 00:35:23] [INFO] Subiendo: ERP_TEST_11.zip
[2026-07-10 00:35:23] [INFO] Subiendo: ERP_TEST_13.zip
[2026-07-10 00:35:23] [INFO] Subiendo: ERP_TEST_14.zip
[2026-07-10 00:35:23] [INFO] Subiendo: ERP_TEST_15.zip
[2026-07-10 00:35:23] [INFO] Subiendo: ERP_TEST_16.zip
[2026-07-10 00:35:23] [INFO] Subiendo: ERP_TEST_17.zip
[2026-07-10 00:35:23] [INFO] Subiendo: ERP_TEST_18.zip
[2026-07-10 00:35:23] [INFO] Subiendo: ERP_TEST_19.zip
[2026-07-10 00:35:23] [INFO] Subiendo: ERP_TEST_20.zip
[2026-07-10 00:35:23] [INFO] Subiendo: ERP_TEST_21.zip
[2026-07-10 00:35:23] [SUCCESS] Proceso finalizado.
[2026-07-10 00:35:33] [INFO] Ejecutando trabajo: ERP SQL
[2026-07-10 00:35:33] [INFO] === Backup Center iniciado ===
[2026-07-10 00:35:33] [INFO] Subiendo: ERP_TEST.zip
[2026-07-10 00:35:33] [INFO] Subiendo: ERP_TEST_01.zip
[2026-07-10 00:35:33] [INFO] Subiendo: ERP_TEST_02.zip
[2026-07-10 00:35:33] [INFO] Subiendo: ERP_TEST_03.zip
[2026-07-10 00:35:33] [INFO] Subiendo: ERP_TEST_04.bak
[2026-07-10 00:35:33] [INFO] Subiendo: ERP_TEST_05.7z
[2026-07-10 00:35:33] [INFO] Subiendo: ERP_TEST_06.zip
[2026-07-10 00:35:33] [INFO] Subiendo: ERP_TEST_07.zip
[2026-07-10 00:35:33] [INFO] Subiendo: ERP_TEST_08.zip
[2026-07-10 00:35:33] [INFO] Subiendo: ERP_TEST_09.bak
[2026-07-10 00:35:33] [INFO] Subiendo: ERP_TEST_10.7z
[2026-07-10 00:35:33] [INFO] Subiendo: ERP_TEST_11.zip
[2026-07-10 00:35:33] [INFO] Subiendo: ERP_TEST_13.zip
[2026-07-10 00:35:33] [INFO] Subiendo: ERP_TEST_14.zip
[2026-07-10 00:35:33] [INFO] Subiendo: ERP_TEST_15.zip
[2026-07-10 00:35:33] [INFO] Subiendo: ERP_TEST_16.zip
[2026-07-10 00:35:33] [INFO] Subiendo: ERP_TEST_17.zip
[2026-07-10 00:35:33] [INFO] Subiendo: ERP_TEST_18.zip
[2026-07-10 00:35:33] [INFO] Subiendo: ERP_TEST_19.zip
[2026-07-10 00:35:33] [INFO] Subiendo: ERP_TEST_20.zip
[2026-07-10 00:35:33] [INFO] Subiendo: ERP_TEST_21.zip
[2026-07-10 00:35:33] [SUCCESS] Proceso finalizado.
[2026-07-10 00:35:43] [INFO] Ejecutando trabajo: ERP SQL
[2026-07-10 00:35:43] [INFO] === Backup Center iniciado ===
[2026-07-10 00:35:43] [INFO] Subiendo: ERP_TEST.zip
[2026-07-10 00:35:43] [INFO] Subiendo: ERP_TEST_01.zip
[2026-07-10 00:35:43] [INFO] Subiendo: ERP_TEST_02.zip
[2026-07-10 00:35:43] [INFO] Subiendo: ERP_TEST_03.zip
[2026-07-10 00:35:43] [INFO] Subiendo: ERP_TEST_04.bak
[2026-07-10 00:35:43] [INFO] Subiendo: ERP_TEST_05.7z
[2026-07-10 00:35:43] [INFO] Subiendo: ERP_TEST_06.zip
[2026-07-10 00:35:43] [INFO] Subiendo: ERP_TEST_07.zip
[2026-07-10 00:35:43] [INFO] Subiendo: ERP_TEST_08.zip
[2026-07-10 00:35:43] [INFO] Subiendo: ERP_TEST_09.bak
[2026-07-10 00:35:43] [INFO] Subiendo: ERP_TEST_10.7z
[2026-07-10 00:35:43] [INFO] Subiendo: ERP_TEST_11.zip
[2026-07-10 00:35:43] [INFO] Subiendo: ERP_TEST_13.zip
[2026-07-10 00:35:43] [INFO] Subiendo: ERP_TEST_14.zip
[2026-07-10 00:35:43] [INFO] Subiendo: ERP_TEST_15.zip
[2026-07-10 00:35:43] [INFO] Subiendo: ERP_TEST_16.zip
[2026-07-10 00:35:43] [INFO] Subiendo: ERP_TEST_17.zip
[2026-07-10 00:35:43] [INFO] Subiendo: ERP_TEST_18.zip
[2026-07-10 00:35:43] [INFO] Subiendo: ERP_TEST_19.zip
[2026-07-10 00:35:43] [INFO] Subiendo: ERP_TEST_20.zip
[2026-07-10 00:35:43] [INFO] Subiendo: ERP_TEST_21.zip
[2026-07-10 00:35:43] [SUCCESS] Proceso finalizado.
[2026-07-10 00:35:53] [INFO] Ejecutando trabajo: ERP SQL
[2026-07-10 00:35:54] [INFO] === Backup Center iniciado ===
[2026-07-10 00:35:54] [INFO] Subiendo: ERP_TEST.zip
[2026-07-10 00:35:54] [INFO] Subiendo: ERP_TEST_01.zip
[2026-07-10 00:35:54] [INFO] Subiendo: ERP_TEST_02.zip
[2026-07-10 00:35:54] [INFO] Subiendo: ERP_TEST_03.zip
[2026-07-10 00:35:54] [INFO] Subiendo: ERP_TEST_04.bak
[2026-07-10 00:35:54] [INFO] Subiendo: ERP_TEST_05.7z
[2026-07-10 00:35:54] [INFO] Subiendo: ERP_TEST_06.zip
[2026-07-10 00:35:54] [INFO] Subiendo: ERP_TEST_07.zip
[2026-07-10 00:35:54] [INFO] Subiendo: ERP_TEST_08.zip
[2026-07-10 00:35:54] [INFO] Subiendo: ERP_TEST_09.bak
[2026-07-10 00:35:54] [INFO] Subiendo: ERP_TEST_10.7z
[2026-07-10 00:35:54] [INFO] Subiendo: ERP_TEST_11.zip
[2026-07-10 00:35:54] [INFO] Subiendo: ERP_TEST_13.zip
[2026-07-10 00:35:54] [INFO] Subiendo: ERP_TEST_14.zip
[2026-07-10 00:35:54] [INFO] Subiendo: ERP_TEST_15.zip
[2026-07-10 00:35:54] [INFO] Subiendo: ERP_TEST_16.zip
[2026-07-10 00:35:54] [INFO] Subiendo: ERP_TEST_17.zip
[2026-07-10 00:35:54] [INFO] Subiendo: ERP_TEST_18.zip
[2026-07-10 00:35:54] [INFO] Subiendo: ERP_TEST_19.zip
[2026-07-10 00:35:54] [INFO] Subiendo: ERP_TEST_20.zip
[2026-07-10 00:35:54] [INFO] Subiendo: ERP_TEST_21.zip
[2026-07-10 00:35:54] [SUCCESS] Proceso finalizado.
[2026-07-10 00:36:04] [INFO] Ejecutando trabajo: ERP SQL
[2026-07-10 00:36:04] [INFO] === Backup Center iniciado ===
[2026-07-10 00:36:04] [INFO] Subiendo: ERP_TEST.zip
[2026-07-10 00:36:04] [INFO] Subiendo: ERP_TEST_01.zip
[2026-07-10 00:36:04] [INFO] Subiendo: ERP_TEST_02.zip
[2026-07-10 00:36:04] [INFO] Subiendo: ERP_TEST_03.zip
[2026-07-10 00:36:04] [INFO] Subiendo: ERP_TEST_04.bak
[2026-07-10 00:36:04] [INFO] Subiendo: ERP_TEST_05.7z
[2026-07-10 00:36:04] [INFO] Subiendo: ERP_TEST_06.zip
[2026-07-10 00:36:04] [INFO] Subiendo: ERP_TEST_07.zip
[2026-07-10 00:36:04] [INFO] Subiendo: ERP_TEST_08.zip
[2026-07-10 00:36:04] [INFO] Subiendo: ERP_TEST_09.bak
[2026-07-10 00:36:04] [INFO] Subiendo: ERP_TEST_10.7z
[2026-07-10 00:36:04] [INFO] Subiendo: ERP_TEST_11.zip
[2026-07-10 00:36:04] [INFO] Subiendo: ERP_TEST_13.zip
[2026-07-10 00:36:04] [INFO] Subiendo: ERP_TEST_14.zip
[2026-07-10 00:36:04] [INFO] Subiendo: ERP_TEST_15.zip
[2026-07-10 00:36:04] [INFO] Subiendo: ERP_TEST_16.zip
[2026-07-10 00:36:04] [INFO] Subiendo: ERP_TEST_17.zip
[2026-07-10 00:36:04] [INFO] Subiendo: ERP_TEST_18.zip
[2026-07-10 00:36:04] [INFO] Subiendo: ERP_TEST_19.zip
[2026-07-10 00:36:04] [INFO] Subiendo: ERP_TEST_20.zip
[2026-07-10 00:36:04] [INFO] Subiendo: ERP_TEST_21.zip
[2026-07-10 00:36:04] [SUCCESS] Proceso finalizado.
[2026-07-10 00:36:14] [INFO] Ejecutando trabajo: ERP SQL
[2026-07-10 00:36:14] [INFO] === Backup Center iniciado ===
[2026-07-10 00:36:14] [INFO] Subiendo: ERP_TEST.zip
[2026-07-10 00:36:14] [INFO] Subiendo: ERP_TEST_01.zip
[2026-07-10 00:36:14] [INFO] Subiendo: ERP_TEST_02.zip
[2026-07-10 00:36:14] [INFO] Subiendo: ERP_TEST_03.zip
[2026-07-10 00:36:14] [INFO] Subiendo: ERP_TEST_04.bak
[2026-07-10 00:36:14] [INFO] Subiendo: ERP_TEST_05.7z
[2026-07-10 00:36:14] [INFO] Subiendo: ERP_TEST_06.zip
[2026-07-10 00:36:14] [INFO] Subiendo: ERP_TEST_07.zip
[2026-07-10 00:36:14] [INFO] Subiendo: ERP_TEST_08.zip
[2026-07-10 00:36:14] [INFO] Subiendo: ERP_TEST_09.bak
[2026-07-10 00:36:14] [INFO] Subiendo: ERP_TEST_10.7z
[2026-07-10 00:36:14] [INFO] Subiendo: ERP_TEST_11.zip
[2026-07-10 00:36:14] [INFO] Subiendo: ERP_TEST_13.zip
[2026-07-10 00:36:14] [INFO] Subiendo: ERP_TEST_14.zip
[2026-07-10 00:36:14] [INFO] Subiendo: ERP_TEST_15.zip
[2026-07-10 00:36:14] [INFO] Subiendo: ERP_TEST_16.zip
[2026-07-10 00:36:14] [INFO] Subiendo: ERP_TEST_17.zip
[2026-07-10 00:36:14] [INFO] Subiendo: ERP_TEST_18.zip
[2026-07-10 00:36:14] [INFO] Subiendo: ERP_TEST_19.zip
[2026-07-10 00:36:14] [INFO] Subiendo: ERP_TEST_20.zip
[2026-07-10 00:36:14] [INFO] Subiendo: ERP_TEST_21.zip
[2026-07-10 00:36:14] [SUCCESS] Proceso finalizado.
[2026-07-10 00:36:22] [INFO] Ejecutando trabajo: ERP SQL
[2026-07-10 00:36:22] [INFO] === Backup Center iniciado ===
[2026-07-10 00:36:22] [INFO] Subiendo: ERP_TEST.zip
[2026-07-10 00:36:22] [INFO] Subiendo: ERP_TEST_01.zip
[2026-07-10 00:36:22] [INFO] Subiendo: ERP_TEST_02.zip
[2026-07-10 00:36:22] [INFO] Subiendo: ERP_TEST_03.zip
[2026-07-10 00:36:22] [INFO] Subiendo: ERP_TEST_04.bak
[2026-07-10 00:36:22] [INFO] Subiendo: ERP_TEST_05.7z
[2026-07-10 00:36:22] [INFO] Subiendo: ERP_TEST_06.zip
[2026-07-10 00:36:22] [INFO] Subiendo: ERP_TEST_07.zip
[2026-07-10 00:36:22] [INFO] Subiendo: ERP_TEST_08.zip
[2026-07-10 00:36:22] [INFO] Subiendo: ERP_TEST_09.bak
[2026-07-10 00:36:22] [INFO] Subiendo: ERP_TEST_10.7z
[2026-07-10 00:36:22] [INFO] Subiendo: ERP_TEST_11.zip
[2026-07-10 00:36:22] [INFO] Subiendo: ERP_TEST_13.zip
[2026-07-10 00:36:22] [INFO] Subiendo: ERP_TEST_14.zip
[2026-07-10 00:36:22] [INFO] Subiendo: ERP_TEST_15.zip
[2026-07-10 00:36:22] [INFO] Subiendo: ERP_TEST_16.zip
[2026-07-10 00:36:22] [INFO] Subiendo: ERP_TEST_17.zip
[2026-07-10 00:36:22] [INFO] Subiendo: ERP_TEST_18.zip
[2026-07-10 00:36:22] [INFO] Subiendo: ERP_TEST_19.zip
[2026-07-10 00:36:22] [INFO] Subiendo: ERP_TEST_20.zip
[2026-07-10 00:36:22] [INFO] Subiendo: ERP_TEST_21.zip
[2026-07-10 00:36:22] [SUCCESS] Proceso finalizado.
[2026-07-10 00:36:32] [INFO] Ejecutando trabajo: ERP SQL
[2026-07-10 00:36:32] [INFO] === Backup Center iniciado ===
[2026-07-10 00:36:32] [INFO] Subiendo: ERP_TEST.zip
[2026-07-10 00:36:32] [INFO] Subiendo: ERP_TEST_01.zip
[2026-07-10 00:36:32] [INFO] Subiendo: ERP_TEST_02.zip
[2026-07-10 00:36:32] [INFO] Subiendo: ERP_TEST_03.zip
[2026-07-10 00:36:32] [INFO] Subiendo: ERP_TEST_04.bak
[2026-07-10 00:36:32] [INFO] Subiendo: ERP_TEST_05.7z
[2026-07-10 00:36:32] [INFO] Subiendo: ERP_TEST_06.zip
[2026-07-10 00:36:32] [INFO] Subiendo: ERP_TEST_07.zip
[2026-07-10 00:36:32] [INFO] Subiendo: ERP_TEST_08.zip
[2026-07-10 00:36:32] [INFO] Subiendo: ERP_TEST_09.bak
[2026-07-10 00:36:32] [INFO] Subiendo: ERP_TEST_10.7z
[2026-07-10 00:36:32] [INFO] Subiendo: ERP_TEST_11.zip
[2026-07-10 00:36:32] [INFO] Subiendo: ERP_TEST_13.zip
[2026-07-10 00:36:32] [INFO] Subiendo: ERP_TEST_14.zip
[2026-07-10 00:36:32] [INFO] Subiendo: ERP_TEST_15.zip
[2026-07-10 00:36:32] [INFO] Subiendo: ERP_TEST_16.zip
[2026-07-10 00:36:32] [INFO] Subiendo: ERP_TEST_17.zip
[2026-07-10 00:36:32] [INFO] Subiendo: ERP_TEST_18.zip
[2026-07-10 00:36:32] [INFO] Subiendo: ERP_TEST_19.zip
[2026-07-10 00:36:32] [INFO] Subiendo: ERP_TEST_20.zip
[2026-07-10 00:36:32] [INFO] Subiendo: ERP_TEST_21.zip
[2026-07-10 00:36:32] [SUCCESS] Proceso finalizado.
[2026-07-10 00:36:42] [INFO] Ejecutando trabajo: ERP SQL
[2026-07-10 00:36:42] [INFO] === Backup Center iniciado ===
[2026-07-10 00:36:42] [INFO] Subiendo: ERP_TEST.zip
[2026-07-10 00:36:42] [INFO] Subiendo: ERP_TEST_01.zip
[2026-07-10 00:36:42] [INFO] Subiendo: ERP_TEST_02.zip
[2026-07-10 00:36:42] [INFO] Subiendo: ERP_TEST_03.zip
[2026-07-10 00:36:42] [INFO] Subiendo: ERP_TEST_04.bak
[2026-07-10 00:36:42] [INFO] Subiendo: ERP_TEST_05.7z
[2026-07-10 00:36:42] [INFO] Subiendo: ERP_TEST_06.zip
[2026-07-10 00:36:42] [INFO] Subiendo: ERP_TEST_07.zip
[2026-07-10 00:36:42] [INFO] Subiendo: ERP_TEST_08.zip
[2026-07-10 00:36:42] [INFO] Subiendo: ERP_TEST_09.bak
[2026-07-10 00:36:42] [INFO] Subiendo: ERP_TEST_10.7z
[2026-07-10 00:36:42] [INFO] Subiendo: ERP_TEST_11.zip
[2026-07-10 00:36:42] [INFO] Subiendo: ERP_TEST_13.zip
[2026-07-10 00:36:42] [INFO] Subiendo: ERP_TEST_14.zip
[2026-07-10 00:36:42] [INFO] Subiendo: ERP_TEST_15.zip
[2026-07-10 00:36:42] [INFO] Subiendo: ERP_TEST_16.zip
[2026-07-10 00:36:42] [INFO] Subiendo: ERP_TEST_17.zip
[2026-07-10 00:36:42] [INFO] Subiendo: ERP_TEST_18.zip
[2026-07-10 00:36:42] [INFO] Subiendo: ERP_TEST_19.zip
[2026-07-10 00:36:42] [INFO] Subiendo: ERP_TEST_20.zip
[2026-07-10 00:36:42] [INFO] Subiendo: ERP_TEST_21.zip
[2026-07-10 00:36:42] [SUCCESS] Proceso finalizado.
[2026-07-10 00:36:52] [INFO] Ejecutando trabajo: ERP SQL
[2026-07-10 00:36:52] [INFO] === Backup Center iniciado ===
[2026-07-10 00:36:52] [INFO] Subiendo: ERP_TEST.zip
[2026-07-10 00:36:52] [INFO] Subiendo: ERP_TEST_01.zip
[2026-07-10 00:36:52] [INFO] Subiendo: ERP_TEST_02.zip
[2026-07-10 00:36:52] [INFO] Subiendo: ERP_TEST_03.zip
[2026-07-10 00:36:52] [INFO] Subiendo: ERP_TEST_04.bak
[2026-07-10 00:36:52] [INFO] Subiendo: ERP_TEST_05.7z
[2026-07-10 00:36:52] [INFO] Subiendo: ERP_TEST_06.zip
[2026-07-10 00:36:52] [INFO] Subiendo: ERP_TEST_07.zip
[2026-07-10 00:36:52] [INFO] Subiendo: ERP_TEST_08.zip
[2026-07-10 00:36:52] [INFO] Subiendo: ERP_TEST_09.bak
[2026-07-10 00:36:52] [INFO] Subiendo: ERP_TEST_10.7z
[2026-07-10 00:36:52] [INFO] Subiendo: ERP_TEST_11.zip
[2026-07-10 00:36:52] [INFO] Subiendo: ERP_TEST_13.zip
[2026-07-10 00:36:52] [INFO] Subiendo: ERP_TEST_14.zip
[2026-07-10 00:36:52] [INFO] Subiendo: ERP_TEST_15.zip
[2026-07-10 00:36:52] [INFO] Subiendo: ERP_TEST_16.zip
[2026-07-10 00:36:52] [INFO] Subiendo: ERP_TEST_17.zip
[2026-07-10 00:36:52] [INFO] Subiendo: ERP_TEST_18.zip
[2026-07-10 00:36:52] [INFO] Subiendo: ERP_TEST_19.zip
[2026-07-10 00:36:52] [INFO] Subiendo: ERP_TEST_20.zip
[2026-07-10 00:36:52] [INFO] Subiendo: ERP_TEST_21.zip
[2026-07-10 00:36:52] [SUCCESS] Proceso finalizado.
[2026-07-10 00:37:02] [INFO] Ejecutando trabajo: ERP SQL
[2026-07-10 00:37:02] [INFO] === Backup Center iniciado ===
[2026-07-10 00:37:02] [INFO] Subiendo: ERP_TEST.zip
[2026-07-10 00:37:02] [INFO] Subiendo: ERP_TEST_01.zip
[2026-07-10 00:37:02] [INFO] Subiendo: ERP_TEST_02.zip
[2026-07-10 00:37:02] [INFO] Subiendo: ERP_TEST_03.zip
[2026-07-10 00:37:02] [INFO] Subiendo: ERP_TEST_04.bak
[2026-07-10 00:37:02] [INFO] Subiendo: ERP_TEST_05.7z
[2026-07-10 00:37:02] [INFO] Subiendo: ERP_TEST_06.zip
[2026-07-10 00:37:02] [INFO] Subiendo: ERP_TEST_07.zip
[2026-07-10 00:37:02] [INFO] Subiendo: ERP_TEST_08.zip
[2026-07-10 00:37:02] [INFO] Subiendo: ERP_TEST_09.bak
[2026-07-10 00:37:02] [INFO] Subiendo: ERP_TEST_10.7z
[2026-07-10 00:37:02] [INFO] Subiendo: ERP_TEST_11.zip
[2026-07-10 00:37:02] [INFO] Subiendo: ERP_TEST_13.zip
[2026-07-10 00:37:02] [INFO] Subiendo: ERP_TEST_14.zip
[2026-07-10 00:37:02] [INFO] Subiendo: ERP_TEST_15.zip
[2026-07-10 00:37:02] [INFO] Subiendo: ERP_TEST_16.zip
[2026-07-10 00:37:02] [INFO] Subiendo: ERP_TEST_17.zip
[2026-07-10 00:37:02] [INFO] Subiendo: ERP_TEST_18.zip
[2026-07-10 00:37:02] [INFO] Subiendo: ERP_TEST_19.zip
[2026-07-10 00:37:02] [INFO] Subiendo: ERP_TEST_20.zip
[2026-07-10 00:37:02] [INFO] Subiendo: ERP_TEST_21.zip
[2026-07-10 00:37:02] [SUCCESS] Proceso finalizado.
[2026-07-10 00:37:12] [INFO] Ejecutando trabajo: ERP SQL
[2026-07-10 00:37:12] [INFO] === Backup Center iniciado ===
[2026-07-10 00:37:12] [INFO] Subiendo: ERP_TEST.zip
[2026-07-10 00:37:12] [INFO] Subiendo: ERP_TEST_01.zip
[2026-07-10 00:37:12] [INFO] Subiendo: ERP_TEST_02.zip
[2026-07-10 00:37:12] [INFO] Subiendo: ERP_TEST_03.zip
[2026-07-10 00:37:12] [INFO] Subiendo: ERP_TEST_04.bak
[2026-07-10 00:37:12] [INFO] Subiendo: ERP_TEST_05.7z
[2026-07-10 00:37:12] [INFO] Subiendo: ERP_TEST_06.zip
[2026-07-10 00:37:12] [INFO] Subiendo: ERP_TEST_07.zip
[2026-07-10 00:37:12] [INFO] Subiendo: ERP_TEST_08.zip
[2026-07-10 00:37:12] [INFO] Subiendo: ERP_TEST_09.bak
[2026-07-10 00:37:12] [INFO] Subiendo: ERP_TEST_10.7z
[2026-07-10 00:37:12] [INFO] Subiendo: ERP_TEST_11.zip
[2026-07-10 00:37:12] [INFO] Subiendo: ERP_TEST_13.zip
[2026-07-10 00:37:12] [INFO] Subiendo: ERP_TEST_14.zip
[2026-07-10 00:37:12] [INFO] Subiendo: ERP_TEST_15.zip
[2026-07-10 00:37:12] [INFO] Subiendo: ERP_TEST_16.zip
[2026-07-10 00:37:12] [INFO] Subiendo: ERP_TEST_17.zip
[2026-07-10 00:37:12] [INFO] Subiendo: ERP_TEST_18.zip
[2026-07-10 00:37:12] [INFO] Subiendo: ERP_TEST_19.zip
[2026-07-10 00:37:12] [INFO] Subiendo: ERP_TEST_20.zip
[2026-07-10 00:37:12] [INFO] Subiendo: ERP_TEST_21.zip
[2026-07-10 00:37:12] [SUCCESS] Proceso finalizado.
[2026-07-10 00:37:22] [INFO] Ejecutando trabajo: ERP SQL
[2026-07-10 00:37:22] [INFO] === Backup Center iniciado ===
[2026-07-10 00:37:22] [INFO] Subiendo: ERP_TEST.zip
[2026-07-10 00:37:22] [INFO] Subiendo: ERP_TEST_01.zip
[2026-07-10 00:37:22] [INFO] Subiendo: ERP_TEST_02.zip
[2026-07-10 00:37:22] [INFO] Subiendo: ERP_TEST_03.zip
[2026-07-10 00:37:22] [INFO] Subiendo: ERP_TEST_04.bak
[2026-07-10 00:37:22] [INFO] Subiendo: ERP_TEST_05.7z
[2026-07-10 00:37:22] [INFO] Subiendo: ERP_TEST_06.zip
[2026-07-10 00:37:22] [INFO] Subiendo: ERP_TEST_07.zip
[2026-07-10 00:37:22] [INFO] Subiendo: ERP_TEST_08.zip
[2026-07-10 00:37:22] [INFO] Subiendo: ERP_TEST_09.bak
[2026-07-10 00:37:22] [INFO] Subiendo: ERP_TEST_10.7z
[2026-07-10 00:37:22] [INFO] Subiendo: ERP_TEST_11.zip
[2026-07-10 00:37:22] [INFO] Subiendo: ERP_TEST_13.zip
[2026-07-10 00:37:22] [INFO] Subiendo: ERP_TEST_14.zip
[2026-07-10 00:37:22] [INFO] Subiendo: ERP_TEST_15.zip
[2026-07-10 00:37:22] [INFO] Subiendo: ERP_TEST_16.zip
[2026-07-10 00:37:22] [INFO] Subiendo: ERP_TEST_17.zip
[2026-07-10 00:37:22] [INFO] Subiendo: ERP_TEST_18.zip
[2026-07-10 00:37:22] [INFO] Subiendo: ERP_TEST_19.zip
[2026-07-10 00:37:22] [INFO] Subiendo: ERP_TEST_20.zip
[2026-07-10 00:37:22] [INFO] Subiendo: ERP_TEST_21.zip
[2026-07-10 00:37:22] [SUCCESS] Proceso finalizado.
[2026-07-10 00:37:33] [INFO] Ejecutando trabajo: ERP SQL
[2026-07-10 00:37:33] [INFO] === Backup Center iniciado ===
[2026-07-10 00:37:33] [INFO] Subiendo: ERP_TEST.zip
[2026-07-10 00:37:33] [INFO] Subiendo: ERP_TEST_01.zip
[2026-07-10 00:37:33] [INFO] Subiendo: ERP_TEST_02.zip
[2026-07-10 00:37:33] [INFO] Subiendo: ERP_TEST_03.zip
[2026-07-10 00:37:33] [INFO] Subiendo: ERP_TEST_04.bak
[2026-07-10 00:37:33] [INFO] Subiendo: ERP_TEST_05.7z
[2026-07-10 00:37:33] [INFO] Subiendo: ERP_TEST_06.zip
[2026-07-10 00:37:33] [INFO] Subiendo: ERP_TEST_07.zip
[2026-07-10 00:37:33] [INFO] Subiendo: ERP_TEST_08.zip
[2026-07-10 00:37:33] [INFO] Subiendo: ERP_TEST_09.bak
[2026-07-10 00:37:33] [INFO] Subiendo: ERP_TEST_10.7z
[2026-07-10 00:37:33] [INFO] Subiendo: ERP_TEST_11.zip
[2026-07-10 00:37:33] [INFO] Subiendo: ERP_TEST_13.zip
[2026-07-10 00:37:33] [INFO] Subiendo: ERP_TEST_14.zip
[2026-07-10 00:37:33] [INFO] Subiendo: ERP_TEST_15.zip
[2026-07-10 00:37:33] [INFO] Subiendo: ERP_TEST_16.zip
[2026-07-10 00:37:33] [INFO] Subiendo: ERP_TEST_17.zip
[2026-07-10 00:37:33] [INFO] Subiendo: ERP_TEST_18.zip
[2026-07-10 00:37:33] [INFO] Subiendo: ERP_TEST_19.zip
[2026-07-10 00:37:33] [INFO] Subiendo: ERP_TEST_20.zip
[2026-07-10 00:37:33] [INFO] Subiendo: ERP_TEST_21.zip
[2026-07-10 00:37:33] [SUCCESS] Proceso finalizado.
[2026-07-10 00:37:43] [INFO] Ejecutando trabajo: ERP SQL
[2026-07-10 00:37:43] [INFO] === Backup Center iniciado ===
[2026-07-10 00:37:43] [INFO] Subiendo: ERP_TEST.zip
[2026-07-10 00:37:43] [INFO] Subiendo: ERP_TEST_01.zip
[2026-07-10 00:37:43] [INFO] Subiendo: ERP_TEST_02.zip
[2026-07-10 00:37:43] [INFO] Subiendo: ERP_TEST_03.zip
[2026-07-10 00:37:43] [INFO] Subiendo: ERP_TEST_04.bak
[2026-07-10 00:37:43] [INFO] Subiendo: ERP_TEST_05.7z
[2026-07-10 00:37:43] [INFO] Subiendo: ERP_TEST_06.zip
[2026-07-10 00:37:43] [INFO] Subiendo: ERP_TEST_07.zip
[2026-07-10 00:37:43] [INFO] Subiendo: ERP_TEST_08.zip
[2026-07-10 00:37:43] [INFO] Subiendo: ERP_TEST_09.bak
[2026-07-10 00:37:43] [INFO] Subiendo: ERP_TEST_10.7z
[2026-07-10 00:37:43] [INFO] Subiendo: ERP_TEST_11.zip
[2026-07-10 00:37:43] [INFO] Subiendo: ERP_TEST_13.zip
[2026-07-10 00:37:43] [INFO] Subiendo: ERP_TEST_14.zip
[2026-07-10 00:37:43] [INFO] Subiendo: ERP_TEST_15.zip
[2026-07-10 00:37:43] [INFO] Subiendo: ERP_TEST_16.zip
[2026-07-10 00:37:43] [INFO] Subiendo: ERP_TEST_17.zip
[2026-07-10 00:37:43] [INFO] Subiendo: ERP_TEST_18.zip
[2026-07-10 00:37:43] [INFO] Subiendo: ERP_TEST_19.zip
[2026-07-10 00:37:43] [INFO] Subiendo: ERP_TEST_20.zip
[2026-07-10 00:37:43] [INFO] Subiendo: ERP_TEST_21.zip
[2026-07-10 00:37:43] [SUCCESS] Proceso finalizado.
[2026-07-10 00:37:53] [INFO] Ejecutando trabajo: ERP SQL
[2026-07-10 00:37:53] [INFO] === Backup Center iniciado ===
[2026-07-10 00:37:53] [INFO] Subiendo: ERP_TEST.zip
[2026-07-10 00:37:53] [INFO] Subiendo: ERP_TEST_01.zip
[2026-07-10 00:37:53] [INFO] Subiendo: ERP_TEST_02.zip
[2026-07-10 00:37:53] [INFO] Subiendo: ERP_TEST_03.zip
[2026-07-10 00:37:53] [INFO] Subiendo: ERP_TEST_04.bak
[2026-07-10 00:37:53] [INFO] Subiendo: ERP_TEST_05.7z
[2026-07-10 00:37:53] [INFO] Subiendo: ERP_TEST_06.zip
[2026-07-10 00:37:53] [INFO] Subiendo: ERP_TEST_07.zip
[2026-07-10 00:37:53] [INFO] Subiendo: ERP_TEST_08.zip
[2026-07-10 00:37:53] [INFO] Subiendo: ERP_TEST_09.bak
[2026-07-10 00:37:53] [INFO] Subiendo: ERP_TEST_10.7z
[2026-07-10 00:37:53] [INFO] Subiendo: ERP_TEST_11.zip
[2026-07-10 00:37:53] [INFO] Subiendo: ERP_TEST_13.zip
[2026-07-10 00:37:53] [INFO] Subiendo: ERP_TEST_14.zip
[2026-07-10 00:37:53] [INFO] Subiendo: ERP_TEST_15.zip
[2026-07-10 00:37:53] [INFO] Subiendo: ERP_TEST_16.zip
[2026-07-10 00:37:53] [INFO] Subiendo: ERP_TEST_17.zip
[2026-07-10 00:37:53] [INFO] Subiendo: ERP_TEST_18.zip
[2026-07-10 00:37:53] [INFO] Subiendo: ERP_TEST_19.zip
[2026-07-10 00:37:53] [INFO] Subiendo: ERP_TEST_20.zip
[2026-07-10 00:37:53] [INFO] Subiendo: ERP_TEST_21.zip
[2026-07-10 00:37:53] [SUCCESS] Proceso finalizado.
[2026-07-10 00:38:03] [INFO] Ejecutando trabajo: ERP SQL
[2026-07-10 00:38:03] [INFO] === Backup Center iniciado ===
[2026-07-10 00:38:03] [INFO] Subiendo: ERP_TEST.zip
[2026-07-10 00:38:03] [INFO] Subiendo: ERP_TEST_01.zip
[2026-07-10 00:38:03] [INFO] Subiendo: ERP_TEST_02.zip
[2026-07-10 00:38:03] [INFO] Subiendo: ERP_TEST_03.zip
[2026-07-10 00:38:03] [INFO] Subiendo: ERP_TEST_04.bak
[2026-07-10 00:38:03] [INFO] Subiendo: ERP_TEST_05.7z
[2026-07-10 00:38:03] [INFO] Subiendo: ERP_TEST_06.zip
[2026-07-10 00:38:03] [INFO] Subiendo: ERP_TEST_07.zip
[2026-07-10 00:38:03] [INFO] Subiendo: ERP_TEST_08.zip
[2026-07-10 00:38:03] [INFO] Subiendo: ERP_TEST_09.bak
[2026-07-10 00:38:03] [INFO] Subiendo: ERP_TEST_10.7z
[2026-07-10 00:38:03] [INFO] Subiendo: ERP_TEST_11.zip
[2026-07-10 00:38:03] [INFO] Subiendo: ERP_TEST_13.zip
[2026-07-10 00:38:03] [INFO] Subiendo: ERP_TEST_14.zip
[2026-07-10 00:38:03] [INFO] Subiendo: ERP_TEST_15.zip
[2026-07-10 00:38:03] [INFO] Subiendo: ERP_TEST_16.zip
[2026-07-10 00:38:03] [INFO] Subiendo: ERP_TEST_17.zip
[2026-07-10 00:38:03] [INFO] Subiendo: ERP_TEST_18.zip
[2026-07-10 00:38:03] [INFO] Subiendo: ERP_TEST_19.zip
[2026-07-10 00:38:03] [INFO] Subiendo: ERP_TEST_20.zip
[2026-07-10 00:38:03] [INFO] Subiendo: ERP_TEST_21.zip
[2026-07-10 00:38:03] [SUCCESS] Proceso finalizado.
[2026-07-10 00:38:13] [INFO] Ejecutando trabajo: ERP SQL
[2026-07-10 00:38:13] [INFO] === Backup Center iniciado ===
[2026-07-10 00:38:13] [INFO] Subiendo: ERP_TEST.zip
[2026-07-10 00:38:13] [INFO] Subiendo: ERP_TEST_01.zip
[2026-07-10 00:38:13] [INFO] Subiendo: ERP_TEST_02.zip
[2026-07-10 00:38:13] [INFO] Subiendo: ERP_TEST_03.zip
[2026-07-10 00:38:13] [INFO] Subiendo: ERP_TEST_04.bak
[2026-07-10 00:38:13] [INFO] Subiendo: ERP_TEST_05.7z
[2026-07-10 00:38:13] [INFO] Subiendo: ERP_TEST_06.zip
[2026-07-10 00:38:13] [INFO] Subiendo: ERP_TEST_07.zip
[2026-07-10 00:38:13] [INFO] Subiendo: ERP_TEST_08.zip
[2026-07-10 00:38:13] [INFO] Subiendo: ERP_TEST_09.bak
[2026-07-10 00:38:13] [INFO] Subiendo: ERP_TEST_10.7z
[2026-07-10 00:38:13] [INFO] Subiendo: ERP_TEST_11.zip
[2026-07-10 00:38:13] [INFO] Subiendo: ERP_TEST_13.zip
[2026-07-10 00:38:13] [INFO] Subiendo: ERP_TEST_14.zip
[2026-07-10 00:38:13] [INFO] Subiendo: ERP_TEST_15.zip
[2026-07-10 00:38:13] [INFO] Subiendo: ERP_TEST_16.zip
[2026-07-10 00:38:13] [INFO] Subiendo: ERP_TEST_17.zip
[2026-07-10 00:38:13] [INFO] Subiendo: ERP_TEST_18.zip
[2026-07-10 00:38:13] [INFO] Subiendo: ERP_TEST_19.zip
[2026-07-10 00:38:13] [INFO] Subiendo: ERP_TEST_20.zip
[2026-07-10 00:38:13] [INFO] Subiendo: ERP_TEST_21.zip
[2026-07-10 00:38:13] [SUCCESS] Proceso finalizado.
[2026-07-10 00:38:23] [INFO] Ejecutando trabajo: ERP SQL
[2026-07-10 00:38:23] [INFO] === Backup Center iniciado ===
[2026-07-10 00:38:23] [INFO] Subiendo: ERP_TEST.zip
[2026-07-10 00:38:23] [INFO] Subiendo: ERP_TEST_01.zip
[2026-07-10 00:38:23] [INFO] Subiendo: ERP_TEST_02.zip
[2026-07-10 00:38:23] [INFO] Subiendo: ERP_TEST_03.zip
[2026-07-10 00:38:23] [INFO] Subiendo: ERP_TEST_04.bak
[2026-07-10 00:38:23] [INFO] Subiendo: ERP_TEST_05.7z
[2026-07-10 00:38:23] [INFO] Subiendo: ERP_TEST_06.zip
[2026-07-10 00:38:23] [INFO] Subiendo: ERP_TEST_07.zip
[2026-07-10 00:38:23] [INFO] Subiendo: ERP_TEST_08.zip
[2026-07-10 00:38:23] [INFO] Subiendo: ERP_TEST_09.bak
[2026-07-10 00:38:23] [INFO] Subiendo: ERP_TEST_10.7z
[2026-07-10 00:38:23] [INFO] Subiendo: ERP_TEST_11.zip
[2026-07-10 00:38:23] [INFO] Subiendo: ERP_TEST_13.zip
[2026-07-10 00:38:23] [INFO] Subiendo: ERP_TEST_14.zip
[2026-07-10 00:38:23] [INFO] Subiendo: ERP_TEST_15.zip
[2026-07-10 00:38:23] [INFO] Subiendo: ERP_TEST_16.zip
[2026-07-10 00:38:23] [INFO] Subiendo: ERP_TEST_17.zip
[2026-07-10 00:38:23] [INFO] Subiendo: ERP_TEST_18.zip
[2026-07-10 00:38:23] [INFO] Subiendo: ERP_TEST_19.zip
[2026-07-10 00:38:23] [INFO] Subiendo: ERP_TEST_20.zip
[2026-07-10 00:38:23] [INFO] Subiendo: ERP_TEST_21.zip
[2026-07-10 00:38:23] [SUCCESS] Proceso finalizado.
[2026-07-10 00:38:33] [INFO] Ejecutando trabajo: ERP SQL
[2026-07-10 00:38:33] [INFO] === Backup Center iniciado ===
[2026-07-10 00:38:33] [INFO] Subiendo: ERP_TEST.zip
[2026-07-10 00:38:33] [INFO] Subiendo: ERP_TEST_01.zip
[2026-07-10 00:38:33] [INFO] Subiendo: ERP_TEST_02.zip
[2026-07-10 00:38:33] [INFO] Subiendo: ERP_TEST_03.zip
[2026-07-10 00:38:33] [INFO] Subiendo: ERP_TEST_04.bak
[2026-07-10 00:38:33] [INFO] Subiendo: ERP_TEST_05.7z
[2026-07-10 00:38:33] [INFO] Subiendo: ERP_TEST_06.zip
[2026-07-10 00:38:33] [INFO] Subiendo: ERP_TEST_07.zip
[2026-07-10 00:38:33] [INFO] Subiendo: ERP_TEST_08.zip
[2026-07-10 00:38:33] [INFO] Subiendo: ERP_TEST_09.bak
[2026-07-10 00:38:33] [INFO] Subiendo: ERP_TEST_10.7z
[2026-07-10 00:38:33] [INFO] Subiendo: ERP_TEST_11.zip
[2026-07-10 00:38:33] [INFO] Subiendo: ERP_TEST_13.zip
[2026-07-10 00:38:33] [INFO] Subiendo: ERP_TEST_14.zip
[2026-07-10 00:38:33] [INFO] Subiendo: ERP_TEST_15.zip
[2026-07-10 00:38:33] [INFO] Subiendo: ERP_TEST_16.zip
[2026-07-10 00:38:33] [INFO] Subiendo: ERP_TEST_17.zip
[2026-07-10 00:38:33] [INFO] Subiendo: ERP_TEST_18.zip
[2026-07-10 00:38:33] [INFO] Subiendo: ERP_TEST_19.zip
[2026-07-10 00:38:33] [INFO] Subiendo: ERP_TEST_20.zip
[2026-07-10 00:38:33] [INFO] Subiendo: ERP_TEST_21.zip
[2026-07-10 00:38:33] [SUCCESS] Proceso finalizado.
[2026-07-10 00:38:43] [INFO] Ejecutando trabajo: ERP SQL
[2026-07-10 00:38:43] [INFO] === Backup Center iniciado ===
[2026-07-10 00:38:43] [INFO] Subiendo: ERP_TEST.zip
[2026-07-10 00:38:43] [INFO] Subiendo: ERP_TEST_01.zip
[2026-07-10 00:38:43] [INFO] Subiendo: ERP_TEST_02.zip
[2026-07-10 00:38:43] [INFO] Subiendo: ERP_TEST_03.zip
[2026-07-10 00:38:43] [INFO] Subiendo: ERP_TEST_04.bak
[2026-07-10 00:38:43] [INFO] Subiendo: ERP_TEST_05.7z
[2026-07-10 00:38:43] [INFO] Subiendo: ERP_TEST_06.zip
[2026-07-10 00:38:43] [INFO] Subiendo: ERP_TEST_07.zip
[2026-07-10 00:38:43] [INFO] Subiendo: ERP_TEST_08.zip
[2026-07-10 00:38:43] [INFO] Subiendo: ERP_TEST_09.bak
[2026-07-10 00:38:43] [INFO] Subiendo: ERP_TEST_10.7z
[2026-07-10 00:38:43] [INFO] Subiendo: ERP_TEST_11.zip
[2026-07-10 00:38:43] [INFO] Subiendo: ERP_TEST_13.zip
[2026-07-10 00:38:43] [INFO] Subiendo: ERP_TEST_14.zip
[2026-07-10 00:38:43] [INFO] Subiendo: ERP_TEST_15.zip
[2026-07-10 00:38:43] [INFO] Subiendo: ERP_TEST_16.zip
[2026-07-10 00:38:43] [INFO] Subiendo: ERP_TEST_17.zip
[2026-07-10 00:38:43] [INFO] Subiendo: ERP_TEST_18.zip
[2026-07-10 00:38:43] [INFO] Subiendo: ERP_TEST_19.zip
[2026-07-10 00:38:43] [INFO] Subiendo: ERP_TEST_20.zip
[2026-07-10 00:38:43] [INFO] Subiendo: ERP_TEST_21.zip
[2026-07-10 00:38:43] [SUCCESS] Proceso finalizado.
[2026-07-10 00:38:54] [INFO] Ejecutando trabajo: ERP SQL
[2026-07-10 00:38:54] [INFO] === Backup Center iniciado ===
[2026-07-10 00:38:54] [INFO] Subiendo: ERP_TEST.zip
[2026-07-10 00:38:54] [INFO] Subiendo: ERP_TEST_01.zip
[2026-07-10 00:38:54] [INFO] Subiendo: ERP_TEST_02.zip
[2026-07-10 00:38:54] [INFO] Subiendo: ERP_TEST_03.zip
[2026-07-10 00:38:54] [INFO] Subiendo: ERP_TEST_04.bak
[2026-07-10 00:38:54] [INFO] Subiendo: ERP_TEST_05.7z
[2026-07-10 00:38:54] [INFO] Subiendo: ERP_TEST_06.zip
[2026-07-10 00:38:54] [INFO] Subiendo: ERP_TEST_07.zip
[2026-07-10 00:38:54] [INFO] Subiendo: ERP_TEST_08.zip
[2026-07-10 00:38:54] [INFO] Subiendo: ERP_TEST_09.bak
[2026-07-10 00:38:54] [INFO] Subiendo: ERP_TEST_10.7z
[2026-07-10 00:38:54] [INFO] Subiendo: ERP_TEST_11.zip
[2026-07-10 00:38:54] [INFO] Subiendo: ERP_TEST_13.zip
[2026-07-10 00:38:54] [INFO] Subiendo: ERP_TEST_14.zip
[2026-07-10 00:38:54] [INFO] Subiendo: ERP_TEST_15.zip
[2026-07-10 00:38:54] [INFO] Subiendo: ERP_TEST_16.zip
[2026-07-10 00:38:54] [INFO] Subiendo: ERP_TEST_17.zip
[2026-07-10 00:38:54] [INFO] Subiendo: ERP_TEST_18.zip
[2026-07-10 00:38:54] [INFO] Subiendo: ERP_TEST_19.zip
[2026-07-10 00:38:54] [INFO] Subiendo: ERP_TEST_20.zip
[2026-07-10 00:38:54] [INFO] Subiendo: ERP_TEST_21.zip
[2026-07-10 00:38:54] [SUCCESS] Proceso finalizado.
[2026-07-10 00:39:04] [INFO] Ejecutando trabajo: ERP SQL
[2026-07-10 00:39:04] [INFO] === Backup Center iniciado ===
[2026-07-10 00:39:04] [INFO] Subiendo: ERP_TEST.zip
[2026-07-10 00:39:04] [INFO] Subiendo: ERP_TEST_01.zip
[2026-07-10 00:39:04] [INFO] Subiendo: ERP_TEST_02.zip
[2026-07-10 00:39:04] [INFO] Subiendo: ERP_TEST_03.zip
[2026-07-10 00:39:04] [INFO] Subiendo: ERP_TEST_04.bak
[2026-07-10 00:39:04] [INFO] Subiendo: ERP_TEST_05.7z
[2026-07-10 00:39:04] [INFO] Subiendo: ERP_TEST_06.zip
[2026-07-10 00:39:04] [INFO] Subiendo: ERP_TEST_07.zip
[2026-07-10 00:39:04] [INFO] Subiendo: ERP_TEST_08.zip
[2026-07-10 00:39:04] [INFO] Subiendo: ERP_TEST_09.bak
[2026-07-10 00:39:04] [INFO] Subiendo: ERP_TEST_10.7z
[2026-07-10 00:39:04] [INFO] Subiendo: ERP_TEST_11.zip
[2026-07-10 00:39:04] [INFO] Subiendo: ERP_TEST_13.zip
[2026-07-10 00:39:04] [INFO] Subiendo: ERP_TEST_14.zip
[2026-07-10 00:39:04] [INFO] Subiendo: ERP_TEST_15.zip
[2026-07-10 00:39:04] [INFO] Subiendo: ERP_TEST_16.zip
[2026-07-10 00:39:04] [INFO] Subiendo: ERP_TEST_17.zip
[2026-07-10 00:39:04] [INFO] Subiendo: ERP_TEST_18.zip
[2026-07-10 00:39:04] [INFO] Subiendo: ERP_TEST_19.zip
[2026-07-10 00:39:04] [INFO] Subiendo: ERP_TEST_20.zip
[2026-07-10 00:39:04] [INFO] Subiendo: ERP_TEST_21.zip
[2026-07-10 00:39:04] [SUCCESS] Proceso finalizado.
[2026-07-10 00:39:14] [INFO] Ejecutando trabajo: ERP SQL
[2026-07-10 00:39:14] [INFO] === Backup Center iniciado ===
[2026-07-10 00:39:14] [INFO] Subiendo: ERP_TEST.zip
[2026-07-10 00:39:14] [INFO] Subiendo: ERP_TEST_01.zip
[2026-07-10 00:39:14] [INFO] Subiendo: ERP_TEST_02.zip
[2026-07-10 00:39:14] [INFO] Subiendo: ERP_TEST_03.zip
[2026-07-10 00:39:14] [INFO] Subiendo: ERP_TEST_04.bak
[2026-07-10 00:39:14] [INFO] Subiendo: ERP_TEST_05.7z
[2026-07-10 00:39:14] [INFO] Subiendo: ERP_TEST_06.zip
[2026-07-10 00:39:14] [INFO] Subiendo: ERP_TEST_07.zip
[2026-07-10 00:39:14] [INFO] Subiendo: ERP_TEST_08.zip
[2026-07-10 00:39:14] [INFO] Subiendo: ERP_TEST_09.bak
[2026-07-10 00:39:14] [INFO] Subiendo: ERP_TEST_10.7z
[2026-07-10 00:39:14] [INFO] Subiendo: ERP_TEST_11.zip
[2026-07-10 00:39:14] [INFO] Subiendo: ERP_TEST_13.zip
[2026-07-10 00:39:14] [INFO] Subiendo: ERP_TEST_14.zip
[2026-07-10 00:39:14] [INFO] Subiendo: ERP_TEST_15.zip
[2026-07-10 00:39:14] [INFO] Subiendo: ERP_TEST_16.zip
[2026-07-10 00:39:14] [INFO] Subiendo: ERP_TEST_17.zip
[2026-07-10 00:39:14] [INFO] Subiendo: ERP_TEST_18.zip
[2026-07-10 00:39:14] [INFO] Subiendo: ERP_TEST_19.zip
[2026-07-10 00:39:14] [INFO] Subiendo: ERP_TEST_20.zip
[2026-07-10 00:39:14] [INFO] Subiendo: ERP_TEST_21.zip
[2026-07-10 00:39:14] [SUCCESS] Proceso finalizado.
[2026-07-10 00:39:24] [INFO] Ejecutando trabajo: ERP SQL
[2026-07-10 00:39:24] [INFO] === Backup Center iniciado ===
[2026-07-10 00:39:24] [INFO] Subiendo: ERP_TEST.zip
[2026-07-10 00:39:24] [INFO] Subiendo: ERP_TEST_01.zip
[2026-07-10 00:39:24] [INFO] Subiendo: ERP_TEST_02.zip
[2026-07-10 00:39:24] [INFO] Subiendo: ERP_TEST_03.zip
[2026-07-10 00:39:24] [INFO] Subiendo: ERP_TEST_04.bak
[2026-07-10 00:39:24] [INFO] Subiendo: ERP_TEST_05.7z
[2026-07-10 00:39:24] [INFO] Subiendo: ERP_TEST_06.zip
[2026-07-10 00:39:24] [INFO] Subiendo: ERP_TEST_07.zip
[2026-07-10 00:39:24] [INFO] Subiendo: ERP_TEST_08.zip
[2026-07-10 00:39:24] [INFO] Subiendo: ERP_TEST_09.bak
[2026-07-10 00:39:24] [INFO] Subiendo: ERP_TEST_10.7z
[2026-07-10 00:39:24] [INFO] Subiendo: ERP_TEST_11.zip
[2026-07-10 00:39:24] [INFO] Subiendo: ERP_TEST_13.zip
[2026-07-10 00:39:24] [INFO] Subiendo: ERP_TEST_14.zip
[2026-07-10 00:39:24] [INFO] Subiendo: ERP_TEST_15.zip
[2026-07-10 00:39:24] [INFO] Subiendo: ERP_TEST_16.zip
[2026-07-10 00:39:24] [INFO] Subiendo: ERP_TEST_17.zip
[2026-07-10 00:39:24] [INFO] Subiendo: ERP_TEST_18.zip
[2026-07-10 00:39:24] [INFO] Subiendo: ERP_TEST_19.zip
[2026-07-10 00:39:24] [INFO] Subiendo: ERP_TEST_20.zip
[2026-07-10 00:39:24] [INFO] Subiendo: ERP_TEST_21.zip
[2026-07-10 00:39:24] [SUCCESS] Proceso finalizado.
[2026-07-10 00:39:34] [INFO] Ejecutando trabajo: ERP SQL
[2026-07-10 00:39:34] [INFO] === Backup Center iniciado ===
[2026-07-10 00:39:34] [INFO] Subiendo: ERP_TEST.zip
[2026-07-10 00:39:34] [INFO] Subiendo: ERP_TEST_01.zip
[2026-07-10 00:39:34] [INFO] Subiendo: ERP_TEST_02.zip
[2026-07-10 00:39:34] [INFO] Subiendo: ERP_TEST_03.zip
[2026-07-10 00:39:34] [INFO] Subiendo: ERP_TEST_04.bak
[2026-07-10 00:39:34] [INFO] Subiendo: ERP_TEST_05.7z
[2026-07-10 00:39:34] [INFO] Subiendo: ERP_TEST_06.zip
[2026-07-10 00:39:34] [INFO] Subiendo: ERP_TEST_07.zip
[2026-07-10 00:39:34] [INFO] Subiendo: ERP_TEST_08.zip
[2026-07-10 00:39:34] [INFO] Subiendo: ERP_TEST_09.bak
[2026-07-10 00:39:34] [INFO] Subiendo: ERP_TEST_10.7z
[2026-07-10 00:39:34] [INFO] Subiendo: ERP_TEST_11.zip
[2026-07-10 00:39:34] [INFO] Subiendo: ERP_TEST_13.zip
[2026-07-10 00:39:34] [INFO] Subiendo: ERP_TEST_14.zip
[2026-07-10 00:39:34] [INFO] Subiendo: ERP_TEST_15.zip
[2026-07-10 00:39:34] [INFO] Subiendo: ERP_TEST_16.zip
[2026-07-10 00:39:34] [INFO] Subiendo: ERP_TEST_17.zip
[2026-07-10 00:39:34] [INFO] Subiendo: ERP_TEST_18.zip
[2026-07-10 00:39:34] [INFO] Subiendo: ERP_TEST_19.zip
[2026-07-10 00:39:34] [INFO] Subiendo: ERP_TEST_20.zip
[2026-07-10 00:39:34] [INFO] Subiendo: ERP_TEST_21.zip
[2026-07-10 00:39:34] [SUCCESS] Proceso finalizado.
[2026-07-10 00:39:44] [INFO] Ejecutando trabajo: ERP SQL
[2026-07-10 00:39:44] [INFO] === Backup Center iniciado ===
[2026-07-10 00:39:44] [INFO] Subiendo: ERP_TEST.zip
[2026-07-10 00:39:44] [INFO] Subiendo: ERP_TEST_01.zip
[2026-07-10 00:39:44] [INFO] Subiendo: ERP_TEST_02.zip
[2026-07-10 00:39:44] [INFO] Subiendo: ERP_TEST_03.zip
[2026-07-10 00:39:44] [INFO] Subiendo: ERP_TEST_04.bak
[2026-07-10 00:39:44] [INFO] Subiendo: ERP_TEST_05.7z
[2026-07-10 00:39:44] [INFO] Subiendo: ERP_TEST_06.zip
[2026-07-10 00:39:44] [INFO] Subiendo: ERP_TEST_07.zip
[2026-07-10 00:39:44] [INFO] Subiendo: ERP_TEST_08.zip
[2026-07-10 00:39:44] [INFO] Subiendo: ERP_TEST_09.bak
[2026-07-10 00:39:44] [INFO] Subiendo: ERP_TEST_10.7z
[2026-07-10 00:39:44] [INFO] Subiendo: ERP_TEST_11.zip
[2026-07-10 00:39:44] [INFO] Subiendo: ERP_TEST_13.zip
[2026-07-10 00:39:44] [INFO] Subiendo: ERP_TEST_14.zip
[2026-07-10 00:39:44] [INFO] Subiendo: ERP_TEST_15.zip
[2026-07-10 00:39:44] [INFO] Subiendo: ERP_TEST_16.zip
[2026-07-10 00:39:44] [INFO] Subiendo: ERP_TEST_17.zip
[2026-07-10 00:39:44] [INFO] Subiendo: ERP_TEST_18.zip
[2026-07-10 00:39:44] [INFO] Subiendo: ERP_TEST_19.zip
[2026-07-10 00:39:44] [INFO] Subiendo: ERP_TEST_20.zip
[2026-07-10 00:39:44] [INFO] Subiendo: ERP_TEST_21.zip
[2026-07-10 00:39:44] [SUCCESS] Proceso finalizado.
[2026-07-10 00:39:54] [INFO] Ejecutando trabajo: ERP SQL
[2026-07-10 00:39:54] [INFO] === Backup Center iniciado ===
[2026-07-10 00:39:54] [INFO] Subiendo: ERP_TEST.zip
[2026-07-10 00:39:54] [INFO] Subiendo: ERP_TEST_01.zip
[2026-07-10 00:39:54] [INFO] Subiendo: ERP_TEST_02.zip
[2026-07-10 00:39:54] [INFO] Subiendo: ERP_TEST_03.zip
[2026-07-10 00:39:54] [INFO] Subiendo: ERP_TEST_04.bak
[2026-07-10 00:39:54] [INFO] Subiendo: ERP_TEST_05.7z
[2026-07-10 00:39:54] [INFO] Subiendo: ERP_TEST_06.zip
[2026-07-10 00:39:54] [INFO] Subiendo: ERP_TEST_07.zip
[2026-07-10 00:39:54] [INFO] Subiendo: ERP_TEST_08.zip
[2026-07-10 00:39:54] [INFO] Subiendo: ERP_TEST_09.bak
[2026-07-10 00:39:54] [INFO] Subiendo: ERP_TEST_10.7z
[2026-07-10 00:39:54] [INFO] Subiendo: ERP_TEST_11.zip
[2026-07-10 00:39:54] [INFO] Subiendo: ERP_TEST_13.zip
[2026-07-10 00:39:54] [INFO] Subiendo: ERP_TEST_14.zip
[2026-07-10 00:39:54] [INFO] Subiendo: ERP_TEST_15.zip
[2026-07-10 00:39:54] [INFO] Subiendo: ERP_TEST_16.zip
[2026-07-10 00:39:54] [INFO] Subiendo: ERP_TEST_17.zip
[2026-07-10 00:39:54] [INFO] Subiendo: ERP_TEST_18.zip
[2026-07-10 00:39:54] [INFO] Subiendo: ERP_TEST_19.zip
[2026-07-10 00:39:54] [INFO] Subiendo: ERP_TEST_20.zip
[2026-07-10 00:39:54] [INFO] Subiendo: ERP_TEST_21.zip
[2026-07-10 00:39:54] [SUCCESS] Proceso finalizado.
[2026-07-10 00:40:04] [INFO] Ejecutando trabajo: ERP SQL
[2026-07-10 00:40:04] [INFO] === Backup Center iniciado ===
[2026-07-10 00:40:04] [INFO] Subiendo: ERP_TEST.zip
[2026-07-10 00:40:04] [INFO] Subiendo: ERP_TEST_01.zip
[2026-07-10 00:40:04] [INFO] Subiendo: ERP_TEST_02.zip
[2026-07-10 00:40:04] [INFO] Subiendo: ERP_TEST_03.zip
[2026-07-10 00:40:04] [INFO] Subiendo: ERP_TEST_04.bak
[2026-07-10 00:40:04] [INFO] Subiendo: ERP_TEST_05.7z
[2026-07-10 00:40:04] [INFO] Subiendo: ERP_TEST_06.zip
[2026-07-10 00:40:04] [INFO] Subiendo: ERP_TEST_07.zip
[2026-07-10 00:40:04] [INFO] Subiendo: ERP_TEST_08.zip
[2026-07-10 00:40:04] [INFO] Subiendo: ERP_TEST_09.bak
[2026-07-10 00:40:04] [INFO] Subiendo: ERP_TEST_10.7z
[2026-07-10 00:40:04] [INFO] Subiendo: ERP_TEST_11.zip
[2026-07-10 00:40:04] [INFO] Subiendo: ERP_TEST_13.zip
[2026-07-10 00:40:04] [INFO] Subiendo: ERP_TEST_14.zip
[2026-07-10 00:40:04] [INFO] Subiendo: ERP_TEST_15.zip
[2026-07-10 00:40:04] [INFO] Subiendo: ERP_TEST_16.zip
[2026-07-10 00:40:04] [INFO] Subiendo: ERP_TEST_17.zip
[2026-07-10 00:40:04] [INFO] Subiendo: ERP_TEST_18.zip
[2026-07-10 00:40:04] [INFO] Subiendo: ERP_TEST_19.zip
[2026-07-10 00:40:04] [INFO] Subiendo: ERP_TEST_20.zip
[2026-07-10 00:40:04] [INFO] Subiendo: ERP_TEST_21.zip
[2026-07-10 00:40:04] [SUCCESS] Proceso finalizado.
[2026-07-10 00:40:14] [INFO] Ejecutando trabajo: ERP SQL
[2026-07-10 00:40:14] [INFO] === Backup Center iniciado ===
[2026-07-10 00:40:14] [INFO] Subiendo: ERP_TEST.zip
[2026-07-10 00:40:14] [INFO] Subiendo: ERP_TEST_01.zip
[2026-07-10 00:40:14] [INFO] Subiendo: ERP_TEST_02.zip
[2026-07-10 00:40:14] [INFO] Subiendo: ERP_TEST_03.zip
[2026-07-10 00:40:14] [INFO] Subiendo: ERP_TEST_04.bak
[2026-07-10 00:40:14] [INFO] Subiendo: ERP_TEST_05.7z
[2026-07-10 00:40:14] [INFO] Subiendo: ERP_TEST_06.zip
[2026-07-10 00:40:14] [INFO] Subiendo: ERP_TEST_07.zip
[2026-07-10 00:40:14] [INFO] Subiendo: ERP_TEST_08.zip
[2026-07-10 00:40:14] [INFO] Subiendo: ERP_TEST_09.bak
[2026-07-10 00:40:14] [INFO] Subiendo: ERP_TEST_10.7z
[2026-07-10 00:40:14] [INFO] Subiendo: ERP_TEST_11.zip
[2026-07-10 00:40:14] [INFO] Subiendo: ERP_TEST_13.zip
[2026-07-10 00:40:14] [INFO] Subiendo: ERP_TEST_14.zip
[2026-07-10 00:40:14] [INFO] Subiendo: ERP_TEST_15.zip
[2026-07-10 00:40:14] [INFO] Subiendo: ERP_TEST_16.zip
[2026-07-10 00:40:14] [INFO] Subiendo: ERP_TEST_17.zip
[2026-07-10 00:40:14] [INFO] Subiendo: ERP_TEST_18.zip
[2026-07-10 00:40:14] [INFO] Subiendo: ERP_TEST_19.zip
[2026-07-10 00:40:14] [INFO] Subiendo: ERP_TEST_20.zip
[2026-07-10 00:40:14] [INFO] Subiendo: ERP_TEST_21.zip
[2026-07-10 00:40:14] [SUCCESS] Proceso finalizado.
[2026-07-10 00:40:25] [INFO] Ejecutando trabajo: ERP SQL
[2026-07-10 00:40:25] [INFO] === Backup Center iniciado ===
[2026-07-10 00:40:25] [INFO] Subiendo: ERP_TEST.zip
[2026-07-10 00:40:25] [INFO] Subiendo: ERP_TEST_01.zip
[2026-07-10 00:40:25] [INFO] Subiendo: ERP_TEST_02.zip
[2026-07-10 00:40:25] [INFO] Subiendo: ERP_TEST_03.zip
[2026-07-10 00:40:25] [INFO] Subiendo: ERP_TEST_04.bak
[2026-07-10 00:40:25] [INFO] Subiendo: ERP_TEST_05.7z
[2026-07-10 00:40:25] [INFO] Subiendo: ERP_TEST_06.zip
[2026-07-10 00:40:25] [INFO] Subiendo: ERP_TEST_07.zip
[2026-07-10 00:40:25] [INFO] Subiendo: ERP_TEST_08.zip
[2026-07-10 00:40:25] [INFO] Subiendo: ERP_TEST_09.bak
[2026-07-10 00:40:25] [INFO] Subiendo: ERP_TEST_10.7z
[2026-07-10 00:40:25] [INFO] Subiendo: ERP_TEST_11.zip
[2026-07-10 00:40:25] [INFO] Subiendo: ERP_TEST_13.zip
[2026-07-10 00:40:25] [INFO] Subiendo: ERP_TEST_14.zip
[2026-07-10 00:40:25] [INFO] Subiendo: ERP_TEST_15.zip
[2026-07-10 00:40:25] [INFO] Subiendo: ERP_TEST_16.zip
[2026-07-10 00:40:25] [INFO] Subiendo: ERP_TEST_17.zip
[2026-07-10 00:40:25] [INFO] Subiendo: ERP_TEST_18.zip
[2026-07-10 00:40:25] [INFO] Subiendo: ERP_TEST_19.zip
[2026-07-10 00:40:25] [INFO] Subiendo: ERP_TEST_20.zip
[2026-07-10 00:40:25] [INFO] Subiendo: ERP_TEST_21.zip
[2026-07-10 00:40:25] [SUCCESS] Proceso finalizado.
[2026-07-10 00:40:33] [INFO] Ejecutando trabajo: ERP SQL
[2026-07-10 00:40:33] [INFO] === Backup Center iniciado ===
[2026-07-10 00:40:33] [INFO] Subiendo: ERP_TEST.zip
[2026-07-10 00:40:33] [INFO] Subiendo: ERP_TEST_01.zip
[2026-07-10 00:40:33] [INFO] Subiendo: ERP_TEST_02.zip
[2026-07-10 00:40:33] [INFO] Subiendo: ERP_TEST_03.zip
[2026-07-10 00:40:33] [INFO] Subiendo: ERP_TEST_04.bak
[2026-07-10 00:40:33] [INFO] Subiendo: ERP_TEST_05.7z
[2026-07-10 00:40:33] [INFO] Subiendo: ERP_TEST_06.zip
[2026-07-10 00:40:33] [INFO] Subiendo: ERP_TEST_07.zip
[2026-07-10 00:40:33] [INFO] Subiendo: ERP_TEST_08.zip
[2026-07-10 00:40:33] [INFO] Subiendo: ERP_TEST_09.bak
[2026-07-10 00:40:33] [INFO] Subiendo: ERP_TEST_10.7z
[2026-07-10 00:40:33] [INFO] Subiendo: ERP_TEST_11.zip
[2026-07-10 00:40:33] [INFO] Subiendo: ERP_TEST_13.zip
[2026-07-10 00:40:33] [INFO] Subiendo: ERP_TEST_14.zip
[2026-07-10 00:40:33] [INFO] Subiendo: ERP_TEST_15.zip
[2026-07-10 00:40:33] [INFO] Subiendo: ERP_TEST_16.zip
[2026-07-10 00:40:33] [INFO] Subiendo: ERP_TEST_17.zip
[2026-07-10 00:40:33] [INFO] Subiendo: ERP_TEST_18.zip
[2026-07-10 00:40:33] [INFO] Subiendo: ERP_TEST_19.zip
[2026-07-10 00:40:33] [INFO] Subiendo: ERP_TEST_20.zip
[2026-07-10 00:40:33] [INFO] Subiendo: ERP_TEST_21.zip
[2026-07-10 00:40:33] [SUCCESS] Proceso finalizado.
[2026-07-10 00:40:43] [INFO] Ejecutando trabajo: ERP SQL
[2026-07-10 00:40:43] [INFO] === Backup Center iniciado ===
[2026-07-10 00:40:43] [INFO] Subiendo: ERP_TEST.zip
[2026-07-10 00:40:43] [INFO] Subiendo: ERP_TEST_01.zip
[2026-07-10 00:40:43] [INFO] Subiendo: ERP_TEST_02.zip
[2026-07-10 00:40:43] [INFO] Subiendo: ERP_TEST_03.zip
[2026-07-10 00:40:43] [INFO] Subiendo: ERP_TEST_04.bak
[2026-07-10 00:40:43] [INFO] Subiendo: ERP_TEST_05.7z
[2026-07-10 00:40:43] [INFO] Subiendo: ERP_TEST_06.zip
[2026-07-10 00:40:43] [INFO] Subiendo: ERP_TEST_07.zip
[2026-07-10 00:40:43] [INFO] Subiendo: ERP_TEST_08.zip
[2026-07-10 00:40:43] [INFO] Subiendo: ERP_TEST_09.bak
[2026-07-10 00:40:43] [INFO] Subiendo: ERP_TEST_10.7z
[2026-07-10 00:40:43] [INFO] Subiendo: ERP_TEST_11.zip
[2026-07-10 00:40:43] [INFO] Subiendo: ERP_TEST_13.zip
[2026-07-10 00:40:43] [INFO] Subiendo: ERP_TEST_14.zip
[2026-07-10 00:40:43] [INFO] Subiendo: ERP_TEST_15.zip
[2026-07-10 00:40:43] [INFO] Subiendo: ERP_TEST_16.zip
[2026-07-10 00:40:43] [INFO] Subiendo: ERP_TEST_17.zip
[2026-07-10 00:40:43] [INFO] Subiendo: ERP_TEST_18.zip
[2026-07-10 00:40:43] [INFO] Subiendo: ERP_TEST_19.zip
[2026-07-10 00:40:43] [INFO] Subiendo: ERP_TEST_20.zip
[2026-07-10 00:40:43] [INFO] Subiendo: ERP_TEST_21.zip
[2026-07-10 00:40:43] [SUCCESS] Proceso finalizado.
[2026-07-10 00:40:53] [INFO] Ejecutando trabajo: ERP SQL
[2026-07-10 00:40:53] [INFO] === Backup Center iniciado ===
[2026-07-10 00:40:53] [INFO] Subiendo: ERP_TEST.zip
[2026-07-10 00:40:53] [INFO] Subiendo: ERP_TEST_01.zip
[2026-07-10 00:40:53] [INFO] Subiendo: ERP_TEST_02.zip
[2026-07-10 00:40:53] [INFO] Subiendo: ERP_TEST_03.zip
[2026-07-10 00:40:53] [INFO] Subiendo: ERP_TEST_04.bak
[2026-07-10 00:40:53] [INFO] Subiendo: ERP_TEST_05.7z
[2026-07-10 00:40:53] [INFO] Subiendo: ERP_TEST_06.zip
[2026-07-10 00:40:53] [INFO] Subiendo: ERP_TEST_07.zip
[2026-07-10 00:40:53] [INFO] Subiendo: ERP_TEST_08.zip
[2026-07-10 00:40:53] [INFO] Subiendo: ERP_TEST_09.bak
[2026-07-10 00:40:53] [INFO] Subiendo: ERP_TEST_10.7z
[2026-07-10 00:40:53] [INFO] Subiendo: ERP_TEST_11.zip
[2026-07-10 00:40:53] [INFO] Subiendo: ERP_TEST_13.zip
[2026-07-10 00:40:53] [INFO] Subiendo: ERP_TEST_14.zip
[2026-07-10 00:40:53] [INFO] Subiendo: ERP_TEST_15.zip
[2026-07-10 00:40:53] [INFO] Subiendo: ERP_TEST_16.zip
[2026-07-10 00:40:53] [INFO] Subiendo: ERP_TEST_17.zip
[2026-07-10 00:40:53] [INFO] Subiendo: ERP_TEST_18.zip
[2026-07-10 00:40:53] [INFO] Subiendo: ERP_TEST_19.zip
[2026-07-10 00:40:53] [INFO] Subiendo: ERP_TEST_20.zip
[2026-07-10 00:40:53] [INFO] Subiendo: ERP_TEST_21.zip
[2026-07-10 00:40:53] [SUCCESS] Proceso finalizado.
[2026-07-10 00:41:03] [INFO] Ejecutando trabajo: ERP SQL
[2026-07-10 00:41:03] [INFO] === Backup Center iniciado ===
[2026-07-10 00:41:03] [INFO] Subiendo: ERP_TEST.zip
[2026-07-10 00:41:03] [INFO] Subiendo: ERP_TEST_01.zip
[2026-07-10 00:41:03] [INFO] Subiendo: ERP_TEST_02.zip
[2026-07-10 00:41:03] [INFO] Subiendo: ERP_TEST_03.zip
[2026-07-10 00:41:03] [INFO] Subiendo: ERP_TEST_04.bak
[2026-07-10 00:41:03] [INFO] Subiendo: ERP_TEST_05.7z
[2026-07-10 00:41:03] [INFO] Subiendo: ERP_TEST_06.zip
[2026-07-10 00:41:03] [INFO] Subiendo: ERP_TEST_07.zip
[2026-07-10 00:41:03] [INFO] Subiendo: ERP_TEST_08.zip
[2026-07-10 00:41:03] [INFO] Subiendo: ERP_TEST_09.bak
[2026-07-10 00:41:03] [INFO] Subiendo: ERP_TEST_10.7z
[2026-07-10 00:41:03] [INFO] Subiendo: ERP_TEST_11.zip
[2026-07-10 00:41:03] [INFO] Subiendo: ERP_TEST_13.zip
[2026-07-10 00:41:03] [INFO] Subiendo: ERP_TEST_14.zip
[2026-07-10 00:41:03] [INFO] Subiendo: ERP_TEST_15.zip
[2026-07-10 00:41:03] [INFO] Subiendo: ERP_TEST_16.zip
[2026-07-10 00:41:03] [INFO] Subiendo: ERP_TEST_17.zip
[2026-07-10 00:41:03] [INFO] Subiendo: ERP_TEST_18.zip
[2026-07-10 00:41:03] [INFO] Subiendo: ERP_TEST_19.zip
[2026-07-10 00:41:03] [INFO] Subiendo: ERP_TEST_20.zip
[2026-07-10 00:41:03] [INFO] Subiendo: ERP_TEST_21.zip
[2026-07-10 00:41:03] [SUCCESS] Proceso finalizado.
[2026-07-10 00:41:13] [INFO] Ejecutando trabajo: ERP SQL
[2026-07-10 00:41:13] [INFO] === Backup Center iniciado ===
[2026-07-10 00:41:13] [INFO] Subiendo: ERP_TEST.zip
[2026-07-10 00:41:13] [INFO] Subiendo: ERP_TEST_01.zip
[2026-07-10 00:41:13] [INFO] Subiendo: ERP_TEST_02.zip
[2026-07-10 00:41:13] [INFO] Subiendo: ERP_TEST_03.zip
[2026-07-10 00:41:13] [INFO] Subiendo: ERP_TEST_04.bak
[2026-07-10 00:41:13] [INFO] Subiendo: ERP_TEST_05.7z
[2026-07-10 00:41:13] [INFO] Subiendo: ERP_TEST_06.zip
[2026-07-10 00:41:13] [INFO] Subiendo: ERP_TEST_07.zip
[2026-07-10 00:41:13] [INFO] Subiendo: ERP_TEST_08.zip
[2026-07-10 00:41:13] [INFO] Subiendo: ERP_TEST_09.bak
[2026-07-10 00:41:13] [INFO] Subiendo: ERP_TEST_10.7z
[2026-07-10 00:41:13] [INFO] Subiendo: ERP_TEST_11.zip
[2026-07-10 00:41:13] [INFO] Subiendo: ERP_TEST_13.zip
[2026-07-10 00:41:13] [INFO] Subiendo: ERP_TEST_14.zip
[2026-07-10 00:41:13] [INFO] Subiendo: ERP_TEST_15.zip
[2026-07-10 00:41:13] [INFO] Subiendo: ERP_TEST_16.zip
[2026-07-10 00:41:13] [INFO] Subiendo: ERP_TEST_17.zip
[2026-07-10 00:41:13] [INFO] Subiendo: ERP_TEST_18.zip
[2026-07-10 00:41:13] [INFO] Subiendo: ERP_TEST_19.zip
[2026-07-10 00:41:13] [INFO] Subiendo: ERP_TEST_20.zip
[2026-07-10 00:41:13] [INFO] Subiendo: ERP_TEST_21.zip
[2026-07-10 00:41:13] [SUCCESS] Proceso finalizado.
[2026-07-10 00:41:23] [INFO] Ejecutando trabajo: ERP SQL
[2026-07-10 00:41:23] [INFO] === Backup Center iniciado ===
[2026-07-10 00:41:23] [INFO] Subiendo: ERP_TEST.zip
[2026-07-10 00:41:23] [INFO] Subiendo: ERP_TEST_01.zip
[2026-07-10 00:41:23] [INFO] Subiendo: ERP_TEST_02.zip
[2026-07-10 00:41:23] [INFO] Subiendo: ERP_TEST_03.zip
[2026-07-10 00:41:23] [INFO] Subiendo: ERP_TEST_04.bak
[2026-07-10 00:41:23] [INFO] Subiendo: ERP_TEST_05.7z
[2026-07-10 00:41:23] [INFO] Subiendo: ERP_TEST_06.zip
[2026-07-10 00:41:23] [INFO] Subiendo: ERP_TEST_07.zip
[2026-07-10 00:41:23] [INFO] Subiendo: ERP_TEST_08.zip
[2026-07-10 00:41:23] [INFO] Subiendo: ERP_TEST_09.bak
[2026-07-10 00:41:23] [INFO] Subiendo: ERP_TEST_10.7z
[2026-07-10 00:41:23] [INFO] Subiendo: ERP_TEST_11.zip
[2026-07-10 00:41:23] [INFO] Subiendo: ERP_TEST_13.zip
[2026-07-10 00:41:23] [INFO] Subiendo: ERP_TEST_14.zip
[2026-07-10 00:41:23] [INFO] Subiendo: ERP_TEST_15.zip
[2026-07-10 00:41:23] [INFO] Subiendo: ERP_TEST_16.zip
[2026-07-10 00:41:23] [INFO] Subiendo: ERP_TEST_17.zip
[2026-07-10 00:41:23] [INFO] Subiendo: ERP_TEST_18.zip
[2026-07-10 00:41:23] [INFO] Subiendo: ERP_TEST_19.zip
[2026-07-10 00:41:23] [INFO] Subiendo: ERP_TEST_20.zip
[2026-07-10 00:41:23] [INFO] Subiendo: ERP_TEST_21.zip
[2026-07-10 00:41:23] [SUCCESS] Proceso finalizado.
[2026-07-10 00:41:33] [INFO] Ejecutando trabajo: ERP SQL
[2026-07-10 00:41:33] [INFO] === Backup Center iniciado ===
[2026-07-10 00:41:33] [INFO] Subiendo: ERP_TEST.zip
[2026-07-10 00:41:33] [INFO] Subiendo: ERP_TEST_01.zip
[2026-07-10 00:41:33] [INFO] Subiendo: ERP_TEST_02.zip
[2026-07-10 00:41:33] [INFO] Subiendo: ERP_TEST_03.zip
[2026-07-10 00:41:33] [INFO] Subiendo: ERP_TEST_04.bak
[2026-07-10 00:41:33] [INFO] Subiendo: ERP_TEST_05.7z
[2026-07-10 00:41:33] [INFO] Subiendo: ERP_TEST_06.zip
[2026-07-10 00:41:33] [INFO] Subiendo: ERP_TEST_07.zip
[2026-07-10 00:41:33] [INFO] Subiendo: ERP_TEST_08.zip
[2026-07-10 00:41:33] [INFO] Subiendo: ERP_TEST_09.bak
[2026-07-10 00:41:33] [INFO] Subiendo: ERP_TEST_10.7z
[2026-07-10 00:41:33] [INFO] Subiendo: ERP_TEST_11.zip
[2026-07-10 00:41:33] [INFO] Subiendo: ERP_TEST_13.zip
[2026-07-10 00:41:33] [INFO] Subiendo: ERP_TEST_14.zip
[2026-07-10 00:41:33] [INFO] Subiendo: ERP_TEST_15.zip
[2026-07-10 00:41:33] [INFO] Subiendo: ERP_TEST_16.zip
[2026-07-10 00:41:33] [INFO] Subiendo: ERP_TEST_17.zip
[2026-07-10 00:41:33] [INFO] Subiendo: ERP_TEST_18.zip
[2026-07-10 00:41:33] [INFO] Subiendo: ERP_TEST_19.zip
[2026-07-10 00:41:33] [INFO] Subiendo: ERP_TEST_20.zip
[2026-07-10 00:41:33] [INFO] Subiendo: ERP_TEST_21.zip
[2026-07-10 00:41:33] [SUCCESS] Proceso finalizado.
[2026-07-10 00:41:43] [INFO] Ejecutando trabajo: ERP SQL
[2026-07-10 00:41:43] [INFO] === Backup Center iniciado ===
[2026-07-10 00:41:43] [INFO] Subiendo: ERP_TEST.zip
[2026-07-10 00:41:43] [INFO] Subiendo: ERP_TEST_01.zip
[2026-07-10 00:41:43] [INFO] Subiendo: ERP_TEST_02.zip
[2026-07-10 00:41:43] [INFO] Subiendo: ERP_TEST_03.zip
[2026-07-10 00:41:43] [INFO] Subiendo: ERP_TEST_04.bak
[2026-07-10 00:41:43] [INFO] Subiendo: ERP_TEST_05.7z
[2026-07-10 00:41:43] [INFO] Subiendo: ERP_TEST_06.zip
[2026-07-10 00:41:43] [INFO] Subiendo: ERP_TEST_07.zip
[2026-07-10 00:41:43] [INFO] Subiendo: ERP_TEST_08.zip
[2026-07-10 00:41:43] [INFO] Subiendo: ERP_TEST_09.bak
[2026-07-10 00:41:43] [INFO] Subiendo: ERP_TEST_10.7z
[2026-07-10 00:41:43] [INFO] Subiendo: ERP_TEST_11.zip
[2026-07-10 00:41:43] [INFO] Subiendo: ERP_TEST_13.zip
[2026-07-10 00:41:43] [INFO] Subiendo: ERP_TEST_14.zip
[2026-07-10 00:41:43] [INFO] Subiendo: ERP_TEST_15.zip
[2026-07-10 00:41:43] [INFO] Subiendo: ERP_TEST_16.zip
[2026-07-10 00:41:43] [INFO] Subiendo: ERP_TEST_17.zip
[2026-07-10 00:41:43] [INFO] Subiendo: ERP_TEST_18.zip
[2026-07-10 00:41:43] [INFO] Subiendo: ERP_TEST_19.zip
[2026-07-10 00:41:43] [INFO] Subiendo: ERP_TEST_20.zip
[2026-07-10 00:41:43] [INFO] Subiendo: ERP_TEST_21.zip
[2026-07-10 00:41:43] [SUCCESS] Proceso finalizado.
[2026-07-10 00:41:54] [INFO] Ejecutando trabajo: ERP SQL
[2026-07-10 00:41:54] [INFO] === Backup Center iniciado ===
[2026-07-10 00:41:54] [INFO] Subiendo: ERP_TEST.zip
[2026-07-10 00:41:54] [INFO] Subiendo: ERP_TEST_01.zip
[2026-07-10 00:41:54] [INFO] Subiendo: ERP_TEST_02.zip
[2026-07-10 00:41:54] [INFO] Subiendo: ERP_TEST_03.zip
[2026-07-10 00:41:54] [INFO] Subiendo: ERP_TEST_04.bak
[2026-07-10 00:41:54] [INFO] Subiendo: ERP_TEST_05.7z
[2026-07-10 00:41:54] [INFO] Subiendo: ERP_TEST_06.zip
[2026-07-10 00:41:54] [INFO] Subiendo: ERP_TEST_07.zip
[2026-07-10 00:41:54] [INFO] Subiendo: ERP_TEST_08.zip
[2026-07-10 00:41:54] [INFO] Subiendo: ERP_TEST_09.bak
[2026-07-10 00:41:54] [INFO] Subiendo: ERP_TEST_10.7z
[2026-07-10 00:41:54] [INFO] Subiendo: ERP_TEST_11.zip
[2026-07-10 00:41:54] [INFO] Subiendo: ERP_TEST_13.zip
[2026-07-10 00:41:54] [INFO] Subiendo: ERP_TEST_14.zip
[2026-07-10 00:41:54] [INFO] Subiendo: ERP_TEST_15.zip
[2026-07-10 00:41:54] [INFO] Subiendo: ERP_TEST_16.zip
[2026-07-10 00:41:54] [INFO] Subiendo: ERP_TEST_17.zip
[2026-07-10 00:41:54] [INFO] Subiendo: ERP_TEST_18.zip
[2026-07-10 00:41:54] [INFO] Subiendo: ERP_TEST_19.zip
[2026-07-10 00:41:54] [INFO] Subiendo: ERP_TEST_20.zip
[2026-07-10 00:41:54] [INFO] Subiendo: ERP_TEST_21.zip
[2026-07-10 00:41:54] [SUCCESS] Proceso finalizado.
[2026-07-10 00:42:04] [INFO] Ejecutando trabajo: ERP SQL
[2026-07-10 00:42:04] [INFO] === Backup Center iniciado ===
[2026-07-10 00:42:04] [INFO] Subiendo: ERP_TEST.zip
[2026-07-10 00:42:04] [INFO] Subiendo: ERP_TEST_01.zip
[2026-07-10 00:42:04] [INFO] Subiendo: ERP_TEST_02.zip
[2026-07-10 00:42:04] [INFO] Subiendo: ERP_TEST_03.zip
[2026-07-10 00:42:04] [INFO] Subiendo: ERP_TEST_04.bak
[2026-07-10 00:42:04] [INFO] Subiendo: ERP_TEST_05.7z
[2026-07-10 00:42:04] [INFO] Subiendo: ERP_TEST_06.zip
[2026-07-10 00:42:04] [INFO] Subiendo: ERP_TEST_07.zip
[2026-07-10 00:42:04] [INFO] Subiendo: ERP_TEST_08.zip
[2026-07-10 00:42:04] [INFO] Subiendo: ERP_TEST_09.bak
[2026-07-10 00:42:04] [INFO] Subiendo: ERP_TEST_10.7z
[2026-07-10 00:42:04] [INFO] Subiendo: ERP_TEST_11.zip
[2026-07-10 00:42:04] [INFO] Subiendo: ERP_TEST_13.zip
[2026-07-10 00:42:04] [INFO] Subiendo: ERP_TEST_14.zip
[2026-07-10 00:42:04] [INFO] Subiendo: ERP_TEST_15.zip
[2026-07-10 00:42:04] [INFO] Subiendo: ERP_TEST_16.zip
[2026-07-10 00:42:04] [INFO] Subiendo: ERP_TEST_17.zip
[2026-07-10 00:42:04] [INFO] Subiendo: ERP_TEST_18.zip
[2026-07-10 00:42:04] [INFO] Subiendo: ERP_TEST_19.zip
[2026-07-10 00:42:04] [INFO] Subiendo: ERP_TEST_20.zip
[2026-07-10 00:42:04] [INFO] Subiendo: ERP_TEST_21.zip
[2026-07-10 00:42:04] [SUCCESS] Proceso finalizado.
[2026-07-10 00:42:14] [INFO] Ejecutando trabajo: ERP SQL
[2026-07-10 00:42:14] [INFO] === Backup Center iniciado ===
[2026-07-10 00:42:14] [INFO] Subiendo: ERP_TEST.zip
[2026-07-10 00:42:14] [INFO] Subiendo: ERP_TEST_01.zip
[2026-07-10 00:42:14] [INFO] Subiendo: ERP_TEST_02.zip
[2026-07-10 00:42:14] [INFO] Subiendo: ERP_TEST_03.zip
[2026-07-10 00:42:14] [INFO] Subiendo: ERP_TEST_04.bak
[2026-07-10 00:42:14] [INFO] Subiendo: ERP_TEST_05.7z
[2026-07-10 00:42:14] [INFO] Subiendo: ERP_TEST_06.zip
[2026-07-10 00:42:14] [INFO] Subiendo: ERP_TEST_07.zip
[2026-07-10 00:42:14] [INFO] Subiendo: ERP_TEST_08.zip
[2026-07-10 00:42:14] [INFO] Subiendo: ERP_TEST_09.bak
[2026-07-10 00:42:14] [INFO] Subiendo: ERP_TEST_10.7z
[2026-07-10 00:42:14] [INFO] Subiendo: ERP_TEST_11.zip
[2026-07-10 00:42:14] [INFO] Subiendo: ERP_TEST_13.zip
[2026-07-10 00:42:14] [INFO] Subiendo: ERP_TEST_14.zip
[2026-07-10 00:42:14] [INFO] Subiendo: ERP_TEST_15.zip
[2026-07-10 00:42:14] [INFO] Subiendo: ERP_TEST_16.zip
[2026-07-10 00:42:14] [INFO] Subiendo: ERP_TEST_17.zip
[2026-07-10 00:42:14] [INFO] Subiendo: ERP_TEST_18.zip
[2026-07-10 00:42:14] [INFO] Subiendo: ERP_TEST_19.zip
[2026-07-10 00:42:14] [INFO] Subiendo: ERP_TEST_20.zip
[2026-07-10 00:42:14] [INFO] Subiendo: ERP_TEST_21.zip
[2026-07-10 00:42:14] [SUCCESS] Proceso finalizado.
[2026-07-10 00:42:24] [INFO] Ejecutando trabajo: ERP SQL
[2026-07-10 00:42:24] [INFO] === Backup Center iniciado ===
[2026-07-10 00:42:24] [INFO] Subiendo: ERP_TEST.zip
[2026-07-10 00:42:24] [INFO] Subiendo: ERP_TEST_01.zip
[2026-07-10 00:42:24] [INFO] Subiendo: ERP_TEST_02.zip
[2026-07-10 00:42:24] [INFO] Subiendo: ERP_TEST_03.zip
[2026-07-10 00:42:24] [INFO] Subiendo: ERP_TEST_04.bak
[2026-07-10 00:42:24] [INFO] Subiendo: ERP_TEST_05.7z
[2026-07-10 00:42:24] [INFO] Subiendo: ERP_TEST_06.zip
[2026-07-10 00:42:24] [INFO] Subiendo: ERP_TEST_07.zip
[2026-07-10 00:42:24] [INFO] Subiendo: ERP_TEST_08.zip
[2026-07-10 00:42:24] [INFO] Subiendo: ERP_TEST_09.bak
[2026-07-10 00:42:24] [INFO] Subiendo: ERP_TEST_10.7z
[2026-07-10 00:42:24] [INFO] Subiendo: ERP_TEST_11.zip
[2026-07-10 00:42:24] [INFO] Subiendo: ERP_TEST_13.zip
[2026-07-10 00:42:24] [INFO] Subiendo: ERP_TEST_14.zip
[2026-07-10 00:42:24] [INFO] Subiendo: ERP_TEST_15.zip
[2026-07-10 00:42:24] [INFO] Subiendo: ERP_TEST_16.zip
[2026-07-10 00:42:24] [INFO] Subiendo: ERP_TEST_17.zip
[2026-07-10 00:42:24] [INFO] Subiendo: ERP_TEST_18.zip
[2026-07-10 00:42:24] [INFO] Subiendo: ERP_TEST_19.zip
[2026-07-10 00:42:24] [INFO] Subiendo: ERP_TEST_20.zip
[2026-07-10 00:42:24] [INFO] Subiendo: ERP_TEST_21.zip
[2026-07-10 00:42:24] [SUCCESS] Proceso finalizado.
[2026-07-10 00:42:34] [INFO] Ejecutando trabajo: ERP SQL
[2026-07-10 00:42:34] [INFO] === Backup Center iniciado ===
[2026-07-10 00:42:34] [INFO] Subiendo: ERP_TEST.zip
[2026-07-10 00:42:34] [INFO] Subiendo: ERP_TEST_01.zip
[2026-07-10 00:42:34] [INFO] Subiendo: ERP_TEST_02.zip
[2026-07-10 00:42:34] [INFO] Subiendo: ERP_TEST_03.zip
[2026-07-10 00:42:34] [INFO] Subiendo: ERP_TEST_04.bak
[2026-07-10 00:42:34] [INFO] Subiendo: ERP_TEST_05.7z
[2026-07-10 00:42:34] [INFO] Subiendo: ERP_TEST_06.zip
[2026-07-10 00:42:34] [INFO] Subiendo: ERP_TEST_07.zip
[2026-07-10 00:42:34] [INFO] Subiendo: ERP_TEST_08.zip
[2026-07-10 00:42:34] [INFO] Subiendo: ERP_TEST_09.bak
[2026-07-10 00:42:34] [INFO] Subiendo: ERP_TEST_10.7z
[2026-07-10 00:42:34] [INFO] Subiendo: ERP_TEST_11.zip
[2026-07-10 00:42:34] [INFO] Subiendo: ERP_TEST_13.zip
[2026-07-10 00:42:34] [INFO] Subiendo: ERP_TEST_14.zip
[2026-07-10 00:42:34] [INFO] Subiendo: ERP_TEST_15.zip
[2026-07-10 00:42:34] [INFO] Subiendo: ERP_TEST_16.zip
[2026-07-10 00:42:34] [INFO] Subiendo: ERP_TEST_17.zip
[2026-07-10 00:42:34] [INFO] Subiendo: ERP_TEST_18.zip
[2026-07-10 00:42:34] [INFO] Subiendo: ERP_TEST_19.zip
[2026-07-10 00:42:34] [INFO] Subiendo: ERP_TEST_20.zip
[2026-07-10 00:42:34] [INFO] Subiendo: ERP_TEST_21.zip
[2026-07-10 00:42:34] [SUCCESS] Proceso finalizado.
[2026-07-10 00:42:44] [INFO] Ejecutando trabajo: ERP SQL
[2026-07-10 00:42:44] [INFO] === Backup Center iniciado ===
[2026-07-10 00:42:44] [INFO] Subiendo: ERP_TEST.zip
[2026-07-10 00:42:44] [INFO] Subiendo: ERP_TEST_01.zip
[2026-07-10 00:42:44] [INFO] Subiendo: ERP_TEST_02.zip
[2026-07-10 00:42:44] [INFO] Subiendo: ERP_TEST_03.zip
[2026-07-10 00:42:44] [INFO] Subiendo: ERP_TEST_04.bak
[2026-07-10 00:42:44] [INFO] Subiendo: ERP_TEST_05.7z
[2026-07-10 00:42:44] [INFO] Subiendo: ERP_TEST_06.zip
[2026-07-10 00:42:44] [INFO] Subiendo: ERP_TEST_07.zip
[2026-07-10 00:42:44] [INFO] Subiendo: ERP_TEST_08.zip
[2026-07-10 00:42:44] [INFO] Subiendo: ERP_TEST_09.bak
[2026-07-10 00:42:44] [INFO] Subiendo: ERP_TEST_10.7z
[2026-07-10 00:42:44] [INFO] Subiendo: ERP_TEST_11.zip
[2026-07-10 00:42:44] [INFO] Subiendo: ERP_TEST_13.zip
[2026-07-10 00:42:44] [INFO] Subiendo: ERP_TEST_14.zip
[2026-07-10 00:42:44] [INFO] Subiendo: ERP_TEST_15.zip
[2026-07-10 00:42:44] [INFO] Subiendo: ERP_TEST_16.zip
[2026-07-10 00:42:44] [INFO] Subiendo: ERP_TEST_17.zip
[2026-07-10 00:42:44] [INFO] Subiendo: ERP_TEST_18.zip
[2026-07-10 00:42:44] [INFO] Subiendo: ERP_TEST_19.zip
[2026-07-10 00:42:44] [INFO] Subiendo: ERP_TEST_20.zip
[2026-07-10 00:42:44] [INFO] Subiendo: ERP_TEST_21.zip
[2026-07-10 00:42:44] [SUCCESS] Proceso finalizado.
[2026-07-10 00:42:54] [INFO] Ejecutando trabajo: ERP SQL
[2026-07-10 00:42:54] [INFO] === Backup Center iniciado ===
[2026-07-10 00:42:54] [INFO] Subiendo: ERP_TEST.zip
[2026-07-10 00:42:54] [INFO] Subiendo: ERP_TEST_01.zip
[2026-07-10 00:42:54] [INFO] Subiendo: ERP_TEST_02.zip
[2026-07-10 00:42:54] [INFO] Subiendo: ERP_TEST_03.zip
[2026-07-10 00:42:54] [INFO] Subiendo: ERP_TEST_04.bak
[2026-07-10 00:42:54] [INFO] Subiendo: ERP_TEST_05.7z
[2026-07-10 00:42:54] [INFO] Subiendo: ERP_TEST_06.zip
[2026-07-10 00:42:54] [INFO] Subiendo: ERP_TEST_07.zip
[2026-07-10 00:42:54] [INFO] Subiendo: ERP_TEST_08.zip
[2026-07-10 00:42:54] [INFO] Subiendo: ERP_TEST_09.bak
[2026-07-10 00:42:54] [INFO] Subiendo: ERP_TEST_10.7z
[2026-07-10 00:42:54] [INFO] Subiendo: ERP_TEST_11.zip
[2026-07-10 00:42:54] [INFO] Subiendo: ERP_TEST_13.zip
[2026-07-10 00:42:54] [INFO] Subiendo: ERP_TEST_14.zip
[2026-07-10 00:42:54] [INFO] Subiendo: ERP_TEST_15.zip
[2026-07-10 00:42:54] [INFO] Subiendo: ERP_TEST_16.zip
[2026-07-10 00:42:54] [INFO] Subiendo: ERP_TEST_17.zip
[2026-07-10 00:42:54] [INFO] Subiendo: ERP_TEST_18.zip
[2026-07-10 00:42:54] [INFO] Subiendo: ERP_TEST_19.zip
[2026-07-10 00:42:54] [INFO] Subiendo: ERP_TEST_20.zip
[2026-07-10 00:42:54] [INFO] Subiendo: ERP_TEST_21.zip
[2026-07-10 00:42:54] [SUCCESS] Proceso finalizado.
[2026-07-10 00:43:04] [INFO] Ejecutando trabajo: ERP SQL
[2026-07-10 00:43:04] [INFO] === Backup Center iniciado ===
[2026-07-10 00:43:04] [INFO] Subiendo: ERP_TEST.zip
[2026-07-10 00:43:04] [INFO] Subiendo: ERP_TEST_01.zip
[2026-07-10 00:43:04] [INFO] Subiendo: ERP_TEST_02.zip
[2026-07-10 00:43:04] [INFO] Subiendo: ERP_TEST_03.zip
[2026-07-10 00:43:04] [INFO] Subiendo: ERP_TEST_04.bak
[2026-07-10 00:43:04] [INFO] Subiendo: ERP_TEST_05.7z
[2026-07-10 00:43:04] [INFO] Subiendo: ERP_TEST_06.zip
[2026-07-10 00:43:04] [INFO] Subiendo: ERP_TEST_07.zip
[2026-07-10 00:43:04] [INFO] Subiendo: ERP_TEST_08.zip
[2026-07-10 00:43:04] [INFO] Subiendo: ERP_TEST_09.bak
[2026-07-10 00:43:04] [INFO] Subiendo: ERP_TEST_10.7z
[2026-07-10 00:43:04] [INFO] Subiendo: ERP_TEST_11.zip
[2026-07-10 00:43:04] [INFO] Subiendo: ERP_TEST_13.zip
[2026-07-10 00:43:04] [INFO] Subiendo: ERP_TEST_14.zip
[2026-07-10 00:43:04] [INFO] Subiendo: ERP_TEST_15.zip
[2026-07-10 00:43:04] [INFO] Subiendo: ERP_TEST_16.zip
[2026-07-10 00:43:04] [INFO] Subiendo: ERP_TEST_17.zip
[2026-07-10 00:43:04] [INFO] Subiendo: ERP_TEST_18.zip
[2026-07-10 00:43:04] [INFO] Subiendo: ERP_TEST_19.zip
[2026-07-10 00:43:04] [INFO] Subiendo: ERP_TEST_20.zip
[2026-07-10 00:43:04] [INFO] Subiendo: ERP_TEST_21.zip
[2026-07-10 00:43:04] [SUCCESS] Proceso finalizado.
[2026-07-10 00:43:14] [INFO] Ejecutando trabajo: ERP SQL
[2026-07-10 00:43:14] [INFO] === Backup Center iniciado ===
[2026-07-10 00:43:14] [INFO] Subiendo: ERP_TEST.zip
[2026-07-10 00:43:14] [INFO] Subiendo: ERP_TEST_01.zip
[2026-07-10 00:43:14] [INFO] Subiendo: ERP_TEST_02.zip
[2026-07-10 00:43:14] [INFO] Subiendo: ERP_TEST_03.zip
[2026-07-10 00:43:14] [INFO] Subiendo: ERP_TEST_04.bak
[2026-07-10 00:43:14] [INFO] Subiendo: ERP_TEST_05.7z
[2026-07-10 00:43:14] [INFO] Subiendo: ERP_TEST_06.zip
[2026-07-10 00:43:14] [INFO] Subiendo: ERP_TEST_07.zip
[2026-07-10 00:43:14] [INFO] Subiendo: ERP_TEST_08.zip
[2026-07-10 00:43:14] [INFO] Subiendo: ERP_TEST_09.bak
[2026-07-10 00:43:14] [INFO] Subiendo: ERP_TEST_10.7z
[2026-07-10 00:43:14] [INFO] Subiendo: ERP_TEST_11.zip
[2026-07-10 00:43:14] [INFO] Subiendo: ERP_TEST_13.zip
[2026-07-10 00:43:14] [INFO] Subiendo: ERP_TEST_14.zip
[2026-07-10 00:43:14] [INFO] Subiendo: ERP_TEST_15.zip
[2026-07-10 00:43:14] [INFO] Subiendo: ERP_TEST_16.zip
[2026-07-10 00:43:14] [INFO] Subiendo: ERP_TEST_17.zip
[2026-07-10 00:43:14] [INFO] Subiendo: ERP_TEST_18.zip
[2026-07-10 00:43:14] [INFO] Subiendo: ERP_TEST_19.zip
[2026-07-10 00:43:14] [INFO] Subiendo: ERP_TEST_20.zip
[2026-07-10 00:43:14] [INFO] Subiendo: ERP_TEST_21.zip
[2026-07-10 00:43:14] [SUCCESS] Proceso finalizado.
[2026-07-10 00:43:25] [INFO] Ejecutando trabajo: ERP SQL
[2026-07-10 00:43:25] [INFO] === Backup Center iniciado ===
[2026-07-10 00:43:25] [INFO] Subiendo: ERP_TEST.zip
[2026-07-10 00:43:25] [INFO] Subiendo: ERP_TEST_01.zip
[2026-07-10 00:43:25] [INFO] Subiendo: ERP_TEST_02.zip
[2026-07-10 00:43:25] [INFO] Subiendo: ERP_TEST_03.zip
[2026-07-10 00:43:25] [INFO] Subiendo: ERP_TEST_04.bak
[2026-07-10 00:43:25] [INFO] Subiendo: ERP_TEST_05.7z
[2026-07-10 00:43:25] [INFO] Subiendo: ERP_TEST_06.zip
[2026-07-10 00:43:25] [INFO] Subiendo: ERP_TEST_07.zip
[2026-07-10 00:43:25] [INFO] Subiendo: ERP_TEST_08.zip
[2026-07-10 00:43:25] [INFO] Subiendo: ERP_TEST_09.bak
[2026-07-10 00:43:25] [INFO] Subiendo: ERP_TEST_10.7z
[2026-07-10 00:43:25] [INFO] Subiendo: ERP_TEST_11.zip
[2026-07-10 00:43:25] [INFO] Subiendo: ERP_TEST_13.zip
[2026-07-10 00:43:25] [INFO] Subiendo: ERP_TEST_14.zip
[2026-07-10 00:43:25] [INFO] Subiendo: ERP_TEST_15.zip
[2026-07-10 00:43:25] [INFO] Subiendo: ERP_TEST_16.zip
[2026-07-10 00:43:25] [INFO] Subiendo: ERP_TEST_17.zip
[2026-07-10 00:43:25] [INFO] Subiendo: ERP_TEST_18.zip
[2026-07-10 00:43:25] [INFO] Subiendo: ERP_TEST_19.zip
[2026-07-10 00:43:25] [INFO] Subiendo: ERP_TEST_20.zip
[2026-07-10 00:43:25] [INFO] Subiendo: ERP_TEST_21.zip
[2026-07-10 00:43:25] [SUCCESS] Proceso finalizado.
[2026-07-10 00:43:35] [INFO] Ejecutando trabajo: ERP SQL
[2026-07-10 00:43:35] [INFO] === Backup Center iniciado ===
[2026-07-10 00:43:35] [INFO] Subiendo: ERP_TEST.zip
[2026-07-10 00:43:35] [INFO] Subiendo: ERP_TEST_01.zip
[2026-07-10 00:43:35] [INFO] Subiendo: ERP_TEST_02.zip
[2026-07-10 00:43:35] [INFO] Subiendo: ERP_TEST_03.zip
[2026-07-10 00:43:35] [INFO] Subiendo: ERP_TEST_04.bak
[2026-07-10 00:43:35] [INFO] Subiendo: ERP_TEST_05.7z
[2026-07-10 00:43:35] [INFO] Subiendo: ERP_TEST_06.zip
[2026-07-10 00:43:35] [INFO] Subiendo: ERP_TEST_07.zip
[2026-07-10 00:43:35] [INFO] Subiendo: ERP_TEST_08.zip
[2026-07-10 00:43:35] [INFO] Subiendo: ERP_TEST_09.bak
[2026-07-10 00:43:35] [INFO] Subiendo: ERP_TEST_10.7z
[2026-07-10 00:43:35] [INFO] Subiendo: ERP_TEST_11.zip
[2026-07-10 00:43:35] [INFO] Subiendo: ERP_TEST_13.zip
[2026-07-10 00:43:35] [INFO] Subiendo: ERP_TEST_14.zip
[2026-07-10 00:43:35] [INFO] Subiendo: ERP_TEST_15.zip
[2026-07-10 00:43:35] [INFO] Subiendo: ERP_TEST_16.zip
[2026-07-10 00:43:35] [INFO] Subiendo: ERP_TEST_17.zip
[2026-07-10 00:43:35] [INFO] Subiendo: ERP_TEST_18.zip
[2026-07-10 00:43:35] [INFO] Subiendo: ERP_TEST_19.zip
[2026-07-10 00:43:35] [INFO] Subiendo: ERP_TEST_20.zip
[2026-07-10 00:43:35] [INFO] Subiendo: ERP_TEST_21.zip
[2026-07-10 00:43:35] [SUCCESS] Proceso finalizado.
[2026-07-10 00:43:45] [INFO] Ejecutando trabajo: ERP SQL
[2026-07-10 00:43:45] [INFO] === Backup Center iniciado ===
[2026-07-10 00:43:45] [INFO] Subiendo: ERP_TEST.zip
[2026-07-10 00:43:45] [INFO] Subiendo: ERP_TEST_01.zip
[2026-07-10 00:43:45] [INFO] Subiendo: ERP_TEST_02.zip
[2026-07-10 00:43:45] [INFO] Subiendo: ERP_TEST_03.zip
[2026-07-10 00:43:45] [INFO] Subiendo: ERP_TEST_04.bak
[2026-07-10 00:43:45] [INFO] Subiendo: ERP_TEST_05.7z
[2026-07-10 00:43:45] [INFO] Subiendo: ERP_TEST_06.zip
[2026-07-10 00:43:45] [INFO] Subiendo: ERP_TEST_07.zip
[2026-07-10 00:43:45] [INFO] Subiendo: ERP_TEST_08.zip
[2026-07-10 00:43:45] [INFO] Subiendo: ERP_TEST_09.bak
[2026-07-10 00:43:45] [INFO] Subiendo: ERP_TEST_10.7z
[2026-07-10 00:43:45] [INFO] Subiendo: ERP_TEST_11.zip
[2026-07-10 00:43:45] [INFO] Subiendo: ERP_TEST_13.zip
[2026-07-10 00:43:45] [INFO] Subiendo: ERP_TEST_14.zip
[2026-07-10 00:43:45] [INFO] Subiendo: ERP_TEST_15.zip
[2026-07-10 00:43:45] [INFO] Subiendo: ERP_TEST_16.zip
[2026-07-10 00:43:45] [INFO] Subiendo: ERP_TEST_17.zip
[2026-07-10 00:43:45] [INFO] Subiendo: ERP_TEST_18.zip
[2026-07-10 00:43:45] [INFO] Subiendo: ERP_TEST_19.zip
[2026-07-10 00:43:45] [INFO] Subiendo: ERP_TEST_20.zip
[2026-07-10 00:43:45] [INFO] Subiendo: ERP_TEST_21.zip
[2026-07-10 00:43:45] [SUCCESS] Proceso finalizado.
[2026-07-10 00:43:55] [INFO] Ejecutando trabajo: ERP SQL
[2026-07-10 00:43:55] [INFO] === Backup Center iniciado ===
[2026-07-10 00:43:55] [INFO] Subiendo: ERP_TEST.zip
[2026-07-10 00:43:55] [INFO] Subiendo: ERP_TEST_01.zip
[2026-07-10 00:43:55] [INFO] Subiendo: ERP_TEST_02.zip
[2026-07-10 00:43:55] [INFO] Subiendo: ERP_TEST_03.zip
[2026-07-10 00:43:55] [INFO] Subiendo: ERP_TEST_04.bak
[2026-07-10 00:43:55] [INFO] Subiendo: ERP_TEST_05.7z
[2026-07-10 00:43:55] [INFO] Subiendo: ERP_TEST_06.zip
[2026-07-10 00:43:55] [INFO] Subiendo: ERP_TEST_07.zip
[2026-07-10 00:43:55] [INFO] Subiendo: ERP_TEST_08.zip
[2026-07-10 00:43:55] [INFO] Subiendo: ERP_TEST_09.bak
[2026-07-10 00:43:55] [INFO] Subiendo: ERP_TEST_10.7z
[2026-07-10 00:43:55] [INFO] Subiendo: ERP_TEST_11.zip
[2026-07-10 00:43:55] [INFO] Subiendo: ERP_TEST_13.zip
[2026-07-10 00:43:55] [INFO] Subiendo: ERP_TEST_14.zip
[2026-07-10 00:43:55] [INFO] Subiendo: ERP_TEST_15.zip
[2026-07-10 00:43:55] [INFO] Subiendo: ERP_TEST_16.zip
[2026-07-10 00:43:55] [INFO] Subiendo: ERP_TEST_17.zip
[2026-07-10 00:43:55] [INFO] Subiendo: ERP_TEST_18.zip
[2026-07-10 00:43:55] [INFO] Subiendo: ERP_TEST_19.zip
[2026-07-10 00:43:55] [INFO] Subiendo: ERP_TEST_20.zip
[2026-07-10 00:43:55] [INFO] Subiendo: ERP_TEST_21.zip
[2026-07-10 00:43:55] [SUCCESS] Proceso finalizado.
[2026-07-10 00:44:05] [INFO] Ejecutando trabajo: ERP SQL
[2026-07-10 00:44:05] [INFO] === Backup Center iniciado ===
[2026-07-10 00:44:05] [INFO] Subiendo: ERP_TEST.zip
[2026-07-10 00:44:05] [INFO] Subiendo: ERP_TEST_01.zip
[2026-07-10 00:44:05] [INFO] Subiendo: ERP_TEST_02.zip
[2026-07-10 00:44:05] [INFO] Subiendo: ERP_TEST_03.zip
[2026-07-10 00:44:05] [INFO] Subiendo: ERP_TEST_04.bak
[2026-07-10 00:44:05] [INFO] Subiendo: ERP_TEST_05.7z
[2026-07-10 00:44:05] [INFO] Subiendo: ERP_TEST_06.zip
[2026-07-10 00:44:05] [INFO] Subiendo: ERP_TEST_07.zip
[2026-07-10 00:44:05] [INFO] Subiendo: ERP_TEST_08.zip
[2026-07-10 00:44:05] [INFO] Subiendo: ERP_TEST_09.bak
[2026-07-10 00:44:05] [INFO] Subiendo: ERP_TEST_10.7z
[2026-07-10 00:44:05] [INFO] Subiendo: ERP_TEST_11.zip
[2026-07-10 00:44:05] [INFO] Subiendo: ERP_TEST_13.zip
[2026-07-10 00:44:05] [INFO] Subiendo: ERP_TEST_14.zip
[2026-07-10 00:44:05] [INFO] Subiendo: ERP_TEST_15.zip
[2026-07-10 00:44:05] [INFO] Subiendo: ERP_TEST_16.zip
[2026-07-10 00:44:05] [INFO] Subiendo: ERP_TEST_17.zip
[2026-07-10 00:44:05] [INFO] Subiendo: ERP_TEST_18.zip
[2026-07-10 00:44:05] [INFO] Subiendo: ERP_TEST_19.zip
[2026-07-10 00:44:05] [INFO] Subiendo: ERP_TEST_20.zip
[2026-07-10 00:44:05] [INFO] Subiendo: ERP_TEST_21.zip
[2026-07-10 00:44:05] [SUCCESS] Proceso finalizado.
[2026-07-10 00:44:15] [INFO] Ejecutando trabajo: ERP SQL
[2026-07-10 00:44:15] [INFO] === Backup Center iniciado ===
[2026-07-10 00:44:15] [INFO] Subiendo: ERP_TEST.zip
[2026-07-10 00:44:15] [INFO] Subiendo: ERP_TEST_01.zip
[2026-07-10 00:44:15] [INFO] Subiendo: ERP_TEST_02.zip
[2026-07-10 00:44:15] [INFO] Subiendo: ERP_TEST_03.zip
[2026-07-10 00:44:15] [INFO] Subiendo: ERP_TEST_04.bak
[2026-07-10 00:44:15] [INFO] Subiendo: ERP_TEST_05.7z
[2026-07-10 00:44:15] [INFO] Subiendo: ERP_TEST_06.zip
[2026-07-10 00:44:15] [INFO] Subiendo: ERP_TEST_07.zip
[2026-07-10 00:44:15] [INFO] Subiendo: ERP_TEST_08.zip
[2026-07-10 00:44:15] [INFO] Subiendo: ERP_TEST_09.bak
[2026-07-10 00:44:15] [INFO] Subiendo: ERP_TEST_10.7z
[2026-07-10 00:44:15] [INFO] Subiendo: ERP_TEST_11.zip
[2026-07-10 00:44:15] [INFO] Subiendo: ERP_TEST_13.zip
[2026-07-10 00:44:15] [INFO] Subiendo: ERP_TEST_14.zip
[2026-07-10 00:44:15] [INFO] Subiendo: ERP_TEST_15.zip
[2026-07-10 00:44:15] [INFO] Subiendo: ERP_TEST_16.zip
[2026-07-10 00:44:15] [INFO] Subiendo: ERP_TEST_17.zip
[2026-07-10 00:44:15] [INFO] Subiendo: ERP_TEST_18.zip
[2026-07-10 00:44:15] [INFO] Subiendo: ERP_TEST_19.zip
[2026-07-10 00:44:15] [INFO] Subiendo: ERP_TEST_20.zip
[2026-07-10 00:44:15] [INFO] Subiendo: ERP_TEST_21.zip
[2026-07-10 00:44:15] [SUCCESS] Proceso finalizado.
[2026-07-10 00:44:25] [INFO] Ejecutando trabajo: ERP SQL
[2026-07-10 00:44:25] [INFO] === Backup Center iniciado ===
[2026-07-10 00:44:25] [INFO] Subiendo: ERP_TEST.zip
[2026-07-10 00:44:25] [INFO] Subiendo: ERP_TEST_01.zip
[2026-07-10 00:44:25] [INFO] Subiendo: ERP_TEST_02.zip
[2026-07-10 00:44:25] [INFO] Subiendo: ERP_TEST_03.zip
[2026-07-10 00:44:25] [INFO] Subiendo: ERP_TEST_04.bak
[2026-07-10 00:44:25] [INFO] Subiendo: ERP_TEST_05.7z
[2026-07-10 00:44:25] [INFO] Subiendo: ERP_TEST_06.zip
[2026-07-10 00:44:25] [INFO] Subiendo: ERP_TEST_07.zip
[2026-07-10 00:44:25] [INFO] Subiendo: ERP_TEST_08.zip
[2026-07-10 00:44:25] [INFO] Subiendo: ERP_TEST_09.bak
[2026-07-10 00:44:25] [INFO] Subiendo: ERP_TEST_10.7z
[2026-07-10 00:44:25] [INFO] Subiendo: ERP_TEST_11.zip
[2026-07-10 00:44:25] [INFO] Subiendo: ERP_TEST_13.zip
[2026-07-10 00:44:25] [INFO] Subiendo: ERP_TEST_14.zip
[2026-07-10 00:44:25] [INFO] Subiendo: ERP_TEST_15.zip
[2026-07-10 00:44:25] [INFO] Subiendo: ERP_TEST_16.zip
[2026-07-10 00:44:25] [INFO] Subiendo: ERP_TEST_17.zip
[2026-07-10 00:44:25] [INFO] Subiendo: ERP_TEST_18.zip
[2026-07-10 00:44:25] [INFO] Subiendo: ERP_TEST_19.zip
[2026-07-10 00:44:25] [INFO] Subiendo: ERP_TEST_20.zip
[2026-07-10 00:44:25] [INFO] Subiendo: ERP_TEST_21.zip
[2026-07-10 00:44:25] [SUCCESS] Proceso finalizado.
[2026-07-10 00:44:35] [INFO] Ejecutando trabajo: ERP SQL
[2026-07-10 00:44:35] [INFO] === Backup Center iniciado ===
[2026-07-10 00:44:35] [INFO] Subiendo: ERP_TEST.zip
[2026-07-10 00:44:35] [INFO] Subiendo: ERP_TEST_01.zip
[2026-07-10 00:44:35] [INFO] Subiendo: ERP_TEST_02.zip
[2026-07-10 00:44:35] [INFO] Subiendo: ERP_TEST_03.zip
[2026-07-10 00:44:35] [INFO] Subiendo: ERP_TEST_04.bak
[2026-07-10 00:44:35] [INFO] Subiendo: ERP_TEST_05.7z
[2026-07-10 00:44:35] [INFO] Subiendo: ERP_TEST_06.zip
[2026-07-10 00:44:35] [INFO] Subiendo: ERP_TEST_07.zip
[2026-07-10 00:44:35] [INFO] Subiendo: ERP_TEST_08.zip
[2026-07-10 00:44:35] [INFO] Subiendo: ERP_TEST_09.bak
[2026-07-10 00:44:35] [INFO] Subiendo: ERP_TEST_10.7z
[2026-07-10 00:44:35] [INFO] Subiendo: ERP_TEST_11.zip
[2026-07-10 00:44:35] [INFO] Subiendo: ERP_TEST_13.zip
[2026-07-10 00:44:35] [INFO] Subiendo: ERP_TEST_14.zip
[2026-07-10 00:44:35] [INFO] Subiendo: ERP_TEST_15.zip
[2026-07-10 00:44:35] [INFO] Subiendo: ERP_TEST_16.zip
[2026-07-10 00:44:35] [INFO] Subiendo: ERP_TEST_17.zip
[2026-07-10 00:44:35] [INFO] Subiendo: ERP_TEST_18.zip
[2026-07-10 00:44:35] [INFO] Subiendo: ERP_TEST_19.zip
[2026-07-10 00:44:35] [INFO] Subiendo: ERP_TEST_20.zip
[2026-07-10 00:44:35] [INFO] Subiendo: ERP_TEST_21.zip
[2026-07-10 00:44:35] [SUCCESS] Proceso finalizado.
[2026-07-10 00:44:45] [INFO] Ejecutando trabajo: ERP SQL
[2026-07-10 00:44:45] [INFO] === Backup Center iniciado ===
[2026-07-10 00:44:45] [INFO] Subiendo: ERP_TEST.zip
[2026-07-10 00:44:45] [INFO] Subiendo: ERP_TEST_01.zip
[2026-07-10 00:44:45] [INFO] Subiendo: ERP_TEST_02.zip
[2026-07-10 00:44:45] [INFO] Subiendo: ERP_TEST_03.zip
[2026-07-10 00:44:45] [INFO] Subiendo: ERP_TEST_04.bak
[2026-07-10 00:44:45] [INFO] Subiendo: ERP_TEST_05.7z
[2026-07-10 00:44:45] [INFO] Subiendo: ERP_TEST_06.zip
[2026-07-10 00:44:45] [INFO] Subiendo: ERP_TEST_07.zip
[2026-07-10 00:44:45] [INFO] Subiendo: ERP_TEST_08.zip
[2026-07-10 00:44:45] [INFO] Subiendo: ERP_TEST_09.bak
[2026-07-10 00:44:45] [INFO] Subiendo: ERP_TEST_10.7z
[2026-07-10 00:44:45] [INFO] Subiendo: ERP_TEST_11.zip
[2026-07-10 00:44:45] [INFO] Subiendo: ERP_TEST_13.zip
[2026-07-10 00:44:45] [INFO] Subiendo: ERP_TEST_14.zip
[2026-07-10 00:44:45] [INFO] Subiendo: ERP_TEST_15.zip
[2026-07-10 00:44:45] [INFO] Subiendo: ERP_TEST_16.zip
[2026-07-10 00:44:45] [INFO] Subiendo: ERP_TEST_17.zip
[2026-07-10 00:44:45] [INFO] Subiendo: ERP_TEST_18.zip
[2026-07-10 00:44:45] [INFO] Subiendo: ERP_TEST_19.zip
[2026-07-10 00:44:45] [INFO] Subiendo: ERP_TEST_20.zip
[2026-07-10 00:44:45] [INFO] Subiendo: ERP_TEST_21.zip
[2026-07-10 00:44:45] [SUCCESS] Proceso finalizado.
[2026-07-10 00:44:54] [INFO] Ejecutando trabajo: ERP SQL
[2026-07-10 00:44:54] [INFO] === Backup Center iniciado ===
[2026-07-10 00:44:54] [INFO] Subiendo: ERP_TEST.zip
[2026-07-10 00:44:54] [INFO] Subiendo: ERP_TEST_01.zip
[2026-07-10 00:44:54] [INFO] Subiendo: ERP_TEST_02.zip
[2026-07-10 00:44:54] [INFO] Subiendo: ERP_TEST_03.zip
[2026-07-10 00:44:54] [INFO] Subiendo: ERP_TEST_04.bak
[2026-07-10 00:44:54] [INFO] Subiendo: ERP_TEST_05.7z
[2026-07-10 00:44:54] [INFO] Subiendo: ERP_TEST_06.zip
[2026-07-10 00:44:54] [INFO] Subiendo: ERP_TEST_07.zip
[2026-07-10 00:44:54] [INFO] Subiendo: ERP_TEST_08.zip
[2026-07-10 00:44:54] [INFO] Subiendo: ERP_TEST_09.bak
[2026-07-10 00:44:54] [INFO] Subiendo: ERP_TEST_10.7z
[2026-07-10 00:44:54] [INFO] Subiendo: ERP_TEST_11.zip
[2026-07-10 00:44:54] [INFO] Subiendo: ERP_TEST_13.zip
[2026-07-10 00:44:54] [INFO] Subiendo: ERP_TEST_14.zip
[2026-07-10 00:44:54] [INFO] Subiendo: ERP_TEST_15.zip
[2026-07-10 00:44:54] [INFO] Subiendo: ERP_TEST_16.zip
[2026-07-10 00:44:54] [INFO] Subiendo: ERP_TEST_17.zip
[2026-07-10 00:44:54] [INFO] Subiendo: ERP_TEST_18.zip
[2026-07-10 00:44:54] [INFO] Subiendo: ERP_TEST_19.zip
[2026-07-10 00:44:54] [INFO] Subiendo: ERP_TEST_20.zip
[2026-07-10 00:44:54] [INFO] Subiendo: ERP_TEST_21.zip
[2026-07-10 00:44:54] [SUCCESS] Proceso finalizado.
[2026-07-10 00:45:04] [INFO] Ejecutando trabajo: ERP SQL
[2026-07-10 00:45:04] [INFO] === Backup Center iniciado ===
[2026-07-10 00:45:04] [INFO] Subiendo: ERP_TEST.zip
[2026-07-10 00:45:04] [INFO] Subiendo: ERP_TEST_01.zip
[2026-07-10 00:45:04] [INFO] Subiendo: ERP_TEST_02.zip
[2026-07-10 00:45:04] [INFO] Subiendo: ERP_TEST_03.zip
[2026-07-10 00:45:04] [INFO] Subiendo: ERP_TEST_04.bak
[2026-07-10 00:45:04] [INFO] Subiendo: ERP_TEST_05.7z
[2026-07-10 00:45:04] [INFO] Subiendo: ERP_TEST_06.zip
[2026-07-10 00:45:04] [INFO] Subiendo: ERP_TEST_07.zip
[2026-07-10 00:45:04] [INFO] Subiendo: ERP_TEST_08.zip
[2026-07-10 00:45:04] [INFO] Subiendo: ERP_TEST_09.bak
[2026-07-10 00:45:04] [INFO] Subiendo: ERP_TEST_10.7z
[2026-07-10 00:45:04] [INFO] Subiendo: ERP_TEST_11.zip
[2026-07-10 00:45:04] [INFO] Subiendo: ERP_TEST_13.zip
[2026-07-10 00:45:04] [INFO] Subiendo: ERP_TEST_14.zip
[2026-07-10 00:45:04] [INFO] Subiendo: ERP_TEST_15.zip
[2026-07-10 00:45:04] [INFO] Subiendo: ERP_TEST_16.zip
[2026-07-10 00:45:04] [INFO] Subiendo: ERP_TEST_17.zip
[2026-07-10 00:45:04] [INFO] Subiendo: ERP_TEST_18.zip
[2026-07-10 00:45:04] [INFO] Subiendo: ERP_TEST_19.zip
[2026-07-10 00:45:04] [INFO] Subiendo: ERP_TEST_20.zip
[2026-07-10 00:45:04] [INFO] Subiendo: ERP_TEST_21.zip
[2026-07-10 00:45:04] [SUCCESS] Proceso finalizado.
[2026-07-10 00:45:14] [INFO] Ejecutando trabajo: ERP SQL
[2026-07-10 00:45:14] [INFO] === Backup Center iniciado ===
[2026-07-10 00:45:14] [INFO] Subiendo: ERP_TEST.zip
[2026-07-10 00:45:14] [INFO] Subiendo: ERP_TEST_01.zip
[2026-07-10 00:45:14] [INFO] Subiendo: ERP_TEST_02.zip
[2026-07-10 00:45:14] [INFO] Subiendo: ERP_TEST_03.zip
[2026-07-10 00:45:14] [INFO] Subiendo: ERP_TEST_04.bak
[2026-07-10 00:45:14] [INFO] Subiendo: ERP_TEST_05.7z
[2026-07-10 00:45:14] [INFO] Subiendo: ERP_TEST_06.zip
[2026-07-10 00:45:14] [INFO] Subiendo: ERP_TEST_07.zip
[2026-07-10 00:45:14] [INFO] Subiendo: ERP_TEST_08.zip
[2026-07-10 00:45:14] [INFO] Subiendo: ERP_TEST_09.bak
[2026-07-10 00:45:14] [INFO] Subiendo: ERP_TEST_10.7z
[2026-07-10 00:45:14] [INFO] Subiendo: ERP_TEST_11.zip
[2026-07-10 00:45:14] [INFO] Subiendo: ERP_TEST_13.zip
[2026-07-10 00:45:14] [INFO] Subiendo: ERP_TEST_14.zip
[2026-07-10 00:45:14] [INFO] Subiendo: ERP_TEST_15.zip
[2026-07-10 00:45:14] [INFO] Subiendo: ERP_TEST_16.zip
[2026-07-10 00:45:14] [INFO] Subiendo: ERP_TEST_17.zip
[2026-07-10 00:45:14] [INFO] Subiendo: ERP_TEST_18.zip
[2026-07-10 00:45:14] [INFO] Subiendo: ERP_TEST_19.zip
[2026-07-10 00:45:14] [INFO] Subiendo: ERP_TEST_20.zip
[2026-07-10 00:45:14] [INFO] Subiendo: ERP_TEST_21.zip
[2026-07-10 00:45:14] [SUCCESS] Proceso finalizado.
[2026-07-10 00:45:24] [INFO] Ejecutando trabajo: ERP SQL
[2026-07-10 00:45:24] [INFO] === Backup Center iniciado ===
[2026-07-10 00:45:24] [INFO] Subiendo: ERP_TEST.zip
[2026-07-10 00:45:24] [INFO] Subiendo: ERP_TEST_01.zip
[2026-07-10 00:45:24] [INFO] Subiendo: ERP_TEST_02.zip
[2026-07-10 00:45:24] [INFO] Subiendo: ERP_TEST_03.zip
[2026-07-10 00:45:24] [INFO] Subiendo: ERP_TEST_04.bak
[2026-07-10 00:45:24] [INFO] Subiendo: ERP_TEST_05.7z
[2026-07-10 00:45:24] [INFO] Subiendo: ERP_TEST_06.zip
[2026-07-10 00:45:24] [INFO] Subiendo: ERP_TEST_07.zip
[2026-07-10 00:45:24] [INFO] Subiendo: ERP_TEST_08.zip
[2026-07-10 00:45:24] [INFO] Subiendo: ERP_TEST_09.bak
[2026-07-10 00:45:24] [INFO] Subiendo: ERP_TEST_10.7z
[2026-07-10 00:45:24] [INFO] Subiendo: ERP_TEST_11.zip
[2026-07-10 00:45:24] [INFO] Subiendo: ERP_TEST_13.zip
[2026-07-10 00:45:24] [INFO] Subiendo: ERP_TEST_14.zip
[2026-07-10 00:45:24] [INFO] Subiendo: ERP_TEST_15.zip
[2026-07-10 00:45:24] [INFO] Subiendo: ERP_TEST_16.zip
[2026-07-10 00:45:24] [INFO] Subiendo: ERP_TEST_17.zip
[2026-07-10 00:45:24] [INFO] Subiendo: ERP_TEST_18.zip
[2026-07-10 00:45:24] [INFO] Subiendo: ERP_TEST_19.zip
[2026-07-10 00:45:24] [INFO] Subiendo: ERP_TEST_20.zip
[2026-07-10 00:45:24] [INFO] Subiendo: ERP_TEST_21.zip
[2026-07-10 00:45:24] [SUCCESS] Proceso finalizado.
[2026-07-10 00:45:34] [INFO] Ejecutando trabajo: ERP SQL
[2026-07-10 00:45:34] [INFO] === Backup Center iniciado ===
[2026-07-10 00:45:34] [INFO] Subiendo: ERP_TEST.zip
[2026-07-10 00:45:34] [INFO] Subiendo: ERP_TEST_01.zip
[2026-07-10 00:45:34] [INFO] Subiendo: ERP_TEST_02.zip
[2026-07-10 00:45:34] [INFO] Subiendo: ERP_TEST_03.zip
[2026-07-10 00:45:34] [INFO] Subiendo: ERP_TEST_04.bak
[2026-07-10 00:45:34] [INFO] Subiendo: ERP_TEST_05.7z
[2026-07-10 00:45:34] [INFO] Subiendo: ERP_TEST_06.zip
[2026-07-10 00:45:34] [INFO] Subiendo: ERP_TEST_07.zip
[2026-07-10 00:45:34] [INFO] Subiendo: ERP_TEST_08.zip
[2026-07-10 00:45:34] [INFO] Subiendo: ERP_TEST_09.bak
[2026-07-10 00:45:34] [INFO] Subiendo: ERP_TEST_10.7z
[2026-07-10 00:45:34] [INFO] Subiendo: ERP_TEST_11.zip
[2026-07-10 00:45:34] [INFO] Subiendo: ERP_TEST_13.zip
[2026-07-10 00:45:34] [INFO] Subiendo: ERP_TEST_14.zip
[2026-07-10 00:45:34] [INFO] Subiendo: ERP_TEST_15.zip
[2026-07-10 00:45:34] [INFO] Subiendo: ERP_TEST_16.zip
[2026-07-10 00:45:34] [INFO] Subiendo: ERP_TEST_17.zip
[2026-07-10 00:45:34] [INFO] Subiendo: ERP_TEST_18.zip
[2026-07-10 00:45:34] [INFO] Subiendo: ERP_TEST_19.zip
[2026-07-10 00:45:34] [INFO] Subiendo: ERP_TEST_20.zip
[2026-07-10 00:45:34] [INFO] Subiendo: ERP_TEST_21.zip
[2026-07-10 00:45:34] [SUCCESS] Proceso finalizado.
[2026-07-10 00:45:44] [INFO] Ejecutando trabajo: ERP SQL
[2026-07-10 00:45:44] [INFO] === Backup Center iniciado ===
[2026-07-10 00:45:44] [INFO] Subiendo: ERP_TEST.zip
[2026-07-10 00:45:44] [INFO] Subiendo: ERP_TEST_01.zip
[2026-07-10 00:45:44] [INFO] Subiendo: ERP_TEST_02.zip
[2026-07-10 00:45:44] [INFO] Subiendo: ERP_TEST_03.zip
[2026-07-10 00:45:44] [INFO] Subiendo: ERP_TEST_04.bak
[2026-07-10 00:45:44] [INFO] Subiendo: ERP_TEST_05.7z
[2026-07-10 00:45:44] [INFO] Subiendo: ERP_TEST_06.zip
[2026-07-10 00:45:44] [INFO] Subiendo: ERP_TEST_07.zip
[2026-07-10 00:45:44] [INFO] Subiendo: ERP_TEST_08.zip
[2026-07-10 00:45:44] [INFO] Subiendo: ERP_TEST_09.bak
[2026-07-10 00:45:44] [INFO] Subiendo: ERP_TEST_10.7z
[2026-07-10 00:45:44] [INFO] Subiendo: ERP_TEST_11.zip
[2026-07-10 00:45:44] [INFO] Subiendo: ERP_TEST_13.zip
[2026-07-10 00:45:44] [INFO] Subiendo: ERP_TEST_14.zip
[2026-07-10 00:45:44] [INFO] Subiendo: ERP_TEST_15.zip
[2026-07-10 00:45:44] [INFO] Subiendo: ERP_TEST_16.zip
[2026-07-10 00:45:44] [INFO] Subiendo: ERP_TEST_17.zip
[2026-07-10 00:45:44] [INFO] Subiendo: ERP_TEST_18.zip
[2026-07-10 00:45:44] [INFO] Subiendo: ERP_TEST_19.zip
[2026-07-10 00:45:44] [INFO] Subiendo: ERP_TEST_20.zip
[2026-07-10 00:45:44] [INFO] Subiendo: ERP_TEST_21.zip
[2026-07-10 00:45:44] [SUCCESS] Proceso finalizado.
[2026-07-10 00:45:54] [INFO] Ejecutando trabajo: ERP SQL
[2026-07-10 00:45:54] [INFO] === Backup Center iniciado ===
[2026-07-10 00:45:54] [INFO] Subiendo: ERP_TEST.zip
[2026-07-10 00:45:54] [INFO] Subiendo: ERP_TEST_01.zip
[2026-07-10 00:45:54] [INFO] Subiendo: ERP_TEST_02.zip
[2026-07-10 00:45:54] [INFO] Subiendo: ERP_TEST_03.zip
[2026-07-10 00:45:54] [INFO] Subiendo: ERP_TEST_04.bak
[2026-07-10 00:45:54] [INFO] Subiendo: ERP_TEST_05.7z
[2026-07-10 00:45:54] [INFO] Subiendo: ERP_TEST_06.zip
[2026-07-10 00:45:54] [INFO] Subiendo: ERP_TEST_07.zip
[2026-07-10 00:45:54] [INFO] Subiendo: ERP_TEST_08.zip
[2026-07-10 00:45:54] [INFO] Subiendo: ERP_TEST_09.bak
[2026-07-10 00:45:54] [INFO] Subiendo: ERP_TEST_10.7z
[2026-07-10 00:45:54] [INFO] Subiendo: ERP_TEST_11.zip
[2026-07-10 00:45:54] [INFO] Subiendo: ERP_TEST_13.zip
[2026-07-10 00:45:54] [INFO] Subiendo: ERP_TEST_14.zip
[2026-07-10 00:45:54] [INFO] Subiendo: ERP_TEST_15.zip
[2026-07-10 00:45:54] [INFO] Subiendo: ERP_TEST_16.zip
[2026-07-10 00:45:54] [INFO] Subiendo: ERP_TEST_17.zip
[2026-07-10 00:45:54] [INFO] Subiendo: ERP_TEST_18.zip
[2026-07-10 00:45:54] [INFO] Subiendo: ERP_TEST_19.zip
[2026-07-10 00:45:54] [INFO] Subiendo: ERP_TEST_20.zip
[2026-07-10 00:45:54] [INFO] Subiendo: ERP_TEST_21.zip
[2026-07-10 00:45:54] [SUCCESS] Proceso finalizado.
[2026-07-10 00:46:04] [INFO] Ejecutando trabajo: ERP SQL
[2026-07-10 00:46:04] [INFO] === Backup Center iniciado ===
[2026-07-10 00:46:04] [INFO] Subiendo: ERP_TEST.zip
[2026-07-10 00:46:04] [INFO] Subiendo: ERP_TEST_01.zip
[2026-07-10 00:46:04] [INFO] Subiendo: ERP_TEST_02.zip
[2026-07-10 00:46:04] [INFO] Subiendo: ERP_TEST_03.zip
[2026-07-10 00:46:04] [INFO] Subiendo: ERP_TEST_04.bak
[2026-07-10 00:46:04] [INFO] Subiendo: ERP_TEST_05.7z
[2026-07-10 00:46:04] [INFO] Subiendo: ERP_TEST_06.zip
[2026-07-10 00:46:04] [INFO] Subiendo: ERP_TEST_07.zip
[2026-07-10 00:46:04] [INFO] Subiendo: ERP_TEST_08.zip
[2026-07-10 00:46:04] [INFO] Subiendo: ERP_TEST_09.bak
[2026-07-10 00:46:04] [INFO] Subiendo: ERP_TEST_10.7z
[2026-07-10 00:46:04] [INFO] Subiendo: ERP_TEST_11.zip
[2026-07-10 00:46:04] [INFO] Subiendo: ERP_TEST_13.zip
[2026-07-10 00:46:04] [INFO] Subiendo: ERP_TEST_14.zip
[2026-07-10 00:46:04] [INFO] Subiendo: ERP_TEST_15.zip
[2026-07-10 00:46:04] [INFO] Subiendo: ERP_TEST_16.zip
[2026-07-10 00:46:04] [INFO] Subiendo: ERP_TEST_17.zip
[2026-07-10 00:46:04] [INFO] Subiendo: ERP_TEST_18.zip
[2026-07-10 00:46:04] [INFO] Subiendo: ERP_TEST_19.zip
[2026-07-10 00:46:04] [INFO] Subiendo: ERP_TEST_20.zip
[2026-07-10 00:46:04] [INFO] Subiendo: ERP_TEST_21.zip
[2026-07-10 00:46:04] [SUCCESS] Proceso finalizado.
[2026-07-10 00:46:14] [INFO] Ejecutando trabajo: ERP SQL
[2026-07-10 00:46:14] [INFO] === Backup Center iniciado ===
[2026-07-10 00:46:14] [INFO] Subiendo: ERP_TEST.zip
[2026-07-10 00:46:14] [INFO] Subiendo: ERP_TEST_01.zip
[2026-07-10 00:46:14] [INFO] Subiendo: ERP_TEST_02.zip
[2026-07-10 00:46:14] [INFO] Subiendo: ERP_TEST_03.zip
[2026-07-10 00:46:14] [INFO] Subiendo: ERP_TEST_04.bak
[2026-07-10 00:46:14] [INFO] Subiendo: ERP_TEST_05.7z
[2026-07-10 00:46:14] [INFO] Subiendo: ERP_TEST_06.zip
[2026-07-10 00:46:14] [INFO] Subiendo: ERP_TEST_07.zip
[2026-07-10 00:46:14] [INFO] Subiendo: ERP_TEST_08.zip
[2026-07-10 00:46:14] [INFO] Subiendo: ERP_TEST_09.bak
[2026-07-10 00:46:14] [INFO] Subiendo: ERP_TEST_10.7z
[2026-07-10 00:46:14] [INFO] Subiendo: ERP_TEST_11.zip
[2026-07-10 00:46:14] [INFO] Subiendo: ERP_TEST_13.zip
[2026-07-10 00:46:14] [INFO] Subiendo: ERP_TEST_14.zip
[2026-07-10 00:46:14] [INFO] Subiendo: ERP_TEST_15.zip
[2026-07-10 00:46:14] [INFO] Subiendo: ERP_TEST_16.zip
[2026-07-10 00:46:14] [INFO] Subiendo: ERP_TEST_17.zip
[2026-07-10 00:46:14] [INFO] Subiendo: ERP_TEST_18.zip
[2026-07-10 00:46:14] [INFO] Subiendo: ERP_TEST_19.zip
[2026-07-10 00:46:14] [INFO] Subiendo: ERP_TEST_20.zip
[2026-07-10 00:46:14] [INFO] Subiendo: ERP_TEST_21.zip
[2026-07-10 00:46:14] [SUCCESS] Proceso finalizado.
[2026-07-10 00:46:24] [INFO] Ejecutando trabajo: ERP SQL
[2026-07-10 00:46:24] [INFO] === Backup Center iniciado ===
[2026-07-10 00:46:24] [INFO] Subiendo: ERP_TEST.zip
[2026-07-10 00:46:24] [INFO] Subiendo: ERP_TEST_01.zip
[2026-07-10 00:46:24] [INFO] Subiendo: ERP_TEST_02.zip
[2026-07-10 00:46:24] [INFO] Subiendo: ERP_TEST_03.zip
[2026-07-10 00:46:24] [INFO] Subiendo: ERP_TEST_04.bak
[2026-07-10 00:46:24] [INFO] Subiendo: ERP_TEST_05.7z
[2026-07-10 00:46:24] [INFO] Subiendo: ERP_TEST_06.zip
[2026-07-10 00:46:24] [INFO] Subiendo: ERP_TEST_07.zip
[2026-07-10 00:46:24] [INFO] Subiendo: ERP_TEST_08.zip
[2026-07-10 00:46:24] [INFO] Subiendo: ERP_TEST_09.bak
[2026-07-10 00:46:24] [INFO] Subiendo: ERP_TEST_10.7z
[2026-07-10 00:46:24] [INFO] Subiendo: ERP_TEST_11.zip
[2026-07-10 00:46:24] [INFO] Subiendo: ERP_TEST_13.zip
[2026-07-10 00:46:24] [INFO] Subiendo: ERP_TEST_14.zip
[2026-07-10 00:46:24] [INFO] Subiendo: ERP_TEST_15.zip
[2026-07-10 00:46:24] [INFO] Subiendo: ERP_TEST_16.zip
[2026-07-10 00:46:24] [INFO] Subiendo: ERP_TEST_17.zip
[2026-07-10 00:46:24] [INFO] Subiendo: ERP_TEST_18.zip
[2026-07-10 00:46:24] [INFO] Subiendo: ERP_TEST_19.zip
[2026-07-10 00:46:24] [INFO] Subiendo: ERP_TEST_20.zip
[2026-07-10 00:46:24] [INFO] Subiendo: ERP_TEST_21.zip
[2026-07-10 00:46:24] [SUCCESS] Proceso finalizado.
[2026-07-10 00:46:34] [INFO] Ejecutando trabajo: ERP SQL
[2026-07-10 00:46:34] [INFO] === Backup Center iniciado ===
[2026-07-10 00:46:34] [INFO] Subiendo: ERP_TEST.zip
[2026-07-10 00:46:34] [INFO] Subiendo: ERP_TEST_01.zip
[2026-07-10 00:46:34] [INFO] Subiendo: ERP_TEST_02.zip
[2026-07-10 00:46:34] [INFO] Subiendo: ERP_TEST_03.zip
[2026-07-10 00:46:34] [INFO] Subiendo: ERP_TEST_04.bak
[2026-07-10 00:46:34] [INFO] Subiendo: ERP_TEST_05.7z
[2026-07-10 00:46:34] [INFO] Subiendo: ERP_TEST_06.zip
[2026-07-10 00:46:34] [INFO] Subiendo: ERP_TEST_07.zip
[2026-07-10 00:46:34] [INFO] Subiendo: ERP_TEST_08.zip
[2026-07-10 00:46:34] [INFO] Subiendo: ERP_TEST_09.bak
[2026-07-10 00:46:34] [INFO] Subiendo: ERP_TEST_10.7z
[2026-07-10 00:46:34] [INFO] Subiendo: ERP_TEST_11.zip
[2026-07-10 00:46:34] [INFO] Subiendo: ERP_TEST_13.zip
[2026-07-10 00:46:34] [INFO] Subiendo: ERP_TEST_14.zip
[2026-07-10 00:46:34] [INFO] Subiendo: ERP_TEST_15.zip
[2026-07-10 00:46:34] [INFO] Subiendo: ERP_TEST_16.zip
[2026-07-10 00:46:34] [INFO] Subiendo: ERP_TEST_17.zip
[2026-07-10 00:46:34] [INFO] Subiendo: ERP_TEST_18.zip
[2026-07-10 00:46:34] [INFO] Subiendo: ERP_TEST_19.zip
[2026-07-10 00:46:34] [INFO] Subiendo: ERP_TEST_20.zip
[2026-07-10 00:46:34] [INFO] Subiendo: ERP_TEST_21.zip
[2026-07-10 00:46:34] [SUCCESS] Proceso finalizado.
[2026-07-10 00:46:45] [INFO] Ejecutando trabajo: ERP SQL
[2026-07-10 00:46:45] [INFO] === Backup Center iniciado ===
[2026-07-10 00:46:45] [INFO] Subiendo: ERP_TEST.zip
[2026-07-10 00:46:45] [INFO] Subiendo: ERP_TEST_01.zip
[2026-07-10 00:46:45] [INFO] Subiendo: ERP_TEST_02.zip
[2026-07-10 00:46:45] [INFO] Subiendo: ERP_TEST_03.zip
[2026-07-10 00:46:45] [INFO] Subiendo: ERP_TEST_04.bak
[2026-07-10 00:46:45] [INFO] Subiendo: ERP_TEST_05.7z
[2026-07-10 00:46:45] [INFO] Subiendo: ERP_TEST_06.zip
[2026-07-10 00:46:45] [INFO] Subiendo: ERP_TEST_07.zip
[2026-07-10 00:46:45] [INFO] Subiendo: ERP_TEST_08.zip
[2026-07-10 00:46:45] [INFO] Subiendo: ERP_TEST_09.bak
[2026-07-10 00:46:45] [INFO] Subiendo: ERP_TEST_10.7z
[2026-07-10 00:46:45] [INFO] Subiendo: ERP_TEST_11.zip
[2026-07-10 00:46:45] [INFO] Subiendo: ERP_TEST_13.zip
[2026-07-10 00:46:45] [INFO] Subiendo: ERP_TEST_14.zip
[2026-07-10 00:46:45] [INFO] Subiendo: ERP_TEST_15.zip
[2026-07-10 00:46:45] [INFO] Subiendo: ERP_TEST_16.zip
[2026-07-10 00:46:45] [INFO] Subiendo: ERP_TEST_17.zip
[2026-07-10 00:46:45] [INFO] Subiendo: ERP_TEST_18.zip
[2026-07-10 00:46:45] [INFO] Subiendo: ERP_TEST_19.zip
[2026-07-10 00:46:45] [INFO] Subiendo: ERP_TEST_20.zip
[2026-07-10 00:46:45] [INFO] Subiendo: ERP_TEST_21.zip
[2026-07-10 00:46:45] [SUCCESS] Proceso finalizado.
[2026-07-10 00:46:55] [INFO] Ejecutando trabajo: ERP SQL
[2026-07-10 00:46:55] [INFO] === Backup Center iniciado ===
[2026-07-10 00:46:55] [INFO] Subiendo: ERP_TEST.zip
[2026-07-10 00:46:55] [INFO] Subiendo: ERP_TEST_01.zip
[2026-07-10 00:46:55] [INFO] Subiendo: ERP_TEST_02.zip
[2026-07-10 00:46:55] [INFO] Subiendo: ERP_TEST_03.zip
[2026-07-10 00:46:55] [INFO] Subiendo: ERP_TEST_04.bak
[2026-07-10 00:46:55] [INFO] Subiendo: ERP_TEST_05.7z
[2026-07-10 00:46:55] [INFO] Subiendo: ERP_TEST_06.zip
[2026-07-10 00:46:55] [INFO] Subiendo: ERP_TEST_07.zip
[2026-07-10 00:46:55] [INFO] Subiendo: ERP_TEST_08.zip
[2026-07-10 00:46:55] [INFO] Subiendo: ERP_TEST_09.bak
[2026-07-10 00:46:55] [INFO] Subiendo: ERP_TEST_10.7z
[2026-07-10 00:46:55] [INFO] Subiendo: ERP_TEST_11.zip
[2026-07-10 00:46:55] [INFO] Subiendo: ERP_TEST_13.zip
[2026-07-10 00:46:55] [INFO] Subiendo: ERP_TEST_14.zip
[2026-07-10 00:46:55] [INFO] Subiendo: ERP_TEST_15.zip
[2026-07-10 00:46:55] [INFO] Subiendo: ERP_TEST_16.zip
[2026-07-10 00:46:55] [INFO] Subiendo: ERP_TEST_17.zip
[2026-07-10 00:46:55] [INFO] Subiendo: ERP_TEST_18.zip
[2026-07-10 00:46:55] [INFO] Subiendo: ERP_TEST_19.zip
[2026-07-10 00:46:55] [INFO] Subiendo: ERP_TEST_20.zip
[2026-07-10 00:46:55] [INFO] Subiendo: ERP_TEST_21.zip
[2026-07-10 00:46:55] [SUCCESS] Proceso finalizado.
[2026-07-10 00:47:05] [INFO] Ejecutando trabajo: ERP SQL
[2026-07-10 00:47:05] [INFO] === Backup Center iniciado ===
[2026-07-10 00:47:05] [INFO] Subiendo: ERP_TEST.zip
[2026-07-10 00:47:05] [INFO] Subiendo: ERP_TEST_01.zip
[2026-07-10 00:47:05] [INFO] Subiendo: ERP_TEST_02.zip
[2026-07-10 00:47:05] [INFO] Subiendo: ERP_TEST_03.zip
[2026-07-10 00:47:05] [INFO] Subiendo: ERP_TEST_04.bak
[2026-07-10 00:47:05] [INFO] Subiendo: ERP_TEST_05.7z
[2026-07-10 00:47:05] [INFO] Subiendo: ERP_TEST_06.zip
[2026-07-10 00:47:05] [INFO] Subiendo: ERP_TEST_07.zip
[2026-07-10 00:47:05] [INFO] Subiendo: ERP_TEST_08.zip
[2026-07-10 00:47:05] [INFO] Subiendo: ERP_TEST_09.bak
[2026-07-10 00:47:05] [INFO] Subiendo: ERP_TEST_10.7z
[2026-07-10 00:47:05] [INFO] Subiendo: ERP_TEST_11.zip
[2026-07-10 00:47:05] [INFO] Subiendo: ERP_TEST_13.zip
[2026-07-10 00:47:05] [INFO] Subiendo: ERP_TEST_14.zip
[2026-07-10 00:47:05] [INFO] Subiendo: ERP_TEST_15.zip
[2026-07-10 00:47:05] [INFO] Subiendo: ERP_TEST_16.zip
[2026-07-10 00:47:05] [INFO] Subiendo: ERP_TEST_17.zip
[2026-07-10 00:47:05] [INFO] Subiendo: ERP_TEST_18.zip
[2026-07-10 00:47:05] [INFO] Subiendo: ERP_TEST_19.zip
[2026-07-10 00:47:05] [INFO] Subiendo: ERP_TEST_20.zip
[2026-07-10 00:47:05] [INFO] Subiendo: ERP_TEST_21.zip
[2026-07-10 00:47:05] [SUCCESS] Proceso finalizado.
[2026-07-10 00:47:15] [INFO] Ejecutando trabajo: ERP SQL
[2026-07-10 00:47:15] [INFO] === Backup Center iniciado ===
[2026-07-10 00:47:15] [INFO] Subiendo: ERP_TEST.zip
[2026-07-10 00:47:15] [INFO] Subiendo: ERP_TEST_01.zip
[2026-07-10 00:47:15] [INFO] Subiendo: ERP_TEST_02.zip
[2026-07-10 00:47:15] [INFO] Subiendo: ERP_TEST_03.zip
[2026-07-10 00:47:15] [INFO] Subiendo: ERP_TEST_04.bak
[2026-07-10 00:47:15] [INFO] Subiendo: ERP_TEST_05.7z
[2026-07-10 00:47:15] [INFO] Subiendo: ERP_TEST_06.zip
[2026-07-10 00:47:15] [INFO] Subiendo: ERP_TEST_07.zip
[2026-07-10 00:47:15] [INFO] Subiendo: ERP_TEST_08.zip
[2026-07-10 00:47:15] [INFO] Subiendo: ERP_TEST_09.bak
[2026-07-10 00:47:15] [INFO] Subiendo: ERP_TEST_10.7z
[2026-07-10 00:47:15] [INFO] Subiendo: ERP_TEST_11.zip
[2026-07-10 00:47:15] [INFO] Subiendo: ERP_TEST_13.zip
[2026-07-10 00:47:15] [INFO] Subiendo: ERP_TEST_14.zip
[2026-07-10 00:47:15] [INFO] Subiendo: ERP_TEST_15.zip
[2026-07-10 00:47:15] [INFO] Subiendo: ERP_TEST_16.zip
[2026-07-10 00:47:15] [INFO] Subiendo: ERP_TEST_17.zip
[2026-07-10 00:47:15] [INFO] Subiendo: ERP_TEST_18.zip
[2026-07-10 00:47:15] [INFO] Subiendo: ERP_TEST_19.zip
[2026-07-10 00:47:15] [INFO] Subiendo: ERP_TEST_20.zip
[2026-07-10 00:47:15] [INFO] Subiendo: ERP_TEST_21.zip
[2026-07-10 00:47:15] [SUCCESS] Proceso finalizado.
[2026-07-10 00:47:25] [INFO] Ejecutando trabajo: ERP SQL
[2026-07-10 00:47:25] [INFO] === Backup Center iniciado ===
[2026-07-10 00:47:25] [INFO] Subiendo: ERP_TEST.zip
[2026-07-10 00:47:25] [INFO] Subiendo: ERP_TEST_01.zip
[2026-07-10 00:47:25] [INFO] Subiendo: ERP_TEST_02.zip
[2026-07-10 00:47:25] [INFO] Subiendo: ERP_TEST_03.zip
[2026-07-10 00:47:25] [INFO] Subiendo: ERP_TEST_04.bak
[2026-07-10 00:47:25] [INFO] Subiendo: ERP_TEST_05.7z
[2026-07-10 00:47:25] [INFO] Subiendo: ERP_TEST_06.zip
[2026-07-10 00:47:25] [INFO] Subiendo: ERP_TEST_07.zip
[2026-07-10 00:47:25] [INFO] Subiendo: ERP_TEST_08.zip
[2026-07-10 00:47:25] [INFO] Subiendo: ERP_TEST_09.bak
[2026-07-10 00:47:25] [INFO] Subiendo: ERP_TEST_10.7z
[2026-07-10 00:47:25] [INFO] Subiendo: ERP_TEST_11.zip
[2026-07-10 00:47:25] [INFO] Subiendo: ERP_TEST_13.zip
[2026-07-10 00:47:25] [INFO] Subiendo: ERP_TEST_14.zip
[2026-07-10 00:47:25] [INFO] Subiendo: ERP_TEST_15.zip
[2026-07-10 00:47:25] [INFO] Subiendo: ERP_TEST_16.zip
[2026-07-10 00:47:25] [INFO] Subiendo: ERP_TEST_17.zip
[2026-07-10 00:47:25] [INFO] Subiendo: ERP_TEST_18.zip
[2026-07-10 00:47:25] [INFO] Subiendo: ERP_TEST_19.zip
[2026-07-10 00:47:25] [INFO] Subiendo: ERP_TEST_20.zip
[2026-07-10 00:47:25] [INFO] Subiendo: ERP_TEST_21.zip
[2026-07-10 00:47:25] [SUCCESS] Proceso finalizado.
[2026-07-10 00:47:35] [INFO] Ejecutando trabajo: ERP SQL
[2026-07-10 00:47:35] [INFO] === Backup Center iniciado ===
[2026-07-10 00:47:35] [INFO] Subiendo: ERP_TEST.zip
[2026-07-10 00:47:35] [INFO] Subiendo: ERP_TEST_01.zip
[2026-07-10 00:47:35] [INFO] Subiendo: ERP_TEST_02.zip
[2026-07-10 00:47:35] [INFO] Subiendo: ERP_TEST_03.zip
[2026-07-10 00:47:35] [INFO] Subiendo: ERP_TEST_04.bak
[2026-07-10 00:47:35] [INFO] Subiendo: ERP_TEST_05.7z
[2026-07-10 00:47:35] [INFO] Subiendo: ERP_TEST_06.zip
[2026-07-10 00:47:35] [INFO] Subiendo: ERP_TEST_07.zip
[2026-07-10 00:47:35] [INFO] Subiendo: ERP_TEST_08.zip
[2026-07-10 00:47:35] [INFO] Subiendo: ERP_TEST_09.bak
[2026-07-10 00:47:35] [INFO] Subiendo: ERP_TEST_10.7z
[2026-07-10 00:47:35] [INFO] Subiendo: ERP_TEST_11.zip
[2026-07-10 00:47:35] [INFO] Subiendo: ERP_TEST_13.zip
[2026-07-10 00:47:35] [INFO] Subiendo: ERP_TEST_14.zip
[2026-07-10 00:47:35] [INFO] Subiendo: ERP_TEST_15.zip
[2026-07-10 00:47:35] [INFO] Subiendo: ERP_TEST_16.zip
[2026-07-10 00:47:35] [INFO] Subiendo: ERP_TEST_17.zip
[2026-07-10 00:47:35] [INFO] Subiendo: ERP_TEST_18.zip
[2026-07-10 00:47:35] [INFO] Subiendo: ERP_TEST_19.zip
[2026-07-10 00:47:35] [INFO] Subiendo: ERP_TEST_20.zip
[2026-07-10 00:47:35] [INFO] Subiendo: ERP_TEST_21.zip
[2026-07-10 00:47:35] [SUCCESS] Proceso finalizado.
[2026-07-10 00:47:45] [INFO] Ejecutando trabajo: ERP SQL
[2026-07-10 00:47:45] [INFO] === Backup Center iniciado ===
[2026-07-10 00:47:45] [INFO] Subiendo: ERP_TEST.zip
[2026-07-10 00:47:45] [INFO] Subiendo: ERP_TEST_01.zip
[2026-07-10 00:47:45] [INFO] Subiendo: ERP_TEST_02.zip
[2026-07-10 00:47:45] [INFO] Subiendo: ERP_TEST_03.zip
[2026-07-10 00:47:45] [INFO] Subiendo: ERP_TEST_04.bak
[2026-07-10 00:47:45] [INFO] Subiendo: ERP_TEST_05.7z
[2026-07-10 00:47:45] [INFO] Subiendo: ERP_TEST_06.zip
[2026-07-10 00:47:45] [INFO] Subiendo: ERP_TEST_07.zip
[2026-07-10 00:47:45] [INFO] Subiendo: ERP_TEST_08.zip
[2026-07-10 00:47:45] [INFO] Subiendo: ERP_TEST_09.bak
[2026-07-10 00:47:45] [INFO] Subiendo: ERP_TEST_10.7z
[2026-07-10 00:47:45] [INFO] Subiendo: ERP_TEST_11.zip
[2026-07-10 00:47:45] [INFO] Subiendo: ERP_TEST_13.zip
[2026-07-10 00:47:45] [INFO] Subiendo: ERP_TEST_14.zip
[2026-07-10 00:47:45] [INFO] Subiendo: ERP_TEST_15.zip
[2026-07-10 00:47:45] [INFO] Subiendo: ERP_TEST_16.zip
[2026-07-10 00:47:45] [INFO] Subiendo: ERP_TEST_17.zip
[2026-07-10 00:47:45] [INFO] Subiendo: ERP_TEST_18.zip
[2026-07-10 00:47:45] [INFO] Subiendo: ERP_TEST_19.zip
[2026-07-10 00:47:45] [INFO] Subiendo: ERP_TEST_20.zip
[2026-07-10 00:47:45] [INFO] Subiendo: ERP_TEST_21.zip
[2026-07-10 00:47:45] [SUCCESS] Proceso finalizado.
[2026-07-10 00:47:55] [INFO] Ejecutando trabajo: ERP SQL
[2026-07-10 00:47:55] [INFO] === Backup Center iniciado ===
[2026-07-10 00:47:55] [INFO] Subiendo: ERP_TEST.zip
[2026-07-10 00:47:55] [INFO] Subiendo: ERP_TEST_01.zip
[2026-07-10 00:47:55] [INFO] Subiendo: ERP_TEST_02.zip
[2026-07-10 00:47:55] [INFO] Subiendo: ERP_TEST_03.zip
[2026-07-10 00:47:55] [INFO] Subiendo: ERP_TEST_04.bak
[2026-07-10 00:47:55] [INFO] Subiendo: ERP_TEST_05.7z
[2026-07-10 00:47:55] [INFO] Subiendo: ERP_TEST_06.zip
[2026-07-10 00:47:55] [INFO] Subiendo: ERP_TEST_07.zip
[2026-07-10 00:47:55] [INFO] Subiendo: ERP_TEST_08.zip
[2026-07-10 00:47:55] [INFO] Subiendo: ERP_TEST_09.bak
[2026-07-10 00:47:55] [INFO] Subiendo: ERP_TEST_10.7z
[2026-07-10 00:47:55] [INFO] Subiendo: ERP_TEST_11.zip
[2026-07-10 00:47:55] [INFO] Subiendo: ERP_TEST_13.zip
[2026-07-10 00:47:55] [INFO] Subiendo: ERP_TEST_14.zip
[2026-07-10 00:47:55] [INFO] Subiendo: ERP_TEST_15.zip
[2026-07-10 00:47:55] [INFO] Subiendo: ERP_TEST_16.zip
[2026-07-10 00:47:55] [INFO] Subiendo: ERP_TEST_17.zip
[2026-07-10 00:47:55] [INFO] Subiendo: ERP_TEST_18.zip
[2026-07-10 00:47:55] [INFO] Subiendo: ERP_TEST_19.zip
[2026-07-10 00:47:55] [INFO] Subiendo: ERP_TEST_20.zip
[2026-07-10 00:47:55] [INFO] Subiendo: ERP_TEST_21.zip
[2026-07-10 00:47:55] [SUCCESS] Proceso finalizado.
[2026-07-10 00:48:05] [INFO] Ejecutando trabajo: ERP SQL
[2026-07-10 00:48:05] [INFO] === Backup Center iniciado ===
[2026-07-10 00:48:05] [INFO] Subiendo: ERP_TEST.zip
[2026-07-10 00:48:05] [INFO] Subiendo: ERP_TEST_01.zip
[2026-07-10 00:48:05] [INFO] Subiendo: ERP_TEST_02.zip
[2026-07-10 00:48:05] [INFO] Subiendo: ERP_TEST_03.zip
[2026-07-10 00:48:05] [INFO] Subiendo: ERP_TEST_04.bak
[2026-07-10 00:48:05] [INFO] Subiendo: ERP_TEST_05.7z
[2026-07-10 00:48:05] [INFO] Subiendo: ERP_TEST_06.zip
[2026-07-10 00:48:05] [INFO] Subiendo: ERP_TEST_07.zip
[2026-07-10 00:48:05] [INFO] Subiendo: ERP_TEST_08.zip
[2026-07-10 00:48:05] [INFO] Subiendo: ERP_TEST_09.bak
[2026-07-10 00:48:05] [INFO] Subiendo: ERP_TEST_10.7z
[2026-07-10 00:48:05] [INFO] Subiendo: ERP_TEST_11.zip
[2026-07-10 00:48:05] [INFO] Subiendo: ERP_TEST_13.zip
[2026-07-10 00:48:05] [INFO] Subiendo: ERP_TEST_14.zip
[2026-07-10 00:48:05] [INFO] Subiendo: ERP_TEST_15.zip
[2026-07-10 00:48:05] [INFO] Subiendo: ERP_TEST_16.zip
[2026-07-10 00:48:05] [INFO] Subiendo: ERP_TEST_17.zip
[2026-07-10 00:48:05] [INFO] Subiendo: ERP_TEST_18.zip
[2026-07-10 00:48:05] [INFO] Subiendo: ERP_TEST_19.zip
[2026-07-10 00:48:05] [INFO] Subiendo: ERP_TEST_20.zip
[2026-07-10 00:48:05] [INFO] Subiendo: ERP_TEST_21.zip
[2026-07-10 00:48:05] [SUCCESS] Proceso finalizado.
[2026-07-10 00:48:15] [INFO] Ejecutando trabajo: ERP SQL
[2026-07-10 00:48:15] [INFO] === Backup Center iniciado ===
[2026-07-10 00:48:15] [INFO] Subiendo: ERP_TEST.zip
[2026-07-10 00:48:15] [INFO] Subiendo: ERP_TEST_01.zip
[2026-07-10 00:48:15] [INFO] Subiendo: ERP_TEST_02.zip
[2026-07-10 00:48:15] [INFO] Subiendo: ERP_TEST_03.zip
[2026-07-10 00:48:15] [INFO] Subiendo: ERP_TEST_04.bak
[2026-07-10 00:48:15] [INFO] Subiendo: ERP_TEST_05.7z
[2026-07-10 00:48:15] [INFO] Subiendo: ERP_TEST_06.zip
[2026-07-10 00:48:15] [INFO] Subiendo: ERP_TEST_07.zip
[2026-07-10 00:48:15] [INFO] Subiendo: ERP_TEST_08.zip
[2026-07-10 00:48:15] [INFO] Subiendo: ERP_TEST_09.bak
[2026-07-10 00:48:15] [INFO] Subiendo: ERP_TEST_10.7z
[2026-07-10 00:48:15] [INFO] Subiendo: ERP_TEST_11.zip
[2026-07-10 00:48:15] [INFO] Subiendo: ERP_TEST_13.zip
[2026-07-10 00:48:15] [INFO] Subiendo: ERP_TEST_14.zip
[2026-07-10 00:48:15] [INFO] Subiendo: ERP_TEST_15.zip
[2026-07-10 00:48:15] [INFO] Subiendo: ERP_TEST_16.zip
[2026-07-10 00:48:15] [INFO] Subiendo: ERP_TEST_17.zip
[2026-07-10 00:48:15] [INFO] Subiendo: ERP_TEST_18.zip
[2026-07-10 00:48:15] [INFO] Subiendo: ERP_TEST_19.zip
[2026-07-10 00:48:15] [INFO] Subiendo: ERP_TEST_20.zip
[2026-07-10 00:48:15] [INFO] Subiendo: ERP_TEST_21.zip
[2026-07-10 00:48:15] [SUCCESS] Proceso finalizado.
[2026-07-10 00:48:25] [INFO] Ejecutando trabajo: ERP SQL
[2026-07-10 00:48:25] [INFO] === Backup Center iniciado ===
[2026-07-10 00:48:25] [INFO] Subiendo: ERP_TEST.zip
[2026-07-10 00:48:25] [INFO] Subiendo: ERP_TEST_01.zip
[2026-07-10 00:48:25] [INFO] Subiendo: ERP_TEST_02.zip
[2026-07-10 00:48:25] [INFO] Subiendo: ERP_TEST_03.zip
[2026-07-10 00:48:25] [INFO] Subiendo: ERP_TEST_04.bak
[2026-07-10 00:48:25] [INFO] Subiendo: ERP_TEST_05.7z
[2026-07-10 00:48:25] [INFO] Subiendo: ERP_TEST_06.zip
[2026-07-10 00:48:25] [INFO] Subiendo: ERP_TEST_07.zip
[2026-07-10 00:48:25] [INFO] Subiendo: ERP_TEST_08.zip
[2026-07-10 00:48:25] [INFO] Subiendo: ERP_TEST_09.bak
[2026-07-10 00:48:25] [INFO] Subiendo: ERP_TEST_10.7z
[2026-07-10 00:48:25] [INFO] Subiendo: ERP_TEST_11.zip
[2026-07-10 00:48:25] [INFO] Subiendo: ERP_TEST_13.zip
[2026-07-10 00:48:25] [INFO] Subiendo: ERP_TEST_14.zip
[2026-07-10 00:48:25] [INFO] Subiendo: ERP_TEST_15.zip
[2026-07-10 00:48:25] [INFO] Subiendo: ERP_TEST_16.zip
[2026-07-10 00:48:25] [INFO] Subiendo: ERP_TEST_17.zip
[2026-07-10 00:48:25] [INFO] Subiendo: ERP_TEST_18.zip
[2026-07-10 00:48:25] [INFO] Subiendo: ERP_TEST_19.zip
[2026-07-10 00:48:25] [INFO] Subiendo: ERP_TEST_20.zip
[2026-07-10 00:48:25] [INFO] Subiendo: ERP_TEST_21.zip
[2026-07-10 00:48:25] [SUCCESS] Proceso finalizado.
[2026-07-10 00:48:36] [INFO] Ejecutando trabajo: ERP SQL
[2026-07-10 00:48:36] [INFO] === Backup Center iniciado ===
[2026-07-10 00:48:36] [INFO] Subiendo: ERP_TEST.zip
[2026-07-10 00:48:36] [INFO] Subiendo: ERP_TEST_01.zip
[2026-07-10 00:48:36] [INFO] Subiendo: ERP_TEST_02.zip
[2026-07-10 00:48:36] [INFO] Subiendo: ERP_TEST_03.zip
[2026-07-10 00:48:36] [INFO] Subiendo: ERP_TEST_04.bak
[2026-07-10 00:48:36] [INFO] Subiendo: ERP_TEST_05.7z
[2026-07-10 00:48:36] [INFO] Subiendo: ERP_TEST_06.zip
[2026-07-10 00:48:36] [INFO] Subiendo: ERP_TEST_07.zip
[2026-07-10 00:48:36] [INFO] Subiendo: ERP_TEST_08.zip
[2026-07-10 00:48:36] [INFO] Subiendo: ERP_TEST_09.bak
[2026-07-10 00:48:36] [INFO] Subiendo: ERP_TEST_10.7z
[2026-07-10 00:48:36] [INFO] Subiendo: ERP_TEST_11.zip
[2026-07-10 00:48:36] [INFO] Subiendo: ERP_TEST_13.zip
[2026-07-10 00:48:36] [INFO] Subiendo: ERP_TEST_14.zip
[2026-07-10 00:48:36] [INFO] Subiendo: ERP_TEST_15.zip
[2026-07-10 00:48:36] [INFO] Subiendo: ERP_TEST_16.zip
[2026-07-10 00:48:36] [INFO] Subiendo: ERP_TEST_17.zip
[2026-07-10 00:48:36] [INFO] Subiendo: ERP_TEST_18.zip
[2026-07-10 00:48:36] [INFO] Subiendo: ERP_TEST_19.zip
[2026-07-10 00:48:36] [INFO] Subiendo: ERP_TEST_20.zip
[2026-07-10 00:48:36] [INFO] Subiendo: ERP_TEST_21.zip
[2026-07-10 00:48:36] [SUCCESS] Proceso finalizado.
[2026-07-10 00:48:46] [INFO] Ejecutando trabajo: ERP SQL
[2026-07-10 00:48:46] [INFO] === Backup Center iniciado ===
[2026-07-10 00:48:46] [INFO] Subiendo: ERP_TEST.zip
[2026-07-10 00:48:46] [INFO] Subiendo: ERP_TEST_01.zip
[2026-07-10 00:48:46] [INFO] Subiendo: ERP_TEST_02.zip
[2026-07-10 00:48:46] [INFO] Subiendo: ERP_TEST_03.zip
[2026-07-10 00:48:46] [INFO] Subiendo: ERP_TEST_04.bak
[2026-07-10 00:48:46] [INFO] Subiendo: ERP_TEST_05.7z
[2026-07-10 00:48:46] [INFO] Subiendo: ERP_TEST_06.zip
[2026-07-10 00:48:46] [INFO] Subiendo: ERP_TEST_07.zip
[2026-07-10 00:48:46] [INFO] Subiendo: ERP_TEST_08.zip
[2026-07-10 00:48:46] [INFO] Subiendo: ERP_TEST_09.bak
[2026-07-10 00:48:46] [INFO] Subiendo: ERP_TEST_10.7z
[2026-07-10 00:48:46] [INFO] Subiendo: ERP_TEST_11.zip
[2026-07-10 00:48:46] [INFO] Subiendo: ERP_TEST_13.zip
[2026-07-10 00:48:46] [INFO] Subiendo: ERP_TEST_14.zip
[2026-07-10 00:48:46] [INFO] Subiendo: ERP_TEST_15.zip
[2026-07-10 00:48:46] [INFO] Subiendo: ERP_TEST_16.zip
[2026-07-10 00:48:46] [INFO] Subiendo: ERP_TEST_17.zip
[2026-07-10 00:48:46] [INFO] Subiendo: ERP_TEST_18.zip
[2026-07-10 00:48:46] [INFO] Subiendo: ERP_TEST_19.zip
[2026-07-10 00:48:46] [INFO] Subiendo: ERP_TEST_20.zip
[2026-07-10 00:48:46] [INFO] Subiendo: ERP_TEST_21.zip
[2026-07-10 00:48:46] [SUCCESS] Proceso finalizado.
[2026-07-10 00:48:56] [INFO] Ejecutando trabajo: ERP SQL
[2026-07-10 00:48:56] [INFO] === Backup Center iniciado ===
[2026-07-10 00:48:56] [INFO] Subiendo: ERP_TEST.zip
[2026-07-10 00:48:56] [INFO] Subiendo: ERP_TEST_01.zip
[2026-07-10 00:48:56] [INFO] Subiendo: ERP_TEST_02.zip
[2026-07-10 00:48:56] [INFO] Subiendo: ERP_TEST_03.zip
[2026-07-10 00:48:56] [INFO] Subiendo: ERP_TEST_04.bak
[2026-07-10 00:48:56] [INFO] Subiendo: ERP_TEST_05.7z
[2026-07-10 00:48:56] [INFO] Subiendo: ERP_TEST_06.zip
[2026-07-10 00:48:56] [INFO] Subiendo: ERP_TEST_07.zip
[2026-07-10 00:48:56] [INFO] Subiendo: ERP_TEST_08.zip
[2026-07-10 00:48:56] [INFO] Subiendo: ERP_TEST_09.bak
[2026-07-10 00:48:56] [INFO] Subiendo: ERP_TEST_10.7z
[2026-07-10 00:48:56] [INFO] Subiendo: ERP_TEST_11.zip
[2026-07-10 00:48:56] [INFO] Subiendo: ERP_TEST_13.zip
[2026-07-10 00:48:56] [INFO] Subiendo: ERP_TEST_14.zip
[2026-07-10 00:48:56] [INFO] Subiendo: ERP_TEST_15.zip
[2026-07-10 00:48:56] [INFO] Subiendo: ERP_TEST_16.zip
[2026-07-10 00:48:56] [INFO] Subiendo: ERP_TEST_17.zip
[2026-07-10 00:48:56] [INFO] Subiendo: ERP_TEST_18.zip
[2026-07-10 00:48:56] [INFO] Subiendo: ERP_TEST_19.zip
[2026-07-10 00:48:56] [INFO] Subiendo: ERP_TEST_20.zip
[2026-07-10 00:48:56] [INFO] Subiendo: ERP_TEST_21.zip
[2026-07-10 00:48:56] [SUCCESS] Proceso finalizado.
[2026-07-10 00:49:06] [INFO] Ejecutando trabajo: ERP SQL
[2026-07-10 00:49:06] [INFO] === Backup Center iniciado ===
[2026-07-10 00:49:06] [INFO] Subiendo: ERP_TEST.zip
[2026-07-10 00:49:06] [INFO] Subiendo: ERP_TEST_01.zip
[2026-07-10 00:49:06] [INFO] Subiendo: ERP_TEST_02.zip
[2026-07-10 00:49:06] [INFO] Subiendo: ERP_TEST_03.zip
[2026-07-10 00:49:06] [INFO] Subiendo: ERP_TEST_04.bak
[2026-07-10 00:49:06] [INFO] Subiendo: ERP_TEST_05.7z
[2026-07-10 00:49:06] [INFO] Subiendo: ERP_TEST_06.zip
[2026-07-10 00:49:06] [INFO] Subiendo: ERP_TEST_07.zip
[2026-07-10 00:49:06] [INFO] Subiendo: ERP_TEST_08.zip
[2026-07-10 00:49:06] [INFO] Subiendo: ERP_TEST_09.bak
[2026-07-10 00:49:06] [INFO] Subiendo: ERP_TEST_10.7z
[2026-07-10 00:49:06] [INFO] Subiendo: ERP_TEST_11.zip
[2026-07-10 00:49:06] [INFO] Subiendo: ERP_TEST_13.zip
[2026-07-10 00:49:06] [INFO] Subiendo: ERP_TEST_14.zip
[2026-07-10 00:49:06] [INFO] Subiendo: ERP_TEST_15.zip
[2026-07-10 00:49:06] [INFO] Subiendo: ERP_TEST_16.zip
[2026-07-10 00:49:06] [INFO] Subiendo: ERP_TEST_17.zip
[2026-07-10 00:49:06] [INFO] Subiendo: ERP_TEST_18.zip
[2026-07-10 00:49:06] [INFO] Subiendo: ERP_TEST_19.zip
[2026-07-10 00:49:06] [INFO] Subiendo: ERP_TEST_20.zip
[2026-07-10 00:49:06] [INFO] Subiendo: ERP_TEST_21.zip
[2026-07-10 00:49:06] [SUCCESS] Proceso finalizado.
[2026-07-10 00:49:16] [INFO] Ejecutando trabajo: ERP SQL
[2026-07-10 00:49:16] [INFO] === Backup Center iniciado ===
[2026-07-10 00:49:16] [INFO] Subiendo: ERP_TEST.zip
[2026-07-10 00:49:16] [INFO] Subiendo: ERP_TEST_01.zip
[2026-07-10 00:49:16] [INFO] Subiendo: ERP_TEST_02.zip
[2026-07-10 00:49:16] [INFO] Subiendo: ERP_TEST_03.zip
[2026-07-10 00:49:16] [INFO] Subiendo: ERP_TEST_04.bak
[2026-07-10 00:49:16] [INFO] Subiendo: ERP_TEST_05.7z
[2026-07-10 00:49:16] [INFO] Subiendo: ERP_TEST_06.zip
[2026-07-10 00:49:16] [INFO] Subiendo: ERP_TEST_07.zip
[2026-07-10 00:49:16] [INFO] Subiendo: ERP_TEST_08.zip
[2026-07-10 00:49:16] [INFO] Subiendo: ERP_TEST_09.bak
[2026-07-10 00:49:16] [INFO] Subiendo: ERP_TEST_10.7z
[2026-07-10 00:49:16] [INFO] Subiendo: ERP_TEST_11.zip
[2026-07-10 00:49:16] [INFO] Subiendo: ERP_TEST_13.zip
[2026-07-10 00:49:16] [INFO] Subiendo: ERP_TEST_14.zip
[2026-07-10 00:49:16] [INFO] Subiendo: ERP_TEST_15.zip
[2026-07-10 00:49:16] [INFO] Subiendo: ERP_TEST_16.zip
[2026-07-10 00:49:16] [INFO] Subiendo: ERP_TEST_17.zip
[2026-07-10 00:49:16] [INFO] Subiendo: ERP_TEST_18.zip
[2026-07-10 00:49:16] [INFO] Subiendo: ERP_TEST_19.zip
[2026-07-10 00:49:16] [INFO] Subiendo: ERP_TEST_20.zip
[2026-07-10 00:49:16] [INFO] Subiendo: ERP_TEST_21.zip
[2026-07-10 00:49:16] [SUCCESS] Proceso finalizado.
[2026-07-10 00:49:26] [INFO] Ejecutando trabajo: ERP SQL
[2026-07-10 00:49:26] [INFO] === Backup Center iniciado ===
[2026-07-10 00:49:26] [INFO] Subiendo: ERP_TEST.zip
[2026-07-10 00:49:26] [INFO] Subiendo: ERP_TEST_01.zip
[2026-07-10 00:49:26] [INFO] Subiendo: ERP_TEST_02.zip
[2026-07-10 00:49:26] [INFO] Subiendo: ERP_TEST_03.zip
[2026-07-10 00:49:26] [INFO] Subiendo: ERP_TEST_04.bak
[2026-07-10 00:49:26] [INFO] Subiendo: ERP_TEST_05.7z
[2026-07-10 00:49:26] [INFO] Subiendo: ERP_TEST_06.zip
[2026-07-10 00:49:26] [INFO] Subiendo: ERP_TEST_07.zip
[2026-07-10 00:49:26] [INFO] Subiendo: ERP_TEST_08.zip
[2026-07-10 00:49:26] [INFO] Subiendo: ERP_TEST_09.bak
[2026-07-10 00:49:26] [INFO] Subiendo: ERP_TEST_10.7z
[2026-07-10 00:49:26] [INFO] Subiendo: ERP_TEST_11.zip
[2026-07-10 00:49:26] [INFO] Subiendo: ERP_TEST_13.zip
[2026-07-10 00:49:26] [INFO] Subiendo: ERP_TEST_14.zip
[2026-07-10 00:49:26] [INFO] Subiendo: ERP_TEST_15.zip
[2026-07-10 00:49:26] [INFO] Subiendo: ERP_TEST_16.zip
[2026-07-10 00:49:26] [INFO] Subiendo: ERP_TEST_17.zip
[2026-07-10 00:49:26] [INFO] Subiendo: ERP_TEST_18.zip
[2026-07-10 00:49:26] [INFO] Subiendo: ERP_TEST_19.zip
[2026-07-10 00:49:26] [INFO] Subiendo: ERP_TEST_20.zip
[2026-07-10 00:49:26] [INFO] Subiendo: ERP_TEST_21.zip
[2026-07-10 00:49:26] [SUCCESS] Proceso finalizado.
[2026-07-10 00:49:36] [INFO] Ejecutando trabajo: ERP SQL
[2026-07-10 00:49:36] [INFO] === Backup Center iniciado ===
[2026-07-10 00:49:36] [INFO] Subiendo: ERP_TEST.zip
[2026-07-10 00:49:36] [INFO] Subiendo: ERP_TEST_01.zip
[2026-07-10 00:49:36] [INFO] Subiendo: ERP_TEST_02.zip
[2026-07-10 00:49:36] [INFO] Subiendo: ERP_TEST_03.zip
[2026-07-10 00:49:36] [INFO] Subiendo: ERP_TEST_04.bak
[2026-07-10 00:49:36] [INFO] Subiendo: ERP_TEST_05.7z
[2026-07-10 00:49:36] [INFO] Subiendo: ERP_TEST_06.zip
[2026-07-10 00:49:36] [INFO] Subiendo: ERP_TEST_07.zip
[2026-07-10 00:49:36] [INFO] Subiendo: ERP_TEST_08.zip
[2026-07-10 00:49:36] [INFO] Subiendo: ERP_TEST_09.bak
[2026-07-10 00:49:36] [INFO] Subiendo: ERP_TEST_10.7z
[2026-07-10 00:49:36] [INFO] Subiendo: ERP_TEST_11.zip
[2026-07-10 00:49:36] [INFO] Subiendo: ERP_TEST_13.zip
[2026-07-10 00:49:36] [INFO] Subiendo: ERP_TEST_14.zip
[2026-07-10 00:49:36] [INFO] Subiendo: ERP_TEST_15.zip
[2026-07-10 00:49:36] [INFO] Subiendo: ERP_TEST_16.zip
[2026-07-10 00:49:36] [INFO] Subiendo: ERP_TEST_17.zip
[2026-07-10 00:49:36] [INFO] Subiendo: ERP_TEST_18.zip
[2026-07-10 00:49:36] [INFO] Subiendo: ERP_TEST_19.zip
[2026-07-10 00:49:36] [INFO] Subiendo: ERP_TEST_20.zip
[2026-07-10 00:49:36] [INFO] Subiendo: ERP_TEST_21.zip
[2026-07-10 00:49:36] [SUCCESS] Proceso finalizado.
[2026-07-10 00:49:44] [INFO] Ejecutando trabajo: ERP SQL
[2026-07-10 00:49:44] [INFO] === Backup Center iniciado ===
[2026-07-10 00:49:44] [INFO] Subiendo: ERP_TEST.zip
[2026-07-10 00:49:44] [INFO] Subiendo: ERP_TEST_01.zip
[2026-07-10 00:49:44] [INFO] Subiendo: ERP_TEST_02.zip
[2026-07-10 00:49:44] [INFO] Subiendo: ERP_TEST_03.zip
[2026-07-10 00:49:44] [INFO] Subiendo: ERP_TEST_04.bak
[2026-07-10 00:49:44] [INFO] Subiendo: ERP_TEST_05.7z
[2026-07-10 00:49:44] [INFO] Subiendo: ERP_TEST_06.zip
[2026-07-10 00:49:44] [INFO] Subiendo: ERP_TEST_07.zip
[2026-07-10 00:49:44] [INFO] Subiendo: ERP_TEST_08.zip
[2026-07-10 00:49:44] [INFO] Subiendo: ERP_TEST_09.bak
[2026-07-10 00:49:44] [INFO] Subiendo: ERP_TEST_10.7z
[2026-07-10 00:49:44] [INFO] Subiendo: ERP_TEST_11.zip
[2026-07-10 00:49:44] [INFO] Subiendo: ERP_TEST_13.zip
[2026-07-10 00:49:44] [INFO] Subiendo: ERP_TEST_14.zip
[2026-07-10 00:49:44] [INFO] Subiendo: ERP_TEST_15.zip
[2026-07-10 00:49:44] [INFO] Subiendo: ERP_TEST_16.zip
[2026-07-10 00:49:44] [INFO] Subiendo: ERP_TEST_17.zip
[2026-07-10 00:49:44] [INFO] Subiendo: ERP_TEST_18.zip
[2026-07-10 00:49:44] [INFO] Subiendo: ERP_TEST_19.zip
[2026-07-10 00:49:44] [INFO] Subiendo: ERP_TEST_20.zip
[2026-07-10 00:49:44] [INFO] Subiendo: ERP_TEST_21.zip
[2026-07-10 00:49:44] [SUCCESS] Proceso finalizado.
[2026-07-10 00:49:54] [INFO] Ejecutando trabajo: ERP SQL
[2026-07-10 00:49:54] [INFO] === Backup Center iniciado ===
[2026-07-10 00:49:54] [INFO] Subiendo: ERP_TEST.zip
[2026-07-10 00:49:54] [INFO] Subiendo: ERP_TEST_01.zip
[2026-07-10 00:49:54] [INFO] Subiendo: ERP_TEST_02.zip
[2026-07-10 00:49:54] [INFO] Subiendo: ERP_TEST_03.zip
[2026-07-10 00:49:54] [INFO] Subiendo: ERP_TEST_04.bak
[2026-07-10 00:49:54] [INFO] Subiendo: ERP_TEST_05.7z
[2026-07-10 00:49:54] [INFO] Subiendo: ERP_TEST_06.zip
[2026-07-10 00:49:54] [INFO] Subiendo: ERP_TEST_07.zip
[2026-07-10 00:49:54] [INFO] Subiendo: ERP_TEST_08.zip
[2026-07-10 00:49:54] [INFO] Subiendo: ERP_TEST_09.bak
[2026-07-10 00:49:54] [INFO] Subiendo: ERP_TEST_10.7z
[2026-07-10 00:49:54] [INFO] Subiendo: ERP_TEST_11.zip
[2026-07-10 00:49:54] [INFO] Subiendo: ERP_TEST_13.zip
[2026-07-10 00:49:54] [INFO] Subiendo: ERP_TEST_14.zip
[2026-07-10 00:49:54] [INFO] Subiendo: ERP_TEST_15.zip
[2026-07-10 00:49:54] [INFO] Subiendo: ERP_TEST_16.zip
[2026-07-10 00:49:54] [INFO] Subiendo: ERP_TEST_17.zip
[2026-07-10 00:49:54] [INFO] Subiendo: ERP_TEST_18.zip
[2026-07-10 00:49:54] [INFO] Subiendo: ERP_TEST_19.zip
[2026-07-10 00:49:54] [INFO] Subiendo: ERP_TEST_20.zip
[2026-07-10 00:49:54] [INFO] Subiendo: ERP_TEST_21.zip
[2026-07-10 00:49:54] [SUCCESS] Proceso finalizado.
[2026-07-10 00:50:05] [INFO] Ejecutando trabajo: ERP SQL
[2026-07-10 00:50:05] [INFO] === Backup Center iniciado ===
[2026-07-10 00:50:05] [INFO] Subiendo: ERP_TEST.zip
[2026-07-10 00:50:05] [INFO] Subiendo: ERP_TEST_01.zip
[2026-07-10 00:50:05] [INFO] Subiendo: ERP_TEST_02.zip
[2026-07-10 00:50:05] [INFO] Subiendo: ERP_TEST_03.zip
[2026-07-10 00:50:05] [INFO] Subiendo: ERP_TEST_04.bak
[2026-07-10 00:50:05] [INFO] Subiendo: ERP_TEST_05.7z
[2026-07-10 00:50:05] [INFO] Subiendo: ERP_TEST_06.zip
[2026-07-10 00:50:05] [INFO] Subiendo: ERP_TEST_07.zip
[2026-07-10 00:50:05] [INFO] Subiendo: ERP_TEST_08.zip
[2026-07-10 00:50:05] [INFO] Subiendo: ERP_TEST_09.bak
[2026-07-10 00:50:05] [INFO] Subiendo: ERP_TEST_10.7z
[2026-07-10 00:50:05] [INFO] Subiendo: ERP_TEST_11.zip
[2026-07-10 00:50:05] [INFO] Subiendo: ERP_TEST_13.zip
[2026-07-10 00:50:05] [INFO] Subiendo: ERP_TEST_14.zip
[2026-07-10 00:50:05] [INFO] Subiendo: ERP_TEST_15.zip
[2026-07-10 00:50:05] [INFO] Subiendo: ERP_TEST_16.zip
[2026-07-10 00:50:05] [INFO] Subiendo: ERP_TEST_17.zip
[2026-07-10 00:50:05] [INFO] Subiendo: ERP_TEST_18.zip
[2026-07-10 00:50:05] [INFO] Subiendo: ERP_TEST_19.zip
[2026-07-10 00:50:05] [INFO] Subiendo: ERP_TEST_20.zip
[2026-07-10 00:50:05] [INFO] Subiendo: ERP_TEST_21.zip
[2026-07-10 00:50:05] [SUCCESS] Proceso finalizado.
[2026-07-10 00:50:15] [INFO] Ejecutando trabajo: ERP SQL
[2026-07-10 00:50:15] [INFO] === Backup Center iniciado ===
[2026-07-10 00:50:15] [INFO] Subiendo: ERP_TEST.zip
[2026-07-10 00:50:15] [INFO] Subiendo: ERP_TEST_01.zip
[2026-07-10 00:50:15] [INFO] Subiendo: ERP_TEST_02.zip
[2026-07-10 00:50:15] [INFO] Subiendo: ERP_TEST_03.zip
[2026-07-10 00:50:15] [INFO] Subiendo: ERP_TEST_04.bak
[2026-07-10 00:50:15] [INFO] Subiendo: ERP_TEST_05.7z
[2026-07-10 00:50:15] [INFO] Subiendo: ERP_TEST_06.zip
[2026-07-10 00:50:15] [INFO] Subiendo: ERP_TEST_07.zip
[2026-07-10 00:50:15] [INFO] Subiendo: ERP_TEST_08.zip
[2026-07-10 00:50:15] [INFO] Subiendo: ERP_TEST_09.bak
[2026-07-10 00:50:15] [INFO] Subiendo: ERP_TEST_10.7z
[2026-07-10 00:50:15] [INFO] Subiendo: ERP_TEST_11.zip
[2026-07-10 00:50:15] [INFO] Subiendo: ERP_TEST_13.zip
[2026-07-10 00:50:15] [INFO] Subiendo: ERP_TEST_14.zip
[2026-07-10 00:50:15] [INFO] Subiendo: ERP_TEST_15.zip
[2026-07-10 00:50:15] [INFO] Subiendo: ERP_TEST_16.zip
[2026-07-10 00:50:15] [INFO] Subiendo: ERP_TEST_17.zip
[2026-07-10 00:50:15] [INFO] Subiendo: ERP_TEST_18.zip
[2026-07-10 00:50:15] [INFO] Subiendo: ERP_TEST_19.zip
[2026-07-10 00:50:15] [INFO] Subiendo: ERP_TEST_20.zip
[2026-07-10 00:50:15] [INFO] Subiendo: ERP_TEST_21.zip
[2026-07-10 00:50:15] [SUCCESS] Proceso finalizado.
[2026-07-10 00:50:25] [INFO] Ejecutando trabajo: ERP SQL
[2026-07-10 00:50:25] [INFO] === Backup Center iniciado ===
[2026-07-10 00:50:25] [INFO] Subiendo: ERP_TEST.zip
[2026-07-10 00:50:25] [INFO] Subiendo: ERP_TEST_01.zip
[2026-07-10 00:50:25] [INFO] Subiendo: ERP_TEST_02.zip
[2026-07-10 00:50:25] [INFO] Subiendo: ERP_TEST_03.zip
[2026-07-10 00:50:25] [INFO] Subiendo: ERP_TEST_04.bak
[2026-07-10 00:50:25] [INFO] Subiendo: ERP_TEST_05.7z
[2026-07-10 00:50:25] [INFO] Subiendo: ERP_TEST_06.zip
[2026-07-10 00:50:25] [INFO] Subiendo: ERP_TEST_07.zip
[2026-07-10 00:50:25] [INFO] Subiendo: ERP_TEST_08.zip
[2026-07-10 00:50:25] [INFO] Subiendo: ERP_TEST_09.bak
[2026-07-10 00:50:25] [INFO] Subiendo: ERP_TEST_10.7z
[2026-07-10 00:50:25] [INFO] Subiendo: ERP_TEST_11.zip
[2026-07-10 00:50:25] [INFO] Subiendo: ERP_TEST_13.zip
[2026-07-10 00:50:25] [INFO] Subiendo: ERP_TEST_14.zip
[2026-07-10 00:50:25] [INFO] Subiendo: ERP_TEST_15.zip
[2026-07-10 00:50:25] [INFO] Subiendo: ERP_TEST_16.zip
[2026-07-10 00:50:25] [INFO] Subiendo: ERP_TEST_17.zip
[2026-07-10 00:50:25] [INFO] Subiendo: ERP_TEST_18.zip
[2026-07-10 00:50:25] [INFO] Subiendo: ERP_TEST_19.zip
[2026-07-10 00:50:25] [INFO] Subiendo: ERP_TEST_20.zip
[2026-07-10 00:50:25] [INFO] Subiendo: ERP_TEST_21.zip
[2026-07-10 00:50:25] [SUCCESS] Proceso finalizado.
[2026-07-10 00:50:35] [INFO] Ejecutando trabajo: ERP SQL
[2026-07-10 00:50:35] [INFO] === Backup Center iniciado ===
[2026-07-10 00:50:35] [INFO] Subiendo: ERP_TEST.zip
[2026-07-10 00:50:35] [INFO] Subiendo: ERP_TEST_01.zip
[2026-07-10 00:50:35] [INFO] Subiendo: ERP_TEST_02.zip
[2026-07-10 00:50:35] [INFO] Subiendo: ERP_TEST_03.zip
[2026-07-10 00:50:35] [INFO] Subiendo: ERP_TEST_04.bak
[2026-07-10 00:50:35] [INFO] Subiendo: ERP_TEST_05.7z
[2026-07-10 00:50:35] [INFO] Subiendo: ERP_TEST_06.zip
[2026-07-10 00:50:35] [INFO] Subiendo: ERP_TEST_07.zip
[2026-07-10 00:50:35] [INFO] Subiendo: ERP_TEST_08.zip
[2026-07-10 00:50:35] [INFO] Subiendo: ERP_TEST_09.bak
[2026-07-10 00:50:35] [INFO] Subiendo: ERP_TEST_10.7z
[2026-07-10 00:50:35] [INFO] Subiendo: ERP_TEST_11.zip
[2026-07-10 00:50:35] [INFO] Subiendo: ERP_TEST_13.zip
[2026-07-10 00:50:35] [INFO] Subiendo: ERP_TEST_14.zip
[2026-07-10 00:50:35] [INFO] Subiendo: ERP_TEST_15.zip
[2026-07-10 00:50:35] [INFO] Subiendo: ERP_TEST_16.zip
[2026-07-10 00:50:35] [INFO] Subiendo: ERP_TEST_17.zip
[2026-07-10 00:50:35] [INFO] Subiendo: ERP_TEST_18.zip
[2026-07-10 00:50:35] [INFO] Subiendo: ERP_TEST_19.zip
[2026-07-10 00:50:35] [INFO] Subiendo: ERP_TEST_20.zip
[2026-07-10 00:50:35] [INFO] Subiendo: ERP_TEST_21.zip
[2026-07-10 00:50:35] [SUCCESS] Proceso finalizado.
[2026-07-10 00:50:45] [INFO] Ejecutando trabajo: ERP SQL
[2026-07-10 00:50:45] [INFO] === Backup Center iniciado ===
[2026-07-10 00:50:45] [INFO] Subiendo: ERP_TEST.zip
[2026-07-10 00:50:45] [INFO] Subiendo: ERP_TEST_01.zip
[2026-07-10 00:50:45] [INFO] Subiendo: ERP_TEST_02.zip
[2026-07-10 00:50:45] [INFO] Subiendo: ERP_TEST_03.zip
[2026-07-10 00:50:45] [INFO] Subiendo: ERP_TEST_04.bak
[2026-07-10 00:50:45] [INFO] Subiendo: ERP_TEST_05.7z
[2026-07-10 00:50:45] [INFO] Subiendo: ERP_TEST_06.zip
[2026-07-10 00:50:45] [INFO] Subiendo: ERP_TEST_07.zip
[2026-07-10 00:50:45] [INFO] Subiendo: ERP_TEST_08.zip
[2026-07-10 00:50:45] [INFO] Subiendo: ERP_TEST_09.bak
[2026-07-10 00:50:45] [INFO] Subiendo: ERP_TEST_10.7z
[2026-07-10 00:50:45] [INFO] Subiendo: ERP_TEST_11.zip
[2026-07-10 00:50:45] [INFO] Subiendo: ERP_TEST_13.zip
[2026-07-10 00:50:45] [INFO] Subiendo: ERP_TEST_14.zip
[2026-07-10 00:50:45] [INFO] Subiendo: ERP_TEST_15.zip
[2026-07-10 00:50:45] [INFO] Subiendo: ERP_TEST_16.zip
[2026-07-10 00:50:45] [INFO] Subiendo: ERP_TEST_17.zip
[2026-07-10 00:50:45] [INFO] Subiendo: ERP_TEST_18.zip
[2026-07-10 00:50:45] [INFO] Subiendo: ERP_TEST_19.zip
[2026-07-10 00:50:45] [INFO] Subiendo: ERP_TEST_20.zip
[2026-07-10 00:50:45] [INFO] Subiendo: ERP_TEST_21.zip
[2026-07-10 00:50:45] [SUCCESS] Proceso finalizado.
[2026-07-10 00:50:55] [INFO] Ejecutando trabajo: ERP SQL
[2026-07-10 00:50:55] [INFO] === Backup Center iniciado ===
[2026-07-10 00:50:55] [INFO] Subiendo: ERP_TEST.zip
[2026-07-10 00:50:55] [INFO] Subiendo: ERP_TEST_01.zip
[2026-07-10 00:50:55] [INFO] Subiendo: ERP_TEST_02.zip
[2026-07-10 00:50:55] [INFO] Subiendo: ERP_TEST_03.zip
[2026-07-10 00:50:55] [INFO] Subiendo: ERP_TEST_04.bak
[2026-07-10 00:50:55] [INFO] Subiendo: ERP_TEST_05.7z
[2026-07-10 00:50:55] [INFO] Subiendo: ERP_TEST_06.zip
[2026-07-10 00:50:55] [INFO] Subiendo: ERP_TEST_07.zip
[2026-07-10 00:50:55] [INFO] Subiendo: ERP_TEST_08.zip
[2026-07-10 00:50:55] [INFO] Subiendo: ERP_TEST_09.bak
[2026-07-10 00:50:55] [INFO] Subiendo: ERP_TEST_10.7z
[2026-07-10 00:50:55] [INFO] Subiendo: ERP_TEST_11.zip
[2026-07-10 00:50:55] [INFO] Subiendo: ERP_TEST_13.zip
[2026-07-10 00:50:55] [INFO] Subiendo: ERP_TEST_14.zip
[2026-07-10 00:50:55] [INFO] Subiendo: ERP_TEST_15.zip
[2026-07-10 00:50:55] [INFO] Subiendo: ERP_TEST_16.zip
[2026-07-10 00:50:55] [INFO] Subiendo: ERP_TEST_17.zip
[2026-07-10 00:50:55] [INFO] Subiendo: ERP_TEST_18.zip
[2026-07-10 00:50:55] [INFO] Subiendo: ERP_TEST_19.zip
[2026-07-10 00:50:55] [INFO] Subiendo: ERP_TEST_20.zip
[2026-07-10 00:50:55] [INFO] Subiendo: ERP_TEST_21.zip
[2026-07-10 00:50:55] [SUCCESS] Proceso finalizado.
[2026-07-10 00:51:05] [INFO] Ejecutando trabajo: ERP SQL
[2026-07-10 00:51:05] [INFO] === Backup Center iniciado ===
[2026-07-10 00:51:05] [INFO] Subiendo: ERP_TEST.zip
[2026-07-10 00:51:05] [INFO] Subiendo: ERP_TEST_01.zip
[2026-07-10 00:51:05] [INFO] Subiendo: ERP_TEST_02.zip
[2026-07-10 00:51:05] [INFO] Subiendo: ERP_TEST_03.zip
[2026-07-10 00:51:05] [INFO] Subiendo: ERP_TEST_04.bak
[2026-07-10 00:51:05] [INFO] Subiendo: ERP_TEST_05.7z
[2026-07-10 00:51:05] [INFO] Subiendo: ERP_TEST_06.zip
[2026-07-10 00:51:05] [INFO] Subiendo: ERP_TEST_07.zip
[2026-07-10 00:51:05] [INFO] Subiendo: ERP_TEST_08.zip
[2026-07-10 00:51:05] [INFO] Subiendo: ERP_TEST_09.bak
[2026-07-10 00:51:05] [INFO] Subiendo: ERP_TEST_10.7z
[2026-07-10 00:51:05] [INFO] Subiendo: ERP_TEST_11.zip
[2026-07-10 00:51:05] [INFO] Subiendo: ERP_TEST_13.zip
[2026-07-10 00:51:05] [INFO] Subiendo: ERP_TEST_14.zip
[2026-07-10 00:51:05] [INFO] Subiendo: ERP_TEST_15.zip
[2026-07-10 00:51:05] [INFO] Subiendo: ERP_TEST_16.zip
[2026-07-10 00:51:05] [INFO] Subiendo: ERP_TEST_17.zip
[2026-07-10 00:51:05] [INFO] Subiendo: ERP_TEST_18.zip
[2026-07-10 00:51:05] [INFO] Subiendo: ERP_TEST_19.zip
[2026-07-10 00:51:05] [INFO] Subiendo: ERP_TEST_20.zip
[2026-07-10 00:51:05] [INFO] Subiendo: ERP_TEST_21.zip
[2026-07-10 00:51:05] [SUCCESS] Proceso finalizado.
[2026-07-10 00:51:15] [INFO] Ejecutando trabajo: ERP SQL
[2026-07-10 00:51:15] [INFO] === Backup Center iniciado ===
[2026-07-10 00:51:15] [INFO] Subiendo: ERP_TEST.zip
[2026-07-10 00:51:15] [INFO] Subiendo: ERP_TEST_01.zip
[2026-07-10 00:51:15] [INFO] Subiendo: ERP_TEST_02.zip
[2026-07-10 00:51:15] [INFO] Subiendo: ERP_TEST_03.zip
[2026-07-10 00:51:15] [INFO] Subiendo: ERP_TEST_04.bak
[2026-07-10 00:51:15] [INFO] Subiendo: ERP_TEST_05.7z
[2026-07-10 00:51:15] [INFO] Subiendo: ERP_TEST_06.zip
[2026-07-10 00:51:15] [INFO] Subiendo: ERP_TEST_07.zip
[2026-07-10 00:51:15] [INFO] Subiendo: ERP_TEST_08.zip
[2026-07-10 00:51:15] [INFO] Subiendo: ERP_TEST_09.bak
[2026-07-10 00:51:15] [INFO] Subiendo: ERP_TEST_10.7z
[2026-07-10 00:51:15] [INFO] Subiendo: ERP_TEST_11.zip
[2026-07-10 00:51:15] [INFO] Subiendo: ERP_TEST_13.zip
[2026-07-10 00:51:15] [INFO] Subiendo: ERP_TEST_14.zip
[2026-07-10 00:51:15] [INFO] Subiendo: ERP_TEST_15.zip
[2026-07-10 00:51:15] [INFO] Subiendo: ERP_TEST_16.zip
[2026-07-10 00:51:15] [INFO] Subiendo: ERP_TEST_17.zip
[2026-07-10 00:51:15] [INFO] Subiendo: ERP_TEST_18.zip
[2026-07-10 00:51:15] [INFO] Subiendo: ERP_TEST_19.zip
[2026-07-10 00:51:15] [INFO] Subiendo: ERP_TEST_20.zip
[2026-07-10 00:51:15] [INFO] Subiendo: ERP_TEST_21.zip
[2026-07-10 00:51:15] [SUCCESS] Proceso finalizado.
[2026-07-10 00:51:26] [INFO] Ejecutando trabajo: ERP SQL
[2026-07-10 00:51:26] [INFO] === Backup Center iniciado ===
[2026-07-10 00:51:26] [INFO] Subiendo: ERP_TEST.zip
[2026-07-10 00:51:26] [INFO] Subiendo: ERP_TEST_01.zip
[2026-07-10 00:51:26] [INFO] Subiendo: ERP_TEST_02.zip
[2026-07-10 00:51:26] [INFO] Subiendo: ERP_TEST_03.zip
[2026-07-10 00:51:26] [INFO] Subiendo: ERP_TEST_04.bak
[2026-07-10 00:51:26] [INFO] Subiendo: ERP_TEST_05.7z
[2026-07-10 00:51:26] [INFO] Subiendo: ERP_TEST_06.zip
[2026-07-10 00:51:26] [INFO] Subiendo: ERP_TEST_07.zip
[2026-07-10 00:51:26] [INFO] Subiendo: ERP_TEST_08.zip
[2026-07-10 00:51:26] [INFO] Subiendo: ERP_TEST_09.bak
[2026-07-10 00:51:26] [INFO] Subiendo: ERP_TEST_10.7z
[2026-07-10 00:51:26] [INFO] Subiendo: ERP_TEST_11.zip
[2026-07-10 00:51:26] [INFO] Subiendo: ERP_TEST_13.zip
[2026-07-10 00:51:26] [INFO] Subiendo: ERP_TEST_14.zip
[2026-07-10 00:51:26] [INFO] Subiendo: ERP_TEST_15.zip
[2026-07-10 00:51:26] [INFO] Subiendo: ERP_TEST_16.zip
[2026-07-10 00:51:26] [INFO] Subiendo: ERP_TEST_17.zip
[2026-07-10 00:51:26] [INFO] Subiendo: ERP_TEST_18.zip
[2026-07-10 00:51:26] [INFO] Subiendo: ERP_TEST_19.zip
[2026-07-10 00:51:26] [INFO] Subiendo: ERP_TEST_20.zip
[2026-07-10 00:51:26] [INFO] Subiendo: ERP_TEST_21.zip
[2026-07-10 00:51:26] [SUCCESS] Proceso finalizado.
[2026-07-10 00:51:36] [INFO] Ejecutando trabajo: ERP SQL
[2026-07-10 00:51:36] [INFO] === Backup Center iniciado ===
[2026-07-10 00:51:36] [INFO] Subiendo: ERP_TEST.zip
[2026-07-10 00:51:36] [INFO] Subiendo: ERP_TEST_01.zip
[2026-07-10 00:51:36] [INFO] Subiendo: ERP_TEST_02.zip
[2026-07-10 00:51:36] [INFO] Subiendo: ERP_TEST_03.zip
[2026-07-10 00:51:36] [INFO] Subiendo: ERP_TEST_04.bak
[2026-07-10 00:51:36] [INFO] Subiendo: ERP_TEST_05.7z
[2026-07-10 00:51:36] [INFO] Subiendo: ERP_TEST_06.zip
[2026-07-10 00:51:36] [INFO] Subiendo: ERP_TEST_07.zip
[2026-07-10 00:51:36] [INFO] Subiendo: ERP_TEST_08.zip
[2026-07-10 00:51:36] [INFO] Subiendo: ERP_TEST_09.bak
[2026-07-10 00:51:36] [INFO] Subiendo: ERP_TEST_10.7z
[2026-07-10 00:51:36] [INFO] Subiendo: ERP_TEST_11.zip
[2026-07-10 00:51:36] [INFO] Subiendo: ERP_TEST_13.zip
[2026-07-10 00:51:36] [INFO] Subiendo: ERP_TEST_14.zip
[2026-07-10 00:51:36] [INFO] Subiendo: ERP_TEST_15.zip
[2026-07-10 00:51:36] [INFO] Subiendo: ERP_TEST_16.zip
[2026-07-10 00:51:36] [INFO] Subiendo: ERP_TEST_17.zip
[2026-07-10 00:51:36] [INFO] Subiendo: ERP_TEST_18.zip
[2026-07-10 00:51:36] [INFO] Subiendo: ERP_TEST_19.zip
[2026-07-10 00:51:36] [INFO] Subiendo: ERP_TEST_20.zip
[2026-07-10 00:51:36] [INFO] Subiendo: ERP_TEST_21.zip
[2026-07-10 00:51:36] [SUCCESS] Proceso finalizado.
[2026-07-10 00:51:46] [INFO] Ejecutando trabajo: ERP SQL
[2026-07-10 00:51:46] [INFO] === Backup Center iniciado ===
[2026-07-10 00:51:46] [INFO] Subiendo: ERP_TEST.zip
[2026-07-10 00:51:46] [INFO] Subiendo: ERP_TEST_01.zip
[2026-07-10 00:51:46] [INFO] Subiendo: ERP_TEST_02.zip
[2026-07-10 00:51:46] [INFO] Subiendo: ERP_TEST_03.zip
[2026-07-10 00:51:46] [INFO] Subiendo: ERP_TEST_04.bak
[2026-07-10 00:51:46] [INFO] Subiendo: ERP_TEST_05.7z
[2026-07-10 00:51:46] [INFO] Subiendo: ERP_TEST_06.zip
[2026-07-10 00:51:46] [INFO] Subiendo: ERP_TEST_07.zip
[2026-07-10 00:51:46] [INFO] Subiendo: ERP_TEST_08.zip
[2026-07-10 00:51:46] [INFO] Subiendo: ERP_TEST_09.bak
[2026-07-10 00:51:46] [INFO] Subiendo: ERP_TEST_10.7z
[2026-07-10 00:51:46] [INFO] Subiendo: ERP_TEST_11.zip
[2026-07-10 00:51:46] [INFO] Subiendo: ERP_TEST_13.zip
[2026-07-10 00:51:46] [INFO] Subiendo: ERP_TEST_14.zip
[2026-07-10 00:51:46] [INFO] Subiendo: ERP_TEST_15.zip
[2026-07-10 00:51:46] [INFO] Subiendo: ERP_TEST_16.zip
[2026-07-10 00:51:46] [INFO] Subiendo: ERP_TEST_17.zip
[2026-07-10 00:51:46] [INFO] Subiendo: ERP_TEST_18.zip
[2026-07-10 00:51:46] [INFO] Subiendo: ERP_TEST_19.zip
[2026-07-10 00:51:46] [INFO] Subiendo: ERP_TEST_20.zip
[2026-07-10 00:51:46] [INFO] Subiendo: ERP_TEST_21.zip
[2026-07-10 00:51:46] [SUCCESS] Proceso finalizado.
[2026-07-10 00:51:56] [INFO] Ejecutando trabajo: ERP SQL
[2026-07-10 00:51:56] [INFO] === Backup Center iniciado ===
[2026-07-10 00:51:56] [INFO] Subiendo: ERP_TEST.zip
[2026-07-10 00:51:56] [INFO] Subiendo: ERP_TEST_01.zip
[2026-07-10 00:51:56] [INFO] Subiendo: ERP_TEST_02.zip
[2026-07-10 00:51:56] [INFO] Subiendo: ERP_TEST_03.zip
[2026-07-10 00:51:56] [INFO] Subiendo: ERP_TEST_04.bak
[2026-07-10 00:51:56] [INFO] Subiendo: ERP_TEST_05.7z
[2026-07-10 00:51:56] [INFO] Subiendo: ERP_TEST_06.zip
[2026-07-10 00:51:56] [INFO] Subiendo: ERP_TEST_07.zip
[2026-07-10 00:51:56] [INFO] Subiendo: ERP_TEST_08.zip
[2026-07-10 00:51:56] [INFO] Subiendo: ERP_TEST_09.bak
[2026-07-10 00:51:56] [INFO] Subiendo: ERP_TEST_10.7z
[2026-07-10 00:51:56] [INFO] Subiendo: ERP_TEST_11.zip
[2026-07-10 00:51:56] [INFO] Subiendo: ERP_TEST_13.zip
[2026-07-10 00:51:56] [INFO] Subiendo: ERP_TEST_14.zip
[2026-07-10 00:51:56] [INFO] Subiendo: ERP_TEST_15.zip
[2026-07-10 00:51:56] [INFO] Subiendo: ERP_TEST_16.zip
[2026-07-10 00:51:56] [INFO] Subiendo: ERP_TEST_17.zip
[2026-07-10 00:51:56] [INFO] Subiendo: ERP_TEST_18.zip
[2026-07-10 00:51:56] [INFO] Subiendo: ERP_TEST_19.zip
[2026-07-10 00:51:56] [INFO] Subiendo: ERP_TEST_20.zip
[2026-07-10 00:51:56] [INFO] Subiendo: ERP_TEST_21.zip
[2026-07-10 00:51:56] [SUCCESS] Proceso finalizado.
[2026-07-10 00:52:06] [INFO] Ejecutando trabajo: ERP SQL
[2026-07-10 00:52:06] [INFO] === Backup Center iniciado ===
[2026-07-10 00:52:06] [INFO] Subiendo: ERP_TEST.zip
[2026-07-10 00:52:06] [INFO] Subiendo: ERP_TEST_01.zip
[2026-07-10 00:52:06] [INFO] Subiendo: ERP_TEST_02.zip
[2026-07-10 00:52:06] [INFO] Subiendo: ERP_TEST_03.zip
[2026-07-10 00:52:06] [INFO] Subiendo: ERP_TEST_04.bak
[2026-07-10 00:52:06] [INFO] Subiendo: ERP_TEST_05.7z
[2026-07-10 00:52:06] [INFO] Subiendo: ERP_TEST_06.zip
[2026-07-10 00:52:06] [INFO] Subiendo: ERP_TEST_07.zip
[2026-07-10 00:52:06] [INFO] Subiendo: ERP_TEST_08.zip
[2026-07-10 00:52:06] [INFO] Subiendo: ERP_TEST_09.bak
[2026-07-10 00:52:06] [INFO] Subiendo: ERP_TEST_10.7z
[2026-07-10 00:52:06] [INFO] Subiendo: ERP_TEST_11.zip
[2026-07-10 00:52:06] [INFO] Subiendo: ERP_TEST_13.zip
[2026-07-10 00:52:06] [INFO] Subiendo: ERP_TEST_14.zip
[2026-07-10 00:52:06] [INFO] Subiendo: ERP_TEST_15.zip
[2026-07-10 00:52:06] [INFO] Subiendo: ERP_TEST_16.zip
[2026-07-10 00:52:06] [INFO] Subiendo: ERP_TEST_17.zip
[2026-07-10 00:52:06] [INFO] Subiendo: ERP_TEST_18.zip
[2026-07-10 00:52:06] [INFO] Subiendo: ERP_TEST_19.zip
[2026-07-10 00:52:06] [INFO] Subiendo: ERP_TEST_20.zip
[2026-07-10 00:52:06] [INFO] Subiendo: ERP_TEST_21.zip
[2026-07-10 00:52:06] [SUCCESS] Proceso finalizado.
[2026-07-10 00:52:16] [INFO] Ejecutando trabajo: ERP SQL
[2026-07-10 00:52:16] [INFO] === Backup Center iniciado ===
[2026-07-10 00:52:16] [INFO] Subiendo: ERP_TEST.zip
[2026-07-10 00:52:16] [INFO] Subiendo: ERP_TEST_01.zip
[2026-07-10 00:52:16] [INFO] Subiendo: ERP_TEST_02.zip
[2026-07-10 00:52:16] [INFO] Subiendo: ERP_TEST_03.zip
[2026-07-10 00:52:16] [INFO] Subiendo: ERP_TEST_04.bak
[2026-07-10 00:52:16] [INFO] Subiendo: ERP_TEST_05.7z
[2026-07-10 00:52:16] [INFO] Subiendo: ERP_TEST_06.zip
[2026-07-10 00:52:16] [INFO] Subiendo: ERP_TEST_07.zip
[2026-07-10 00:52:16] [INFO] Subiendo: ERP_TEST_08.zip
[2026-07-10 00:52:16] [INFO] Subiendo: ERP_TEST_09.bak
[2026-07-10 00:52:16] [INFO] Subiendo: ERP_TEST_10.7z
[2026-07-10 00:52:16] [INFO] Subiendo: ERP_TEST_11.zip
[2026-07-10 00:52:16] [INFO] Subiendo: ERP_TEST_13.zip
[2026-07-10 00:52:16] [INFO] Subiendo: ERP_TEST_14.zip
[2026-07-10 00:52:16] [INFO] Subiendo: ERP_TEST_15.zip
[2026-07-10 00:52:16] [INFO] Subiendo: ERP_TEST_16.zip
[2026-07-10 00:52:16] [INFO] Subiendo: ERP_TEST_17.zip
[2026-07-10 00:52:16] [INFO] Subiendo: ERP_TEST_18.zip
[2026-07-10 00:52:16] [INFO] Subiendo: ERP_TEST_19.zip
[2026-07-10 00:52:16] [INFO] Subiendo: ERP_TEST_20.zip
[2026-07-10 00:52:16] [INFO] Subiendo: ERP_TEST_21.zip
[2026-07-10 00:52:16] [SUCCESS] Proceso finalizado.
[2026-07-10 00:52:26] [INFO] Ejecutando trabajo: ERP SQL
[2026-07-10 00:52:26] [INFO] === Backup Center iniciado ===
[2026-07-10 00:52:26] [INFO] Subiendo: ERP_TEST.zip
[2026-07-10 00:52:26] [INFO] Subiendo: ERP_TEST_01.zip
[2026-07-10 00:52:26] [INFO] Subiendo: ERP_TEST_02.zip
[2026-07-10 00:52:26] [INFO] Subiendo: ERP_TEST_03.zip
[2026-07-10 00:52:26] [INFO] Subiendo: ERP_TEST_04.bak
[2026-07-10 00:52:26] [INFO] Subiendo: ERP_TEST_05.7z
[2026-07-10 00:52:26] [INFO] Subiendo: ERP_TEST_06.zip
[2026-07-10 00:52:26] [INFO] Subiendo: ERP_TEST_07.zip
[2026-07-10 00:52:26] [INFO] Subiendo: ERP_TEST_08.zip
[2026-07-10 00:52:26] [INFO] Subiendo: ERP_TEST_09.bak
[2026-07-10 00:52:26] [INFO] Subiendo: ERP_TEST_10.7z
[2026-07-10 00:52:26] [INFO] Subiendo: ERP_TEST_11.zip
[2026-07-10 00:52:26] [INFO] Subiendo: ERP_TEST_13.zip
[2026-07-10 00:52:26] [INFO] Subiendo: ERP_TEST_14.zip
[2026-07-10 00:52:26] [INFO] Subiendo: ERP_TEST_15.zip
[2026-07-10 00:52:26] [INFO] Subiendo: ERP_TEST_16.zip
[2026-07-10 00:52:26] [INFO] Subiendo: ERP_TEST_17.zip
[2026-07-10 00:52:26] [INFO] Subiendo: ERP_TEST_18.zip
[2026-07-10 00:52:26] [INFO] Subiendo: ERP_TEST_19.zip
[2026-07-10 00:52:26] [INFO] Subiendo: ERP_TEST_20.zip
[2026-07-10 00:52:26] [INFO] Subiendo: ERP_TEST_21.zip
[2026-07-10 00:52:26] [SUCCESS] Proceso finalizado.
[2026-07-10 00:52:36] [INFO] Ejecutando trabajo: ERP SQL
[2026-07-10 00:52:36] [INFO] === Backup Center iniciado ===
[2026-07-10 00:52:36] [INFO] Subiendo: ERP_TEST.zip
[2026-07-10 00:52:36] [INFO] Subiendo: ERP_TEST_01.zip
[2026-07-10 00:52:36] [INFO] Subiendo: ERP_TEST_02.zip
[2026-07-10 00:52:36] [INFO] Subiendo: ERP_TEST_03.zip
[2026-07-10 00:52:36] [INFO] Subiendo: ERP_TEST_04.bak
[2026-07-10 00:52:36] [INFO] Subiendo: ERP_TEST_05.7z
[2026-07-10 00:52:36] [INFO] Subiendo: ERP_TEST_06.zip
[2026-07-10 00:52:36] [INFO] Subiendo: ERP_TEST_07.zip
[2026-07-10 00:52:36] [INFO] Subiendo: ERP_TEST_08.zip
[2026-07-10 00:52:36] [INFO] Subiendo: ERP_TEST_09.bak
[2026-07-10 00:52:36] [INFO] Subiendo: ERP_TEST_10.7z
[2026-07-10 00:52:36] [INFO] Subiendo: ERP_TEST_11.zip
[2026-07-10 00:52:36] [INFO] Subiendo: ERP_TEST_13.zip
[2026-07-10 00:52:36] [INFO] Subiendo: ERP_TEST_14.zip
[2026-07-10 00:52:36] [INFO] Subiendo: ERP_TEST_15.zip
[2026-07-10 00:52:36] [INFO] Subiendo: ERP_TEST_16.zip
[2026-07-10 00:52:36] [INFO] Subiendo: ERP_TEST_17.zip
[2026-07-10 00:52:36] [INFO] Subiendo: ERP_TEST_18.zip
[2026-07-10 00:52:36] [INFO] Subiendo: ERP_TEST_19.zip
[2026-07-10 00:52:36] [INFO] Subiendo: ERP_TEST_20.zip
[2026-07-10 00:52:36] [INFO] Subiendo: ERP_TEST_21.zip
[2026-07-10 00:52:36] [SUCCESS] Proceso finalizado.
[2026-07-10 00:52:46] [INFO] Ejecutando trabajo: ERP SQL
[2026-07-10 00:52:46] [INFO] === Backup Center iniciado ===
[2026-07-10 00:52:46] [INFO] Subiendo: ERP_TEST.zip
[2026-07-10 00:52:46] [INFO] Subiendo: ERP_TEST_01.zip
[2026-07-10 00:52:46] [INFO] Subiendo: ERP_TEST_02.zip
[2026-07-10 00:52:46] [INFO] Subiendo: ERP_TEST_03.zip
[2026-07-10 00:52:46] [INFO] Subiendo: ERP_TEST_04.bak
[2026-07-10 00:52:46] [INFO] Subiendo: ERP_TEST_05.7z
[2026-07-10 00:52:46] [INFO] Subiendo: ERP_TEST_06.zip
[2026-07-10 00:52:46] [INFO] Subiendo: ERP_TEST_07.zip
[2026-07-10 00:52:46] [INFO] Subiendo: ERP_TEST_08.zip
[2026-07-10 00:52:46] [INFO] Subiendo: ERP_TEST_09.bak
[2026-07-10 00:52:46] [INFO] Subiendo: ERP_TEST_10.7z
[2026-07-10 00:52:46] [INFO] Subiendo: ERP_TEST_11.zip
[2026-07-10 00:52:46] [INFO] Subiendo: ERP_TEST_13.zip
[2026-07-10 00:52:46] [INFO] Subiendo: ERP_TEST_14.zip
[2026-07-10 00:52:46] [INFO] Subiendo: ERP_TEST_15.zip
[2026-07-10 00:52:46] [INFO] Subiendo: ERP_TEST_16.zip
[2026-07-10 00:52:46] [INFO] Subiendo: ERP_TEST_17.zip
[2026-07-10 00:52:46] [INFO] Subiendo: ERP_TEST_18.zip
[2026-07-10 00:52:46] [INFO] Subiendo: ERP_TEST_19.zip
[2026-07-10 00:52:46] [INFO] Subiendo: ERP_TEST_20.zip
[2026-07-10 00:52:46] [INFO] Subiendo: ERP_TEST_21.zip
[2026-07-10 00:52:46] [SUCCESS] Proceso finalizado.
[2026-07-10 00:52:56] [INFO] Ejecutando trabajo: ERP SQL
[2026-07-10 00:52:56] [INFO] === Backup Center iniciado ===
[2026-07-10 00:52:56] [INFO] Subiendo: ERP_TEST.zip
[2026-07-10 00:52:56] [INFO] Subiendo: ERP_TEST_01.zip
[2026-07-10 00:52:56] [INFO] Subiendo: ERP_TEST_02.zip
[2026-07-10 00:52:57] [INFO] Subiendo: ERP_TEST_03.zip
[2026-07-10 00:52:57] [INFO] Subiendo: ERP_TEST_04.bak
[2026-07-10 00:52:57] [INFO] Subiendo: ERP_TEST_05.7z
[2026-07-10 00:52:57] [INFO] Subiendo: ERP_TEST_06.zip
[2026-07-10 00:52:57] [INFO] Subiendo: ERP_TEST_07.zip
[2026-07-10 00:52:57] [INFO] Subiendo: ERP_TEST_08.zip
[2026-07-10 00:52:57] [INFO] Subiendo: ERP_TEST_09.bak
[2026-07-10 00:52:57] [INFO] Subiendo: ERP_TEST_10.7z
[2026-07-10 00:52:57] [INFO] Subiendo: ERP_TEST_11.zip
[2026-07-10 00:52:57] [INFO] Subiendo: ERP_TEST_13.zip
[2026-07-10 00:52:57] [INFO] Subiendo: ERP_TEST_14.zip
[2026-07-10 00:52:57] [INFO] Subiendo: ERP_TEST_15.zip
[2026-07-10 00:52:57] [INFO] Subiendo: ERP_TEST_16.zip
[2026-07-10 00:52:57] [INFO] Subiendo: ERP_TEST_17.zip
[2026-07-10 00:52:57] [INFO] Subiendo: ERP_TEST_18.zip
[2026-07-10 00:52:57] [INFO] Subiendo: ERP_TEST_19.zip
[2026-07-10 00:52:57] [INFO] Subiendo: ERP_TEST_20.zip
[2026-07-10 00:52:57] [INFO] Subiendo: ERP_TEST_21.zip
[2026-07-10 00:52:57] [SUCCESS] Proceso finalizado.
[2026-07-10 00:53:07] [INFO] Ejecutando trabajo: ERP SQL
[2026-07-10 00:53:07] [INFO] === Backup Center iniciado ===
[2026-07-10 00:53:07] [INFO] Subiendo: ERP_TEST.zip
[2026-07-10 00:53:07] [INFO] Subiendo: ERP_TEST_01.zip
[2026-07-10 00:53:07] [INFO] Subiendo: ERP_TEST_02.zip
[2026-07-10 00:53:07] [INFO] Subiendo: ERP_TEST_03.zip
[2026-07-10 00:53:07] [INFO] Subiendo: ERP_TEST_04.bak
[2026-07-10 00:53:07] [INFO] Subiendo: ERP_TEST_05.7z
[2026-07-10 00:53:07] [INFO] Subiendo: ERP_TEST_06.zip
[2026-07-10 00:53:07] [INFO] Subiendo: ERP_TEST_07.zip
[2026-07-10 00:53:07] [INFO] Subiendo: ERP_TEST_08.zip
[2026-07-10 00:53:07] [INFO] Subiendo: ERP_TEST_09.bak
[2026-07-10 00:53:07] [INFO] Subiendo: ERP_TEST_10.7z
[2026-07-10 00:53:07] [INFO] Subiendo: ERP_TEST_11.zip
[2026-07-10 00:53:07] [INFO] Subiendo: ERP_TEST_13.zip
[2026-07-10 00:53:07] [INFO] Subiendo: ERP_TEST_14.zip
[2026-07-10 00:53:07] [INFO] Subiendo: ERP_TEST_15.zip
[2026-07-10 00:53:07] [INFO] Subiendo: ERP_TEST_16.zip
[2026-07-10 00:53:07] [INFO] Subiendo: ERP_TEST_17.zip
[2026-07-10 00:53:07] [INFO] Subiendo: ERP_TEST_18.zip
[2026-07-10 00:53:07] [INFO] Subiendo: ERP_TEST_19.zip
[2026-07-10 00:53:07] [INFO] Subiendo: ERP_TEST_20.zip
[2026-07-10 00:53:07] [INFO] Subiendo: ERP_TEST_21.zip
[2026-07-10 00:53:07] [SUCCESS] Proceso finalizado.
[2026-07-10 00:53:17] [INFO] Ejecutando trabajo: ERP SQL
[2026-07-10 00:53:17] [INFO] === Backup Center iniciado ===
[2026-07-10 00:53:17] [INFO] Subiendo: ERP_TEST.zip
[2026-07-10 00:53:17] [INFO] Subiendo: ERP_TEST_01.zip
[2026-07-10 00:53:17] [INFO] Subiendo: ERP_TEST_02.zip
[2026-07-10 00:53:17] [INFO] Subiendo: ERP_TEST_03.zip
[2026-07-10 00:53:17] [INFO] Subiendo: ERP_TEST_04.bak
[2026-07-10 00:53:17] [INFO] Subiendo: ERP_TEST_05.7z
[2026-07-10 00:53:17] [INFO] Subiendo: ERP_TEST_06.zip
[2026-07-10 00:53:17] [INFO] Subiendo: ERP_TEST_07.zip
[2026-07-10 00:53:17] [INFO] Subiendo: ERP_TEST_08.zip
[2026-07-10 00:53:17] [INFO] Subiendo: ERP_TEST_09.bak
[2026-07-10 00:53:17] [INFO] Subiendo: ERP_TEST_10.7z
[2026-07-10 00:53:17] [INFO] Subiendo: ERP_TEST_11.zip
[2026-07-10 00:53:17] [INFO] Subiendo: ERP_TEST_13.zip
[2026-07-10 00:53:17] [INFO] Subiendo: ERP_TEST_14.zip
[2026-07-10 00:53:17] [INFO] Subiendo: ERP_TEST_15.zip
[2026-07-10 00:53:17] [INFO] Subiendo: ERP_TEST_16.zip
[2026-07-10 00:53:17] [INFO] Subiendo: ERP_TEST_17.zip
[2026-07-10 00:53:17] [INFO] Subiendo: ERP_TEST_18.zip
[2026-07-10 00:53:17] [INFO] Subiendo: ERP_TEST_19.zip
[2026-07-10 00:53:17] [INFO] Subiendo: ERP_TEST_20.zip
[2026-07-10 00:53:17] [INFO] Subiendo: ERP_TEST_21.zip
[2026-07-10 00:53:17] [SUCCESS] Proceso finalizado.
[2026-07-10 00:53:27] [INFO] Ejecutando trabajo: ERP SQL
[2026-07-10 00:53:27] [INFO] === Backup Center iniciado ===
[2026-07-10 00:53:27] [INFO] Subiendo: ERP_TEST.zip
[2026-07-10 00:53:27] [INFO] Subiendo: ERP_TEST_01.zip
[2026-07-10 00:53:27] [INFO] Subiendo: ERP_TEST_02.zip
[2026-07-10 00:53:27] [INFO] Subiendo: ERP_TEST_03.zip
[2026-07-10 00:53:27] [INFO] Subiendo: ERP_TEST_04.bak
[2026-07-10 00:53:27] [INFO] Subiendo: ERP_TEST_05.7z
[2026-07-10 00:53:27] [INFO] Subiendo: ERP_TEST_06.zip
[2026-07-10 00:53:27] [INFO] Subiendo: ERP_TEST_07.zip
[2026-07-10 00:53:27] [INFO] Subiendo: ERP_TEST_08.zip
[2026-07-10 00:53:27] [INFO] Subiendo: ERP_TEST_09.bak
[2026-07-10 00:53:27] [INFO] Subiendo: ERP_TEST_10.7z
[2026-07-10 00:53:27] [INFO] Subiendo: ERP_TEST_11.zip
[2026-07-10 00:53:27] [INFO] Subiendo: ERP_TEST_13.zip
[2026-07-10 00:53:27] [INFO] Subiendo: ERP_TEST_14.zip
[2026-07-10 00:53:27] [INFO] Subiendo: ERP_TEST_15.zip
[2026-07-10 00:53:27] [INFO] Subiendo: ERP_TEST_16.zip
[2026-07-10 00:53:27] [INFO] Subiendo: ERP_TEST_17.zip
[2026-07-10 00:53:27] [INFO] Subiendo: ERP_TEST_18.zip
[2026-07-10 00:53:27] [INFO] Subiendo: ERP_TEST_19.zip
[2026-07-10 00:53:27] [INFO] Subiendo: ERP_TEST_20.zip
[2026-07-10 00:53:27] [INFO] Subiendo: ERP_TEST_21.zip
[2026-07-10 00:53:27] [SUCCESS] Proceso finalizado.
[2026-07-10 00:53:37] [INFO] Ejecutando trabajo: ERP SQL
[2026-07-10 00:53:37] [INFO] === Backup Center iniciado ===
[2026-07-10 00:53:37] [INFO] Subiendo: ERP_TEST.zip
[2026-07-10 00:53:37] [INFO] Subiendo: ERP_TEST_01.zip
[2026-07-10 00:53:37] [INFO] Subiendo: ERP_TEST_02.zip
[2026-07-10 00:53:37] [INFO] Subiendo: ERP_TEST_03.zip
[2026-07-10 00:53:37] [INFO] Subiendo: ERP_TEST_04.bak
[2026-07-10 00:53:37] [INFO] Subiendo: ERP_TEST_05.7z
[2026-07-10 00:53:37] [INFO] Subiendo: ERP_TEST_06.zip
[2026-07-10 00:53:37] [INFO] Subiendo: ERP_TEST_07.zip
[2026-07-10 00:53:37] [INFO] Subiendo: ERP_TEST_08.zip
[2026-07-10 00:53:37] [INFO] Subiendo: ERP_TEST_09.bak
[2026-07-10 00:53:37] [INFO] Subiendo: ERP_TEST_10.7z
[2026-07-10 00:53:37] [INFO] Subiendo: ERP_TEST_11.zip
[2026-07-10 00:53:37] [INFO] Subiendo: ERP_TEST_13.zip
[2026-07-10 00:53:37] [INFO] Subiendo: ERP_TEST_14.zip
[2026-07-10 00:53:37] [INFO] Subiendo: ERP_TEST_15.zip
[2026-07-10 00:53:37] [INFO] Subiendo: ERP_TEST_16.zip
[2026-07-10 00:53:37] [INFO] Subiendo: ERP_TEST_17.zip
[2026-07-10 00:53:37] [INFO] Subiendo: ERP_TEST_18.zip
[2026-07-10 00:53:37] [INFO] Subiendo: ERP_TEST_19.zip
[2026-07-10 00:53:37] [INFO] Subiendo: ERP_TEST_20.zip
[2026-07-10 00:53:37] [INFO] Subiendo: ERP_TEST_21.zip
[2026-07-10 00:53:37] [SUCCESS] Proceso finalizado.
[2026-07-10 00:53:47] [INFO] Ejecutando trabajo: ERP SQL
[2026-07-10 00:53:47] [INFO] === Backup Center iniciado ===
[2026-07-10 00:53:47] [INFO] Subiendo: ERP_TEST.zip
[2026-07-10 00:53:47] [INFO] Subiendo: ERP_TEST_01.zip
[2026-07-10 00:53:47] [INFO] Subiendo: ERP_TEST_02.zip
[2026-07-10 00:53:47] [INFO] Subiendo: ERP_TEST_03.zip
[2026-07-10 00:53:47] [INFO] Subiendo: ERP_TEST_04.bak
[2026-07-10 00:53:47] [INFO] Subiendo: ERP_TEST_05.7z
[2026-07-10 00:53:47] [INFO] Subiendo: ERP_TEST_06.zip
[2026-07-10 00:53:47] [INFO] Subiendo: ERP_TEST_07.zip
[2026-07-10 00:53:47] [INFO] Subiendo: ERP_TEST_08.zip
[2026-07-10 00:53:47] [INFO] Subiendo: ERP_TEST_09.bak
[2026-07-10 00:53:47] [INFO] Subiendo: ERP_TEST_10.7z
[2026-07-10 00:53:47] [INFO] Subiendo: ERP_TEST_11.zip
[2026-07-10 00:53:47] [INFO] Subiendo: ERP_TEST_13.zip
[2026-07-10 00:53:47] [INFO] Subiendo: ERP_TEST_14.zip
[2026-07-10 00:53:47] [INFO] Subiendo: ERP_TEST_15.zip
[2026-07-10 00:53:47] [INFO] Subiendo: ERP_TEST_16.zip
[2026-07-10 00:53:47] [INFO] Subiendo: ERP_TEST_17.zip
[2026-07-10 00:53:47] [INFO] Subiendo: ERP_TEST_18.zip
[2026-07-10 00:53:47] [INFO] Subiendo: ERP_TEST_19.zip
[2026-07-10 00:53:47] [INFO] Subiendo: ERP_TEST_20.zip
[2026-07-10 00:53:47] [INFO] Subiendo: ERP_TEST_21.zip
[2026-07-10 00:53:47] [SUCCESS] Proceso finalizado.
[2026-07-10 00:53:55] [INFO] Ejecutando trabajo: ERP SQL
[2026-07-10 00:53:55] [INFO] === Backup Center iniciado ===
[2026-07-10 00:53:55] [INFO] Subiendo: ERP_TEST.zip
[2026-07-10 00:53:55] [INFO] Subiendo: ERP_TEST_01.zip
[2026-07-10 00:53:55] [INFO] Subiendo: ERP_TEST_02.zip
[2026-07-10 00:53:55] [INFO] Subiendo: ERP_TEST_03.zip
[2026-07-10 00:53:55] [INFO] Subiendo: ERP_TEST_04.bak
[2026-07-10 00:53:55] [INFO] Subiendo: ERP_TEST_05.7z
[2026-07-10 00:53:55] [INFO] Subiendo: ERP_TEST_06.zip
[2026-07-10 00:53:55] [INFO] Subiendo: ERP_TEST_07.zip
[2026-07-10 00:53:55] [INFO] Subiendo: ERP_TEST_08.zip
[2026-07-10 00:53:55] [INFO] Subiendo: ERP_TEST_09.bak
[2026-07-10 00:53:55] [INFO] Subiendo: ERP_TEST_10.7z
[2026-07-10 00:53:55] [INFO] Subiendo: ERP_TEST_11.zip
[2026-07-10 00:53:55] [INFO] Subiendo: ERP_TEST_13.zip
[2026-07-10 00:53:55] [INFO] Subiendo: ERP_TEST_14.zip
[2026-07-10 00:53:55] [INFO] Subiendo: ERP_TEST_15.zip
[2026-07-10 00:53:55] [INFO] Subiendo: ERP_TEST_16.zip
[2026-07-10 00:53:55] [INFO] Subiendo: ERP_TEST_17.zip
[2026-07-10 00:53:55] [INFO] Subiendo: ERP_TEST_18.zip
[2026-07-10 00:53:55] [INFO] Subiendo: ERP_TEST_19.zip
[2026-07-10 00:53:55] [INFO] Subiendo: ERP_TEST_20.zip
[2026-07-10 00:53:55] [INFO] Subiendo: ERP_TEST_21.zip
[2026-07-10 00:53:55] [SUCCESS] Proceso finalizado.
[2026-07-10 00:54:05] [INFO] Ejecutando trabajo: ERP SQL
[2026-07-10 00:54:05] [INFO] === Backup Center iniciado ===
[2026-07-10 00:54:05] [INFO] Subiendo: ERP_TEST.zip
[2026-07-10 00:54:05] [INFO] Subiendo: ERP_TEST_01.zip
[2026-07-10 00:54:05] [INFO] Subiendo: ERP_TEST_02.zip
[2026-07-10 00:54:05] [INFO] Subiendo: ERP_TEST_03.zip
[2026-07-10 00:54:05] [INFO] Subiendo: ERP_TEST_04.bak
[2026-07-10 00:54:05] [INFO] Subiendo: ERP_TEST_05.7z
[2026-07-10 00:54:05] [INFO] Subiendo: ERP_TEST_06.zip
[2026-07-10 00:54:05] [INFO] Subiendo: ERP_TEST_07.zip
[2026-07-10 00:54:05] [INFO] Subiendo: ERP_TEST_08.zip
[2026-07-10 00:54:05] [INFO] Subiendo: ERP_TEST_09.bak
[2026-07-10 00:54:05] [INFO] Subiendo: ERP_TEST_10.7z
[2026-07-10 00:54:05] [INFO] Subiendo: ERP_TEST_11.zip
[2026-07-10 00:54:05] [INFO] Subiendo: ERP_TEST_13.zip
[2026-07-10 00:54:05] [INFO] Subiendo: ERP_TEST_14.zip
[2026-07-10 00:54:05] [INFO] Subiendo: ERP_TEST_15.zip
[2026-07-10 00:54:05] [INFO] Subiendo: ERP_TEST_16.zip
[2026-07-10 00:54:05] [INFO] Subiendo: ERP_TEST_17.zip
[2026-07-10 00:54:05] [INFO] Subiendo: ERP_TEST_18.zip
[2026-07-10 00:54:05] [INFO] Subiendo: ERP_TEST_19.zip
[2026-07-10 00:54:05] [INFO] Subiendo: ERP_TEST_20.zip
[2026-07-10 00:54:05] [INFO] Subiendo: ERP_TEST_21.zip
[2026-07-10 00:54:05] [SUCCESS] Proceso finalizado.
[2026-07-10 00:54:15] [INFO] Ejecutando trabajo: ERP SQL
[2026-07-10 00:54:15] [INFO] === Backup Center iniciado ===
[2026-07-10 00:54:15] [INFO] Subiendo: ERP_TEST.zip
[2026-07-10 00:54:15] [INFO] Subiendo: ERP_TEST_01.zip
[2026-07-10 00:54:15] [INFO] Subiendo: ERP_TEST_02.zip
[2026-07-10 00:54:15] [INFO] Subiendo: ERP_TEST_03.zip
[2026-07-10 00:54:15] [INFO] Subiendo: ERP_TEST_04.bak
[2026-07-10 00:54:15] [INFO] Subiendo: ERP_TEST_05.7z
[2026-07-10 00:54:15] [INFO] Subiendo: ERP_TEST_06.zip
[2026-07-10 00:54:15] [INFO] Subiendo: ERP_TEST_07.zip
[2026-07-10 00:54:15] [INFO] Subiendo: ERP_TEST_08.zip
[2026-07-10 00:54:15] [INFO] Subiendo: ERP_TEST_09.bak
[2026-07-10 00:54:15] [INFO] Subiendo: ERP_TEST_10.7z
[2026-07-10 00:54:15] [INFO] Subiendo: ERP_TEST_11.zip
[2026-07-10 00:54:15] [INFO] Subiendo: ERP_TEST_13.zip
[2026-07-10 00:54:15] [INFO] Subiendo: ERP_TEST_14.zip
[2026-07-10 00:54:15] [INFO] Subiendo: ERP_TEST_15.zip
[2026-07-10 00:54:15] [INFO] Subiendo: ERP_TEST_16.zip
[2026-07-10 00:54:15] [INFO] Subiendo: ERP_TEST_17.zip
[2026-07-10 00:54:15] [INFO] Subiendo: ERP_TEST_18.zip
[2026-07-10 00:54:15] [INFO] Subiendo: ERP_TEST_19.zip
[2026-07-10 00:54:15] [INFO] Subiendo: ERP_TEST_20.zip
[2026-07-10 00:54:15] [INFO] Subiendo: ERP_TEST_21.zip
[2026-07-10 00:54:15] [SUCCESS] Proceso finalizado.
[2026-07-10 00:54:26] [INFO] Ejecutando trabajo: ERP SQL
[2026-07-10 00:54:26] [INFO] === Backup Center iniciado ===
[2026-07-10 00:54:26] [INFO] Subiendo: ERP_TEST.zip
[2026-07-10 00:54:26] [INFO] Subiendo: ERP_TEST_01.zip
[2026-07-10 00:54:26] [INFO] Subiendo: ERP_TEST_02.zip
[2026-07-10 00:54:26] [INFO] Subiendo: ERP_TEST_03.zip
[2026-07-10 00:54:26] [INFO] Subiendo: ERP_TEST_04.bak
[2026-07-10 00:54:26] [INFO] Subiendo: ERP_TEST_05.7z
[2026-07-10 00:54:26] [INFO] Subiendo: ERP_TEST_06.zip
[2026-07-10 00:54:26] [INFO] Subiendo: ERP_TEST_07.zip
[2026-07-10 00:54:26] [INFO] Subiendo: ERP_TEST_08.zip
[2026-07-10 00:54:26] [INFO] Subiendo: ERP_TEST_09.bak
[2026-07-10 00:54:26] [INFO] Subiendo: ERP_TEST_10.7z
[2026-07-10 00:54:26] [INFO] Subiendo: ERP_TEST_11.zip
[2026-07-10 00:54:26] [INFO] Subiendo: ERP_TEST_13.zip
[2026-07-10 00:54:26] [INFO] Subiendo: ERP_TEST_14.zip
[2026-07-10 00:54:26] [INFO] Subiendo: ERP_TEST_15.zip
[2026-07-10 00:54:26] [INFO] Subiendo: ERP_TEST_16.zip
[2026-07-10 00:54:26] [INFO] Subiendo: ERP_TEST_17.zip
[2026-07-10 00:54:26] [INFO] Subiendo: ERP_TEST_18.zip
[2026-07-10 00:54:26] [INFO] Subiendo: ERP_TEST_19.zip
[2026-07-10 00:54:26] [INFO] Subiendo: ERP_TEST_20.zip
[2026-07-10 00:54:26] [INFO] Subiendo: ERP_TEST_21.zip
[2026-07-10 00:54:26] [SUCCESS] Proceso finalizado.
[2026-07-10 00:54:36] [INFO] Ejecutando trabajo: ERP SQL
[2026-07-10 00:54:36] [INFO] === Backup Center iniciado ===
[2026-07-10 00:54:36] [INFO] Subiendo: ERP_TEST.zip
[2026-07-10 00:54:36] [INFO] Subiendo: ERP_TEST_01.zip
[2026-07-10 00:54:36] [INFO] Subiendo: ERP_TEST_02.zip
[2026-07-10 00:54:36] [INFO] Subiendo: ERP_TEST_03.zip
[2026-07-10 00:54:36] [INFO] Subiendo: ERP_TEST_04.bak
[2026-07-10 00:54:36] [INFO] Subiendo: ERP_TEST_05.7z
[2026-07-10 00:54:36] [INFO] Subiendo: ERP_TEST_06.zip
[2026-07-10 00:54:36] [INFO] Subiendo: ERP_TEST_07.zip
[2026-07-10 00:54:36] [INFO] Subiendo: ERP_TEST_08.zip
[2026-07-10 00:54:36] [INFO] Subiendo: ERP_TEST_09.bak
[2026-07-10 00:54:36] [INFO] Subiendo: ERP_TEST_10.7z
[2026-07-10 00:54:36] [INFO] Subiendo: ERP_TEST_11.zip
[2026-07-10 00:54:36] [INFO] Subiendo: ERP_TEST_13.zip
[2026-07-10 00:54:36] [INFO] Subiendo: ERP_TEST_14.zip
[2026-07-10 00:54:36] [INFO] Subiendo: ERP_TEST_15.zip
[2026-07-10 00:54:36] [INFO] Subiendo: ERP_TEST_16.zip
[2026-07-10 00:54:36] [INFO] Subiendo: ERP_TEST_17.zip
[2026-07-10 00:54:36] [INFO] Subiendo: ERP_TEST_18.zip
[2026-07-10 00:54:36] [INFO] Subiendo: ERP_TEST_19.zip
[2026-07-10 00:54:36] [INFO] Subiendo: ERP_TEST_20.zip
[2026-07-10 00:54:36] [INFO] Subiendo: ERP_TEST_21.zip
[2026-07-10 00:54:36] [SUCCESS] Proceso finalizado.
[2026-07-10 00:54:46] [INFO] Ejecutando trabajo: ERP SQL
[2026-07-10 00:54:46] [INFO] === Backup Center iniciado ===
[2026-07-10 00:54:46] [INFO] Subiendo: ERP_TEST.zip
[2026-07-10 00:54:46] [INFO] Subiendo: ERP_TEST_01.zip
[2026-07-10 00:54:46] [INFO] Subiendo: ERP_TEST_02.zip
[2026-07-10 00:54:46] [INFO] Subiendo: ERP_TEST_03.zip
[2026-07-10 00:54:46] [INFO] Subiendo: ERP_TEST_04.bak
[2026-07-10 00:54:46] [INFO] Subiendo: ERP_TEST_05.7z
[2026-07-10 00:54:46] [INFO] Subiendo: ERP_TEST_06.zip
[2026-07-10 00:54:46] [INFO] Subiendo: ERP_TEST_07.zip
[2026-07-10 00:54:46] [INFO] Subiendo: ERP_TEST_08.zip
[2026-07-10 00:54:46] [INFO] Subiendo: ERP_TEST_09.bak
[2026-07-10 00:54:46] [INFO] Subiendo: ERP_TEST_10.7z
[2026-07-10 00:54:46] [INFO] Subiendo: ERP_TEST_11.zip
[2026-07-10 00:54:46] [INFO] Subiendo: ERP_TEST_13.zip
[2026-07-10 00:54:46] [INFO] Subiendo: ERP_TEST_14.zip
[2026-07-10 00:54:46] [INFO] Subiendo: ERP_TEST_15.zip
[2026-07-10 00:54:46] [INFO] Subiendo: ERP_TEST_16.zip
[2026-07-10 00:54:46] [INFO] Subiendo: ERP_TEST_17.zip
[2026-07-10 00:54:46] [INFO] Subiendo: ERP_TEST_18.zip
[2026-07-10 00:54:46] [INFO] Subiendo: ERP_TEST_19.zip
[2026-07-10 00:54:46] [INFO] Subiendo: ERP_TEST_20.zip
[2026-07-10 00:54:46] [INFO] Subiendo: ERP_TEST_21.zip
[2026-07-10 00:54:46] [SUCCESS] Proceso finalizado.
[2026-07-10 00:54:56] [INFO] Ejecutando trabajo: ERP SQL
[2026-07-10 00:54:56] [INFO] === Backup Center iniciado ===
[2026-07-10 00:54:56] [INFO] Subiendo: ERP_TEST.zip
[2026-07-10 00:54:56] [INFO] Subiendo: ERP_TEST_01.zip
[2026-07-10 00:54:56] [INFO] Subiendo: ERP_TEST_02.zip
[2026-07-10 00:54:56] [INFO] Subiendo: ERP_TEST_03.zip
[2026-07-10 00:54:56] [INFO] Subiendo: ERP_TEST_04.bak
[2026-07-10 00:54:56] [INFO] Subiendo: ERP_TEST_05.7z
[2026-07-10 00:54:56] [INFO] Subiendo: ERP_TEST_06.zip
[2026-07-10 00:54:56] [INFO] Subiendo: ERP_TEST_07.zip
[2026-07-10 00:54:56] [INFO] Subiendo: ERP_TEST_08.zip
[2026-07-10 00:54:56] [INFO] Subiendo: ERP_TEST_09.bak
[2026-07-10 00:54:56] [INFO] Subiendo: ERP_TEST_10.7z
[2026-07-10 00:54:56] [INFO] Subiendo: ERP_TEST_11.zip
[2026-07-10 00:54:56] [INFO] Subiendo: ERP_TEST_13.zip
[2026-07-10 00:54:56] [INFO] Subiendo: ERP_TEST_14.zip
[2026-07-10 00:54:56] [INFO] Subiendo: ERP_TEST_15.zip
[2026-07-10 00:54:56] [INFO] Subiendo: ERP_TEST_16.zip
[2026-07-10 00:54:56] [INFO] Subiendo: ERP_TEST_17.zip
[2026-07-10 00:54:56] [INFO] Subiendo: ERP_TEST_18.zip
[2026-07-10 00:54:56] [INFO] Subiendo: ERP_TEST_19.zip
[2026-07-10 00:54:56] [INFO] Subiendo: ERP_TEST_20.zip
[2026-07-10 00:54:56] [INFO] Subiendo: ERP_TEST_21.zip
[2026-07-10 00:54:56] [SUCCESS] Proceso finalizado.
[2026-07-10 00:55:06] [INFO] Ejecutando trabajo: ERP SQL
[2026-07-10 00:55:06] [INFO] === Backup Center iniciado ===
[2026-07-10 00:55:06] [INFO] Subiendo: ERP_TEST.zip
[2026-07-10 00:55:06] [INFO] Subiendo: ERP_TEST_01.zip
[2026-07-10 00:55:06] [INFO] Subiendo: ERP_TEST_02.zip
[2026-07-10 00:55:06] [INFO] Subiendo: ERP_TEST_03.zip
[2026-07-10 00:55:06] [INFO] Subiendo: ERP_TEST_04.bak
[2026-07-10 00:55:06] [INFO] Subiendo: ERP_TEST_05.7z
[2026-07-10 00:55:06] [INFO] Subiendo: ERP_TEST_06.zip
[2026-07-10 00:55:06] [INFO] Subiendo: ERP_TEST_07.zip
[2026-07-10 00:55:06] [INFO] Subiendo: ERP_TEST_08.zip
[2026-07-10 00:55:06] [INFO] Subiendo: ERP_TEST_09.bak
[2026-07-10 00:55:06] [INFO] Subiendo: ERP_TEST_10.7z
[2026-07-10 00:55:06] [INFO] Subiendo: ERP_TEST_11.zip
[2026-07-10 00:55:06] [INFO] Subiendo: ERP_TEST_13.zip
[2026-07-10 00:55:06] [INFO] Subiendo: ERP_TEST_14.zip
[2026-07-10 00:55:06] [INFO] Subiendo: ERP_TEST_15.zip
[2026-07-10 00:55:06] [INFO] Subiendo: ERP_TEST_16.zip
[2026-07-10 00:55:06] [INFO] Subiendo: ERP_TEST_17.zip
[2026-07-10 00:55:06] [INFO] Subiendo: ERP_TEST_18.zip
[2026-07-10 00:55:06] [INFO] Subiendo: ERP_TEST_19.zip
[2026-07-10 00:55:06] [INFO] Subiendo: ERP_TEST_20.zip
[2026-07-10 00:55:06] [INFO] Subiendo: ERP_TEST_21.zip
[2026-07-10 00:55:06] [SUCCESS] Proceso finalizado.
[2026-07-10 00:55:16] [INFO] Ejecutando trabajo: ERP SQL
[2026-07-10 00:55:16] [INFO] === Backup Center iniciado ===
[2026-07-10 00:55:16] [INFO] Subiendo: ERP_TEST.zip
[2026-07-10 00:55:16] [INFO] Subiendo: ERP_TEST_01.zip
[2026-07-10 00:55:16] [INFO] Subiendo: ERP_TEST_02.zip
[2026-07-10 00:55:16] [INFO] Subiendo: ERP_TEST_03.zip
[2026-07-10 00:55:16] [INFO] Subiendo: ERP_TEST_04.bak
[2026-07-10 00:55:16] [INFO] Subiendo: ERP_TEST_05.7z
[2026-07-10 00:55:16] [INFO] Subiendo: ERP_TEST_06.zip
[2026-07-10 00:55:16] [INFO] Subiendo: ERP_TEST_07.zip
[2026-07-10 00:55:16] [INFO] Subiendo: ERP_TEST_08.zip
[2026-07-10 00:55:16] [INFO] Subiendo: ERP_TEST_09.bak
[2026-07-10 00:55:16] [INFO] Subiendo: ERP_TEST_10.7z
[2026-07-10 00:55:16] [INFO] Subiendo: ERP_TEST_11.zip
[2026-07-10 00:55:16] [INFO] Subiendo: ERP_TEST_13.zip
[2026-07-10 00:55:16] [INFO] Subiendo: ERP_TEST_14.zip
[2026-07-10 00:55:16] [INFO] Subiendo: ERP_TEST_15.zip
[2026-07-10 00:55:16] [INFO] Subiendo: ERP_TEST_16.zip
[2026-07-10 00:55:16] [INFO] Subiendo: ERP_TEST_17.zip
[2026-07-10 00:55:16] [INFO] Subiendo: ERP_TEST_18.zip
[2026-07-10 00:55:16] [INFO] Subiendo: ERP_TEST_19.zip
[2026-07-10 00:55:16] [INFO] Subiendo: ERP_TEST_20.zip
[2026-07-10 00:55:16] [INFO] Subiendo: ERP_TEST_21.zip
[2026-07-10 00:55:16] [SUCCESS] Proceso finalizado.
[2026-07-10 00:55:26] [INFO] Ejecutando trabajo: ERP SQL
[2026-07-10 00:55:26] [INFO] === Backup Center iniciado ===
[2026-07-10 00:55:26] [INFO] Subiendo: ERP_TEST.zip
[2026-07-10 00:55:26] [INFO] Subiendo: ERP_TEST_01.zip
[2026-07-10 00:55:26] [INFO] Subiendo: ERP_TEST_02.zip
[2026-07-10 00:55:26] [INFO] Subiendo: ERP_TEST_03.zip
[2026-07-10 00:55:26] [INFO] Subiendo: ERP_TEST_04.bak
[2026-07-10 00:55:26] [INFO] Subiendo: ERP_TEST_05.7z
[2026-07-10 00:55:26] [INFO] Subiendo: ERP_TEST_06.zip
[2026-07-10 00:55:26] [INFO] Subiendo: ERP_TEST_07.zip
[2026-07-10 00:55:26] [INFO] Subiendo: ERP_TEST_08.zip
[2026-07-10 00:55:26] [INFO] Subiendo: ERP_TEST_09.bak
[2026-07-10 00:55:26] [INFO] Subiendo: ERP_TEST_10.7z
[2026-07-10 00:55:26] [INFO] Subiendo: ERP_TEST_11.zip
[2026-07-10 00:55:26] [INFO] Subiendo: ERP_TEST_13.zip
[2026-07-10 00:55:26] [INFO] Subiendo: ERP_TEST_14.zip
[2026-07-10 00:55:26] [INFO] Subiendo: ERP_TEST_15.zip
[2026-07-10 00:55:26] [INFO] Subiendo: ERP_TEST_16.zip
[2026-07-10 00:55:26] [INFO] Subiendo: ERP_TEST_17.zip
[2026-07-10 00:55:26] [INFO] Subiendo: ERP_TEST_18.zip
[2026-07-10 00:55:26] [INFO] Subiendo: ERP_TEST_19.zip
[2026-07-10 00:55:26] [INFO] Subiendo: ERP_TEST_20.zip
[2026-07-10 00:55:26] [INFO] Subiendo: ERP_TEST_21.zip
[2026-07-10 00:55:26] [SUCCESS] Proceso finalizado.
[2026-07-10 00:55:36] [INFO] Ejecutando trabajo: ERP SQL
[2026-07-10 00:55:36] [INFO] === Backup Center iniciado ===
[2026-07-10 00:55:36] [INFO] Subiendo: ERP_TEST.zip
[2026-07-10 00:55:36] [INFO] Subiendo: ERP_TEST_01.zip
[2026-07-10 00:55:36] [INFO] Subiendo: ERP_TEST_02.zip
[2026-07-10 00:55:36] [INFO] Subiendo: ERP_TEST_03.zip
[2026-07-10 00:55:36] [INFO] Subiendo: ERP_TEST_04.bak
[2026-07-10 00:55:36] [INFO] Subiendo: ERP_TEST_05.7z
[2026-07-10 00:55:36] [INFO] Subiendo: ERP_TEST_06.zip
[2026-07-10 00:55:36] [INFO] Subiendo: ERP_TEST_07.zip
[2026-07-10 00:55:36] [INFO] Subiendo: ERP_TEST_08.zip
[2026-07-10 00:55:36] [INFO] Subiendo: ERP_TEST_09.bak
[2026-07-10 00:55:36] [INFO] Subiendo: ERP_TEST_10.7z
[2026-07-10 00:55:36] [INFO] Subiendo: ERP_TEST_11.zip
[2026-07-10 00:55:36] [INFO] Subiendo: ERP_TEST_13.zip
[2026-07-10 00:55:36] [INFO] Subiendo: ERP_TEST_14.zip
[2026-07-10 00:55:36] [INFO] Subiendo: ERP_TEST_15.zip
[2026-07-10 00:55:36] [INFO] Subiendo: ERP_TEST_16.zip
[2026-07-10 00:55:36] [INFO] Subiendo: ERP_TEST_17.zip
[2026-07-10 00:55:36] [INFO] Subiendo: ERP_TEST_18.zip
[2026-07-10 00:55:36] [INFO] Subiendo: ERP_TEST_19.zip
[2026-07-10 00:55:36] [INFO] Subiendo: ERP_TEST_20.zip
[2026-07-10 00:55:36] [INFO] Subiendo: ERP_TEST_21.zip
[2026-07-10 00:55:36] [SUCCESS] Proceso finalizado.
[2026-07-10 00:55:46] [INFO] Ejecutando trabajo: ERP SQL
[2026-07-10 00:55:46] [INFO] === Backup Center iniciado ===
[2026-07-10 00:55:46] [INFO] Subiendo: ERP_TEST.zip
[2026-07-10 00:55:46] [INFO] Subiendo: ERP_TEST_01.zip
[2026-07-10 00:55:46] [INFO] Subiendo: ERP_TEST_02.zip
[2026-07-10 00:55:46] [INFO] Subiendo: ERP_TEST_03.zip
[2026-07-10 00:55:46] [INFO] Subiendo: ERP_TEST_04.bak
[2026-07-10 00:55:46] [INFO] Subiendo: ERP_TEST_05.7z
[2026-07-10 00:55:46] [INFO] Subiendo: ERP_TEST_06.zip
[2026-07-10 00:55:46] [INFO] Subiendo: ERP_TEST_07.zip
[2026-07-10 00:55:46] [INFO] Subiendo: ERP_TEST_08.zip
[2026-07-10 00:55:46] [INFO] Subiendo: ERP_TEST_09.bak
[2026-07-10 00:55:46] [INFO] Subiendo: ERP_TEST_10.7z
[2026-07-10 00:55:46] [INFO] Subiendo: ERP_TEST_11.zip
[2026-07-10 00:55:46] [INFO] Subiendo: ERP_TEST_13.zip
[2026-07-10 00:55:46] [INFO] Subiendo: ERP_TEST_14.zip
[2026-07-10 00:55:46] [INFO] Subiendo: ERP_TEST_15.zip
[2026-07-10 00:55:46] [INFO] Subiendo: ERP_TEST_16.zip
[2026-07-10 00:55:46] [INFO] Subiendo: ERP_TEST_17.zip
[2026-07-10 00:55:46] [INFO] Subiendo: ERP_TEST_18.zip
[2026-07-10 00:55:46] [INFO] Subiendo: ERP_TEST_19.zip
[2026-07-10 00:55:46] [INFO] Subiendo: ERP_TEST_20.zip
[2026-07-10 00:55:46] [INFO] Subiendo: ERP_TEST_21.zip
[2026-07-10 00:55:46] [SUCCESS] Proceso finalizado.
[2026-07-10 00:55:57] [INFO] Ejecutando trabajo: ERP SQL
[2026-07-10 00:55:57] [INFO] === Backup Center iniciado ===
[2026-07-10 00:55:57] [INFO] Subiendo: ERP_TEST.zip
[2026-07-10 00:55:57] [INFO] Subiendo: ERP_TEST_01.zip
[2026-07-10 00:55:57] [INFO] Subiendo: ERP_TEST_02.zip
[2026-07-10 00:55:57] [INFO] Subiendo: ERP_TEST_03.zip
[2026-07-10 00:55:57] [INFO] Subiendo: ERP_TEST_04.bak
[2026-07-10 00:55:57] [INFO] Subiendo: ERP_TEST_05.7z
[2026-07-10 00:55:57] [INFO] Subiendo: ERP_TEST_06.zip
[2026-07-10 00:55:57] [INFO] Subiendo: ERP_TEST_07.zip
[2026-07-10 00:55:57] [INFO] Subiendo: ERP_TEST_08.zip
[2026-07-10 00:55:57] [INFO] Subiendo: ERP_TEST_09.bak
[2026-07-10 00:55:57] [INFO] Subiendo: ERP_TEST_10.7z
[2026-07-10 00:55:57] [INFO] Subiendo: ERP_TEST_11.zip
[2026-07-10 00:55:57] [INFO] Subiendo: ERP_TEST_13.zip
[2026-07-10 00:55:57] [INFO] Subiendo: ERP_TEST_14.zip
[2026-07-10 00:55:57] [INFO] Subiendo: ERP_TEST_15.zip
[2026-07-10 00:55:57] [INFO] Subiendo: ERP_TEST_16.zip
[2026-07-10 00:55:57] [INFO] Subiendo: ERP_TEST_17.zip
[2026-07-10 00:55:57] [INFO] Subiendo: ERP_TEST_18.zip
[2026-07-10 00:55:57] [INFO] Subiendo: ERP_TEST_19.zip
[2026-07-10 00:55:57] [INFO] Subiendo: ERP_TEST_20.zip
[2026-07-10 00:55:57] [INFO] Subiendo: ERP_TEST_21.zip
[2026-07-10 00:55:57] [SUCCESS] Proceso finalizado.
[2026-07-10 00:56:07] [INFO] Ejecutando trabajo: ERP SQL
[2026-07-10 00:56:07] [INFO] === Backup Center iniciado ===
[2026-07-10 00:56:07] [INFO] Subiendo: ERP_TEST.zip
[2026-07-10 00:56:07] [INFO] Subiendo: ERP_TEST_01.zip
[2026-07-10 00:56:07] [INFO] Subiendo: ERP_TEST_02.zip
[2026-07-10 00:56:07] [INFO] Subiendo: ERP_TEST_03.zip
[2026-07-10 00:56:07] [INFO] Subiendo: ERP_TEST_04.bak
[2026-07-10 00:56:07] [INFO] Subiendo: ERP_TEST_05.7z
[2026-07-10 00:56:07] [INFO] Subiendo: ERP_TEST_06.zip
[2026-07-10 00:56:07] [INFO] Subiendo: ERP_TEST_07.zip
[2026-07-10 00:56:07] [INFO] Subiendo: ERP_TEST_08.zip
[2026-07-10 00:56:07] [INFO] Subiendo: ERP_TEST_09.bak
[2026-07-10 00:56:07] [INFO] Subiendo: ERP_TEST_10.7z
[2026-07-10 00:56:07] [INFO] Subiendo: ERP_TEST_11.zip
[2026-07-10 00:56:07] [INFO] Subiendo: ERP_TEST_13.zip
[2026-07-10 00:56:07] [INFO] Subiendo: ERP_TEST_14.zip
[2026-07-10 00:56:07] [INFO] Subiendo: ERP_TEST_15.zip
[2026-07-10 00:56:07] [INFO] Subiendo: ERP_TEST_16.zip
[2026-07-10 00:56:07] [INFO] Subiendo: ERP_TEST_17.zip
[2026-07-10 00:56:07] [INFO] Subiendo: ERP_TEST_18.zip
[2026-07-10 00:56:07] [INFO] Subiendo: ERP_TEST_19.zip
[2026-07-10 00:56:07] [INFO] Subiendo: ERP_TEST_20.zip
[2026-07-10 00:56:07] [INFO] Subiendo: ERP_TEST_21.zip
[2026-07-10 00:56:07] [SUCCESS] Proceso finalizado.
[2026-07-10 00:56:17] [INFO] Ejecutando trabajo: ERP SQL
[2026-07-10 00:56:17] [INFO] === Backup Center iniciado ===
[2026-07-10 00:56:17] [INFO] Subiendo: ERP_TEST.zip
[2026-07-10 00:56:17] [INFO] Subiendo: ERP_TEST_01.zip
[2026-07-10 00:56:17] [INFO] Subiendo: ERP_TEST_02.zip
[2026-07-10 00:56:17] [INFO] Subiendo: ERP_TEST_03.zip
[2026-07-10 00:56:17] [INFO] Subiendo: ERP_TEST_04.bak
[2026-07-10 00:56:17] [INFO] Subiendo: ERP_TEST_05.7z
[2026-07-10 00:56:17] [INFO] Subiendo: ERP_TEST_06.zip
[2026-07-10 00:56:17] [INFO] Subiendo: ERP_TEST_07.zip
[2026-07-10 00:56:17] [INFO] Subiendo: ERP_TEST_08.zip
[2026-07-10 00:56:17] [INFO] Subiendo: ERP_TEST_09.bak
[2026-07-10 00:56:17] [INFO] Subiendo: ERP_TEST_10.7z
[2026-07-10 00:56:17] [INFO] Subiendo: ERP_TEST_11.zip
[2026-07-10 00:56:17] [INFO] Subiendo: ERP_TEST_13.zip
[2026-07-10 00:56:17] [INFO] Subiendo: ERP_TEST_14.zip
[2026-07-10 00:56:17] [INFO] Subiendo: ERP_TEST_15.zip
[2026-07-10 00:56:17] [INFO] Subiendo: ERP_TEST_16.zip
[2026-07-10 00:56:17] [INFO] Subiendo: ERP_TEST_17.zip
[2026-07-10 00:56:17] [INFO] Subiendo: ERP_TEST_18.zip
[2026-07-10 00:56:17] [INFO] Subiendo: ERP_TEST_19.zip
[2026-07-10 00:56:17] [INFO] Subiendo: ERP_TEST_20.zip
[2026-07-10 00:56:17] [INFO] Subiendo: ERP_TEST_21.zip
[2026-07-10 00:56:17] [SUCCESS] Proceso finalizado.
[2026-07-10 00:56:27] [INFO] Ejecutando trabajo: ERP SQL
[2026-07-10 00:56:27] [INFO] === Backup Center iniciado ===
[2026-07-10 00:56:27] [INFO] Subiendo: ERP_TEST.zip
[2026-07-10 00:56:27] [INFO] Subiendo: ERP_TEST_01.zip
[2026-07-10 00:56:27] [INFO] Subiendo: ERP_TEST_02.zip
[2026-07-10 00:56:27] [INFO] Subiendo: ERP_TEST_03.zip
[2026-07-10 00:56:27] [INFO] Subiendo: ERP_TEST_04.bak
[2026-07-10 00:56:27] [INFO] Subiendo: ERP_TEST_05.7z
[2026-07-10 00:56:27] [INFO] Subiendo: ERP_TEST_06.zip
[2026-07-10 00:56:27] [INFO] Subiendo: ERP_TEST_07.zip
[2026-07-10 00:56:27] [INFO] Subiendo: ERP_TEST_08.zip
[2026-07-10 00:56:27] [INFO] Subiendo: ERP_TEST_09.bak
[2026-07-10 00:56:27] [INFO] Subiendo: ERP_TEST_10.7z
[2026-07-10 00:56:27] [INFO] Subiendo: ERP_TEST_11.zip
[2026-07-10 00:56:27] [INFO] Subiendo: ERP_TEST_13.zip
[2026-07-10 00:56:27] [INFO] Subiendo: ERP_TEST_14.zip
[2026-07-10 00:56:27] [INFO] Subiendo: ERP_TEST_15.zip
[2026-07-10 00:56:27] [INFO] Subiendo: ERP_TEST_16.zip
[2026-07-10 00:56:27] [INFO] Subiendo: ERP_TEST_17.zip
[2026-07-10 00:56:27] [INFO] Subiendo: ERP_TEST_18.zip
[2026-07-10 00:56:27] [INFO] Subiendo: ERP_TEST_19.zip
[2026-07-10 00:56:27] [INFO] Subiendo: ERP_TEST_20.zip
[2026-07-10 00:56:27] [INFO] Subiendo: ERP_TEST_21.zip
[2026-07-10 00:56:27] [SUCCESS] Proceso finalizado.
[2026-07-10 00:56:37] [INFO] Ejecutando trabajo: ERP SQL
[2026-07-10 00:56:37] [INFO] === Backup Center iniciado ===
[2026-07-10 00:56:37] [INFO] Subiendo: ERP_TEST.zip
[2026-07-10 00:56:37] [INFO] Subiendo: ERP_TEST_01.zip
[2026-07-10 00:56:37] [INFO] Subiendo: ERP_TEST_02.zip
[2026-07-10 00:56:37] [INFO] Subiendo: ERP_TEST_03.zip
[2026-07-10 00:56:37] [INFO] Subiendo: ERP_TEST_04.bak
[2026-07-10 00:56:37] [INFO] Subiendo: ERP_TEST_05.7z
[2026-07-10 00:56:37] [INFO] Subiendo: ERP_TEST_06.zip
[2026-07-10 00:56:37] [INFO] Subiendo: ERP_TEST_07.zip
[2026-07-10 00:56:37] [INFO] Subiendo: ERP_TEST_08.zip
[2026-07-10 00:56:37] [INFO] Subiendo: ERP_TEST_09.bak
[2026-07-10 00:56:37] [INFO] Subiendo: ERP_TEST_10.7z
[2026-07-10 00:56:37] [INFO] Subiendo: ERP_TEST_11.zip
[2026-07-10 00:56:37] [INFO] Subiendo: ERP_TEST_13.zip
[2026-07-10 00:56:37] [INFO] Subiendo: ERP_TEST_14.zip
[2026-07-10 00:56:37] [INFO] Subiendo: ERP_TEST_15.zip
[2026-07-10 00:56:37] [INFO] Subiendo: ERP_TEST_16.zip
[2026-07-10 00:56:37] [INFO] Subiendo: ERP_TEST_17.zip
[2026-07-10 00:56:37] [INFO] Subiendo: ERP_TEST_18.zip
[2026-07-10 00:56:37] [INFO] Subiendo: ERP_TEST_19.zip
[2026-07-10 00:56:37] [INFO] Subiendo: ERP_TEST_20.zip
[2026-07-10 00:56:37] [INFO] Subiendo: ERP_TEST_21.zip
[2026-07-10 00:56:37] [SUCCESS] Proceso finalizado.
[2026-07-10 00:56:47] [INFO] Ejecutando trabajo: ERP SQL
[2026-07-10 00:56:47] [INFO] === Backup Center iniciado ===
[2026-07-10 00:56:47] [INFO] Subiendo: ERP_TEST.zip
[2026-07-10 00:56:47] [INFO] Subiendo: ERP_TEST_01.zip
[2026-07-10 00:56:47] [INFO] Subiendo: ERP_TEST_02.zip
[2026-07-10 00:56:47] [INFO] Subiendo: ERP_TEST_03.zip
[2026-07-10 00:56:47] [INFO] Subiendo: ERP_TEST_04.bak
[2026-07-10 00:56:47] [INFO] Subiendo: ERP_TEST_05.7z
[2026-07-10 00:56:47] [INFO] Subiendo: ERP_TEST_06.zip
[2026-07-10 00:56:47] [INFO] Subiendo: ERP_TEST_07.zip
[2026-07-10 00:56:47] [INFO] Subiendo: ERP_TEST_08.zip
[2026-07-10 00:56:47] [INFO] Subiendo: ERP_TEST_09.bak
[2026-07-10 00:56:47] [INFO] Subiendo: ERP_TEST_10.7z
[2026-07-10 00:56:47] [INFO] Subiendo: ERP_TEST_11.zip
[2026-07-10 00:56:47] [INFO] Subiendo: ERP_TEST_13.zip
[2026-07-10 00:56:47] [INFO] Subiendo: ERP_TEST_14.zip
[2026-07-10 00:56:47] [INFO] Subiendo: ERP_TEST_15.zip
[2026-07-10 00:56:47] [INFO] Subiendo: ERP_TEST_16.zip
[2026-07-10 00:56:47] [INFO] Subiendo: ERP_TEST_17.zip
[2026-07-10 00:56:47] [INFO] Subiendo: ERP_TEST_18.zip
[2026-07-10 00:56:47] [INFO] Subiendo: ERP_TEST_19.zip
[2026-07-10 00:56:47] [INFO] Subiendo: ERP_TEST_20.zip
[2026-07-10 00:56:47] [INFO] Subiendo: ERP_TEST_21.zip
[2026-07-10 00:56:47] [SUCCESS] Proceso finalizado.
[2026-07-10 00:56:57] [INFO] Ejecutando trabajo: ERP SQL
[2026-07-10 00:56:57] [INFO] === Backup Center iniciado ===
[2026-07-10 00:56:57] [INFO] Subiendo: ERP_TEST.zip
[2026-07-10 00:56:57] [INFO] Subiendo: ERP_TEST_01.zip
[2026-07-10 00:56:57] [INFO] Subiendo: ERP_TEST_02.zip
[2026-07-10 00:56:57] [INFO] Subiendo: ERP_TEST_03.zip
[2026-07-10 00:56:57] [INFO] Subiendo: ERP_TEST_04.bak
[2026-07-10 00:56:57] [INFO] Subiendo: ERP_TEST_05.7z
[2026-07-10 00:56:57] [INFO] Subiendo: ERP_TEST_06.zip
[2026-07-10 00:56:57] [INFO] Subiendo: ERP_TEST_07.zip
[2026-07-10 00:56:57] [INFO] Subiendo: ERP_TEST_08.zip
[2026-07-10 00:56:57] [INFO] Subiendo: ERP_TEST_09.bak
[2026-07-10 00:56:57] [INFO] Subiendo: ERP_TEST_10.7z
[2026-07-10 00:56:57] [INFO] Subiendo: ERP_TEST_11.zip
[2026-07-10 00:56:57] [INFO] Subiendo: ERP_TEST_13.zip
[2026-07-10 00:56:57] [INFO] Subiendo: ERP_TEST_14.zip
[2026-07-10 00:56:57] [INFO] Subiendo: ERP_TEST_15.zip
[2026-07-10 00:56:57] [INFO] Subiendo: ERP_TEST_16.zip
[2026-07-10 00:56:57] [INFO] Subiendo: ERP_TEST_17.zip
[2026-07-10 00:56:57] [INFO] Subiendo: ERP_TEST_18.zip
[2026-07-10 00:56:57] [INFO] Subiendo: ERP_TEST_19.zip
[2026-07-10 00:56:57] [INFO] Subiendo: ERP_TEST_20.zip
[2026-07-10 00:56:57] [INFO] Subiendo: ERP_TEST_21.zip
[2026-07-10 00:56:57] [SUCCESS] Proceso finalizado.
[2026-07-10 00:57:07] [INFO] Ejecutando trabajo: ERP SQL
[2026-07-10 00:57:07] [INFO] === Backup Center iniciado ===
[2026-07-10 00:57:07] [INFO] Subiendo: ERP_TEST.zip
[2026-07-10 00:57:07] [INFO] Subiendo: ERP_TEST_01.zip
[2026-07-10 00:57:07] [INFO] Subiendo: ERP_TEST_02.zip
[2026-07-10 00:57:07] [INFO] Subiendo: ERP_TEST_03.zip
[2026-07-10 00:57:07] [INFO] Subiendo: ERP_TEST_04.bak
[2026-07-10 00:57:07] [INFO] Subiendo: ERP_TEST_05.7z
[2026-07-10 00:57:07] [INFO] Subiendo: ERP_TEST_06.zip
[2026-07-10 00:57:07] [INFO] Subiendo: ERP_TEST_07.zip
[2026-07-10 00:57:07] [INFO] Subiendo: ERP_TEST_08.zip
[2026-07-10 00:57:07] [INFO] Subiendo: ERP_TEST_09.bak
[2026-07-10 00:57:07] [INFO] Subiendo: ERP_TEST_10.7z
[2026-07-10 00:57:07] [INFO] Subiendo: ERP_TEST_11.zip
[2026-07-10 00:57:07] [INFO] Subiendo: ERP_TEST_13.zip
[2026-07-10 00:57:07] [INFO] Subiendo: ERP_TEST_14.zip
[2026-07-10 00:57:07] [INFO] Subiendo: ERP_TEST_15.zip
[2026-07-10 00:57:07] [INFO] Subiendo: ERP_TEST_16.zip
[2026-07-10 00:57:07] [INFO] Subiendo: ERP_TEST_17.zip
[2026-07-10 00:57:07] [INFO] Subiendo: ERP_TEST_18.zip
[2026-07-10 00:57:07] [INFO] Subiendo: ERP_TEST_19.zip
[2026-07-10 00:57:07] [INFO] Subiendo: ERP_TEST_20.zip
[2026-07-10 00:57:07] [INFO] Subiendo: ERP_TEST_21.zip
[2026-07-10 00:57:07] [SUCCESS] Proceso finalizado.
[2026-07-10 00:57:17] [INFO] Ejecutando trabajo: ERP SQL
[2026-07-10 00:57:17] [INFO] === Backup Center iniciado ===
[2026-07-10 00:57:17] [INFO] Subiendo: ERP_TEST.zip
[2026-07-10 00:57:17] [INFO] Subiendo: ERP_TEST_01.zip
[2026-07-10 00:57:17] [INFO] Subiendo: ERP_TEST_02.zip
[2026-07-10 00:57:17] [INFO] Subiendo: ERP_TEST_03.zip
[2026-07-10 00:57:17] [INFO] Subiendo: ERP_TEST_04.bak
[2026-07-10 00:57:17] [INFO] Subiendo: ERP_TEST_05.7z
[2026-07-10 00:57:17] [INFO] Subiendo: ERP_TEST_06.zip
[2026-07-10 00:57:17] [INFO] Subiendo: ERP_TEST_07.zip
[2026-07-10 00:57:17] [INFO] Subiendo: ERP_TEST_08.zip
[2026-07-10 00:57:17] [INFO] Subiendo: ERP_TEST_09.bak
[2026-07-10 00:57:17] [INFO] Subiendo: ERP_TEST_10.7z
[2026-07-10 00:57:17] [INFO] Subiendo: ERP_TEST_11.zip
[2026-07-10 00:57:17] [INFO] Subiendo: ERP_TEST_13.zip
[2026-07-10 00:57:17] [INFO] Subiendo: ERP_TEST_14.zip
[2026-07-10 00:57:17] [INFO] Subiendo: ERP_TEST_15.zip
[2026-07-10 00:57:17] [INFO] Subiendo: ERP_TEST_16.zip
[2026-07-10 00:57:17] [INFO] Subiendo: ERP_TEST_17.zip
[2026-07-10 00:57:17] [INFO] Subiendo: ERP_TEST_18.zip
[2026-07-10 00:57:17] [INFO] Subiendo: ERP_TEST_19.zip
[2026-07-10 00:57:17] [INFO] Subiendo: ERP_TEST_20.zip
[2026-07-10 00:57:17] [INFO] Subiendo: ERP_TEST_21.zip
[2026-07-10 00:57:17] [SUCCESS] Proceso finalizado.
[2026-07-10 00:57:28] [INFO] Ejecutando trabajo: ERP SQL
[2026-07-10 00:57:28] [INFO] === Backup Center iniciado ===
[2026-07-10 00:57:28] [INFO] Subiendo: ERP_TEST.zip
[2026-07-10 00:57:28] [INFO] Subiendo: ERP_TEST_01.zip
[2026-07-10 00:57:28] [INFO] Subiendo: ERP_TEST_02.zip
[2026-07-10 00:57:28] [INFO] Subiendo: ERP_TEST_03.zip
[2026-07-10 00:57:28] [INFO] Subiendo: ERP_TEST_04.bak
[2026-07-10 00:57:28] [INFO] Subiendo: ERP_TEST_05.7z
[2026-07-10 00:57:28] [INFO] Subiendo: ERP_TEST_06.zip
[2026-07-10 00:57:28] [INFO] Subiendo: ERP_TEST_07.zip
[2026-07-10 00:57:28] [INFO] Subiendo: ERP_TEST_08.zip
[2026-07-10 00:57:28] [INFO] Subiendo: ERP_TEST_09.bak
[2026-07-10 00:57:28] [INFO] Subiendo: ERP_TEST_10.7z
[2026-07-10 00:57:28] [INFO] Subiendo: ERP_TEST_11.zip
[2026-07-10 00:57:28] [INFO] Subiendo: ERP_TEST_13.zip
[2026-07-10 00:57:28] [INFO] Subiendo: ERP_TEST_14.zip
[2026-07-10 00:57:28] [INFO] Subiendo: ERP_TEST_15.zip
[2026-07-10 00:57:28] [INFO] Subiendo: ERP_TEST_16.zip
[2026-07-10 00:57:28] [INFO] Subiendo: ERP_TEST_17.zip
[2026-07-10 00:57:28] [INFO] Subiendo: ERP_TEST_18.zip
[2026-07-10 00:57:28] [INFO] Subiendo: ERP_TEST_19.zip
[2026-07-10 00:57:28] [INFO] Subiendo: ERP_TEST_20.zip
[2026-07-10 00:57:28] [INFO] Subiendo: ERP_TEST_21.zip
[2026-07-10 00:57:28] [SUCCESS] Proceso finalizado.
[2026-07-10 00:57:38] [INFO] Ejecutando trabajo: ERP SQL
[2026-07-10 00:57:38] [INFO] === Backup Center iniciado ===
[2026-07-10 00:57:38] [INFO] Subiendo: ERP_TEST.zip
[2026-07-10 00:57:38] [INFO] Subiendo: ERP_TEST_01.zip
[2026-07-10 00:57:38] [INFO] Subiendo: ERP_TEST_02.zip
[2026-07-10 00:57:38] [INFO] Subiendo: ERP_TEST_03.zip
[2026-07-10 00:57:38] [INFO] Subiendo: ERP_TEST_04.bak
[2026-07-10 00:57:38] [INFO] Subiendo: ERP_TEST_05.7z
[2026-07-10 00:57:38] [INFO] Subiendo: ERP_TEST_06.zip
[2026-07-10 00:57:38] [INFO] Subiendo: ERP_TEST_07.zip
[2026-07-10 00:57:38] [INFO] Subiendo: ERP_TEST_08.zip
[2026-07-10 00:57:38] [INFO] Subiendo: ERP_TEST_09.bak
[2026-07-10 00:57:38] [INFO] Subiendo: ERP_TEST_10.7z
[2026-07-10 00:57:38] [INFO] Subiendo: ERP_TEST_11.zip
[2026-07-10 00:57:38] [INFO] Subiendo: ERP_TEST_13.zip
[2026-07-10 00:57:38] [INFO] Subiendo: ERP_TEST_14.zip
[2026-07-10 00:57:38] [INFO] Subiendo: ERP_TEST_15.zip
[2026-07-10 00:57:38] [INFO] Subiendo: ERP_TEST_16.zip
[2026-07-10 00:57:38] [INFO] Subiendo: ERP_TEST_17.zip
[2026-07-10 00:57:38] [INFO] Subiendo: ERP_TEST_18.zip
[2026-07-10 00:57:38] [INFO] Subiendo: ERP_TEST_19.zip
[2026-07-10 00:57:38] [INFO] Subiendo: ERP_TEST_20.zip
[2026-07-10 00:57:38] [INFO] Subiendo: ERP_TEST_21.zip
[2026-07-10 00:57:38] [SUCCESS] Proceso finalizado.
[2026-07-10 00:57:48] [INFO] Ejecutando trabajo: ERP SQL
[2026-07-10 00:57:48] [INFO] === Backup Center iniciado ===
[2026-07-10 00:57:48] [INFO] Subiendo: ERP_TEST.zip
[2026-07-10 00:57:48] [INFO] Subiendo: ERP_TEST_01.zip
[2026-07-10 00:57:48] [INFO] Subiendo: ERP_TEST_02.zip
[2026-07-10 00:57:48] [INFO] Subiendo: ERP_TEST_03.zip
[2026-07-10 00:57:48] [INFO] Subiendo: ERP_TEST_04.bak
[2026-07-10 00:57:48] [INFO] Subiendo: ERP_TEST_05.7z
[2026-07-10 00:57:48] [INFO] Subiendo: ERP_TEST_06.zip
[2026-07-10 00:57:48] [INFO] Subiendo: ERP_TEST_07.zip
[2026-07-10 00:57:48] [INFO] Subiendo: ERP_TEST_08.zip
[2026-07-10 00:57:48] [INFO] Subiendo: ERP_TEST_09.bak
[2026-07-10 00:57:48] [INFO] Subiendo: ERP_TEST_10.7z
[2026-07-10 00:57:48] [INFO] Subiendo: ERP_TEST_11.zip
[2026-07-10 00:57:48] [INFO] Subiendo: ERP_TEST_13.zip
[2026-07-10 00:57:48] [INFO] Subiendo: ERP_TEST_14.zip
[2026-07-10 00:57:48] [INFO] Subiendo: ERP_TEST_15.zip
[2026-07-10 00:57:48] [INFO] Subiendo: ERP_TEST_16.zip
[2026-07-10 00:57:48] [INFO] Subiendo: ERP_TEST_17.zip
[2026-07-10 00:57:48] [INFO] Subiendo: ERP_TEST_18.zip
[2026-07-10 00:57:48] [INFO] Subiendo: ERP_TEST_19.zip
[2026-07-10 00:57:48] [INFO] Subiendo: ERP_TEST_20.zip
[2026-07-10 00:57:48] [INFO] Subiendo: ERP_TEST_21.zip
[2026-07-10 00:57:48] [SUCCESS] Proceso finalizado.
[2026-07-10 00:57:58] [INFO] Ejecutando trabajo: ERP SQL
[2026-07-10 00:57:58] [INFO] === Backup Center iniciado ===
[2026-07-10 00:57:58] [INFO] Subiendo: ERP_TEST.zip
[2026-07-10 00:57:58] [INFO] Subiendo: ERP_TEST_01.zip
[2026-07-10 00:57:58] [INFO] Subiendo: ERP_TEST_02.zip
[2026-07-10 00:57:58] [INFO] Subiendo: ERP_TEST_03.zip
[2026-07-10 00:57:58] [INFO] Subiendo: ERP_TEST_04.bak
[2026-07-10 00:57:58] [INFO] Subiendo: ERP_TEST_05.7z
[2026-07-10 00:57:58] [INFO] Subiendo: ERP_TEST_06.zip
[2026-07-10 00:57:58] [INFO] Subiendo: ERP_TEST_07.zip
[2026-07-10 00:57:58] [INFO] Subiendo: ERP_TEST_08.zip
[2026-07-10 00:57:58] [INFO] Subiendo: ERP_TEST_09.bak
[2026-07-10 00:57:58] [INFO] Subiendo: ERP_TEST_10.7z
[2026-07-10 00:57:58] [INFO] Subiendo: ERP_TEST_11.zip
[2026-07-10 00:57:58] [INFO] Subiendo: ERP_TEST_13.zip
[2026-07-10 00:57:58] [INFO] Subiendo: ERP_TEST_14.zip
[2026-07-10 00:57:58] [INFO] Subiendo: ERP_TEST_15.zip
[2026-07-10 00:57:58] [INFO] Subiendo: ERP_TEST_16.zip
[2026-07-10 00:57:58] [INFO] Subiendo: ERP_TEST_17.zip
[2026-07-10 00:57:58] [INFO] Subiendo: ERP_TEST_18.zip
[2026-07-10 00:57:58] [INFO] Subiendo: ERP_TEST_19.zip
[2026-07-10 00:57:58] [INFO] Subiendo: ERP_TEST_20.zip
[2026-07-10 00:57:58] [INFO] Subiendo: ERP_TEST_21.zip
[2026-07-10 00:57:58] [SUCCESS] Proceso finalizado.
[2026-07-10 00:58:08] [INFO] Ejecutando trabajo: ERP SQL
[2026-07-10 00:58:08] [INFO] === Backup Center iniciado ===
[2026-07-10 00:58:08] [INFO] Subiendo: ERP_TEST.zip
[2026-07-10 00:58:08] [INFO] Subiendo: ERP_TEST_01.zip
[2026-07-10 00:58:08] [INFO] Subiendo: ERP_TEST_02.zip
[2026-07-10 00:58:08] [INFO] Subiendo: ERP_TEST_03.zip
[2026-07-10 00:58:08] [INFO] Subiendo: ERP_TEST_04.bak
[2026-07-10 00:58:08] [INFO] Subiendo: ERP_TEST_05.7z
[2026-07-10 00:58:08] [INFO] Subiendo: ERP_TEST_06.zip
[2026-07-10 00:58:08] [INFO] Subiendo: ERP_TEST_07.zip
[2026-07-10 00:58:08] [INFO] Subiendo: ERP_TEST_08.zip
[2026-07-10 00:58:08] [INFO] Subiendo: ERP_TEST_09.bak
[2026-07-10 00:58:08] [INFO] Subiendo: ERP_TEST_10.7z
[2026-07-10 00:58:08] [INFO] Subiendo: ERP_TEST_11.zip
[2026-07-10 00:58:08] [INFO] Subiendo: ERP_TEST_13.zip
[2026-07-10 00:58:08] [INFO] Subiendo: ERP_TEST_14.zip
[2026-07-10 00:58:08] [INFO] Subiendo: ERP_TEST_15.zip
[2026-07-10 00:58:08] [INFO] Subiendo: ERP_TEST_16.zip
[2026-07-10 00:58:08] [INFO] Subiendo: ERP_TEST_17.zip
[2026-07-10 00:58:08] [INFO] Subiendo: ERP_TEST_18.zip
[2026-07-10 00:58:08] [INFO] Subiendo: ERP_TEST_19.zip
[2026-07-10 00:58:08] [INFO] Subiendo: ERP_TEST_20.zip
[2026-07-10 00:58:08] [INFO] Subiendo: ERP_TEST_21.zip
[2026-07-10 00:58:08] [SUCCESS] Proceso finalizado.
[2026-07-10 00:58:16] [INFO] Ejecutando trabajo: ERP SQL
[2026-07-10 00:58:16] [INFO] === Backup Center iniciado ===
[2026-07-10 00:58:16] [INFO] Subiendo: ERP_TEST.zip
[2026-07-10 00:58:16] [INFO] Subiendo: ERP_TEST_01.zip
[2026-07-10 00:58:16] [INFO] Subiendo: ERP_TEST_02.zip
[2026-07-10 00:58:16] [INFO] Subiendo: ERP_TEST_03.zip
[2026-07-10 00:58:16] [INFO] Subiendo: ERP_TEST_04.bak
[2026-07-10 00:58:16] [INFO] Subiendo: ERP_TEST_05.7z
[2026-07-10 00:58:16] [INFO] Subiendo: ERP_TEST_06.zip
[2026-07-10 00:58:16] [INFO] Subiendo: ERP_TEST_07.zip
[2026-07-10 00:58:16] [INFO] Subiendo: ERP_TEST_08.zip
[2026-07-10 00:58:16] [INFO] Subiendo: ERP_TEST_09.bak
[2026-07-10 00:58:16] [INFO] Subiendo: ERP_TEST_10.7z
[2026-07-10 00:58:16] [INFO] Subiendo: ERP_TEST_11.zip
[2026-07-10 00:58:16] [INFO] Subiendo: ERP_TEST_13.zip
[2026-07-10 00:58:16] [INFO] Subiendo: ERP_TEST_14.zip
[2026-07-10 00:58:16] [INFO] Subiendo: ERP_TEST_15.zip
[2026-07-10 00:58:16] [INFO] Subiendo: ERP_TEST_16.zip
[2026-07-10 00:58:16] [INFO] Subiendo: ERP_TEST_17.zip
[2026-07-10 00:58:16] [INFO] Subiendo: ERP_TEST_18.zip
[2026-07-10 00:58:16] [INFO] Subiendo: ERP_TEST_19.zip
[2026-07-10 00:58:16] [INFO] Subiendo: ERP_TEST_20.zip
[2026-07-10 00:58:16] [INFO] Subiendo: ERP_TEST_21.zip
[2026-07-10 00:58:16] [SUCCESS] Proceso finalizado.
[2026-07-10 00:58:26] [INFO] Ejecutando trabajo: ERP SQL
[2026-07-10 00:58:26] [INFO] === Backup Center iniciado ===
[2026-07-10 00:58:26] [INFO] Subiendo: ERP_TEST.zip
[2026-07-10 00:58:26] [INFO] Subiendo: ERP_TEST_01.zip
[2026-07-10 00:58:26] [INFO] Subiendo: ERP_TEST_02.zip
[2026-07-10 00:58:26] [INFO] Subiendo: ERP_TEST_03.zip
[2026-07-10 00:58:26] [INFO] Subiendo: ERP_TEST_04.bak
[2026-07-10 00:58:26] [INFO] Subiendo: ERP_TEST_05.7z
[2026-07-10 00:58:26] [INFO] Subiendo: ERP_TEST_06.zip
[2026-07-10 00:58:26] [INFO] Subiendo: ERP_TEST_07.zip
[2026-07-10 00:58:26] [INFO] Subiendo: ERP_TEST_08.zip
[2026-07-10 00:58:26] [INFO] Subiendo: ERP_TEST_09.bak
[2026-07-10 00:58:26] [INFO] Subiendo: ERP_TEST_10.7z
[2026-07-10 00:58:26] [INFO] Subiendo: ERP_TEST_11.zip
[2026-07-10 00:58:26] [INFO] Subiendo: ERP_TEST_13.zip
[2026-07-10 00:58:26] [INFO] Subiendo: ERP_TEST_14.zip
[2026-07-10 00:58:26] [INFO] Subiendo: ERP_TEST_15.zip
[2026-07-10 00:58:26] [INFO] Subiendo: ERP_TEST_16.zip
[2026-07-10 00:58:26] [INFO] Subiendo: ERP_TEST_17.zip
[2026-07-10 00:58:26] [INFO] Subiendo: ERP_TEST_18.zip
[2026-07-10 00:58:26] [INFO] Subiendo: ERP_TEST_19.zip
[2026-07-10 00:58:26] [INFO] Subiendo: ERP_TEST_20.zip
[2026-07-10 00:58:26] [INFO] Subiendo: ERP_TEST_21.zip
[2026-07-10 00:58:26] [SUCCESS] Proceso finalizado.
[2026-07-10 00:58:36] [INFO] Ejecutando trabajo: ERP SQL
[2026-07-10 00:58:36] [INFO] === Backup Center iniciado ===
[2026-07-10 00:58:36] [INFO] Subiendo: ERP_TEST.zip
[2026-07-10 00:58:36] [INFO] Subiendo: ERP_TEST_01.zip
[2026-07-10 00:58:36] [INFO] Subiendo: ERP_TEST_02.zip
[2026-07-10 00:58:36] [INFO] Subiendo: ERP_TEST_03.zip
[2026-07-10 00:58:36] [INFO] Subiendo: ERP_TEST_04.bak
[2026-07-10 00:58:36] [INFO] Subiendo: ERP_TEST_05.7z
[2026-07-10 00:58:36] [INFO] Subiendo: ERP_TEST_06.zip
[2026-07-10 00:58:36] [INFO] Subiendo: ERP_TEST_07.zip
[2026-07-10 00:58:36] [INFO] Subiendo: ERP_TEST_08.zip
[2026-07-10 00:58:36] [INFO] Subiendo: ERP_TEST_09.bak
[2026-07-10 00:58:36] [INFO] Subiendo: ERP_TEST_10.7z
[2026-07-10 00:58:36] [INFO] Subiendo: ERP_TEST_11.zip
[2026-07-10 00:58:36] [INFO] Subiendo: ERP_TEST_13.zip
[2026-07-10 00:58:36] [INFO] Subiendo: ERP_TEST_14.zip
[2026-07-10 00:58:36] [INFO] Subiendo: ERP_TEST_15.zip
[2026-07-10 00:58:36] [INFO] Subiendo: ERP_TEST_16.zip
[2026-07-10 00:58:36] [INFO] Subiendo: ERP_TEST_17.zip
[2026-07-10 00:58:36] [INFO] Subiendo: ERP_TEST_18.zip
[2026-07-10 00:58:36] [INFO] Subiendo: ERP_TEST_19.zip
[2026-07-10 00:58:36] [INFO] Subiendo: ERP_TEST_20.zip
[2026-07-10 00:58:36] [INFO] Subiendo: ERP_TEST_21.zip
[2026-07-10 00:58:36] [SUCCESS] Proceso finalizado.
[2026-07-10 00:58:46] [INFO] Ejecutando trabajo: ERP SQL
[2026-07-10 00:58:46] [INFO] === Backup Center iniciado ===
[2026-07-10 00:58:46] [INFO] Subiendo: ERP_TEST.zip
[2026-07-10 00:58:46] [INFO] Subiendo: ERP_TEST_01.zip
[2026-07-10 00:58:46] [INFO] Subiendo: ERP_TEST_02.zip
[2026-07-10 00:58:46] [INFO] Subiendo: ERP_TEST_03.zip
[2026-07-10 00:58:46] [INFO] Subiendo: ERP_TEST_04.bak
[2026-07-10 00:58:46] [INFO] Subiendo: ERP_TEST_05.7z
[2026-07-10 00:58:46] [INFO] Subiendo: ERP_TEST_06.zip
[2026-07-10 00:58:46] [INFO] Subiendo: ERP_TEST_07.zip
[2026-07-10 00:58:46] [INFO] Subiendo: ERP_TEST_08.zip
[2026-07-10 00:58:46] [INFO] Subiendo: ERP_TEST_09.bak
[2026-07-10 00:58:46] [INFO] Subiendo: ERP_TEST_10.7z
[2026-07-10 00:58:46] [INFO] Subiendo: ERP_TEST_11.zip
[2026-07-10 00:58:46] [INFO] Subiendo: ERP_TEST_13.zip
[2026-07-10 00:58:46] [INFO] Subiendo: ERP_TEST_14.zip
[2026-07-10 00:58:46] [INFO] Subiendo: ERP_TEST_15.zip
[2026-07-10 00:58:46] [INFO] Subiendo: ERP_TEST_16.zip
[2026-07-10 00:58:46] [INFO] Subiendo: ERP_TEST_17.zip
[2026-07-10 00:58:46] [INFO] Subiendo: ERP_TEST_18.zip
[2026-07-10 00:58:46] [INFO] Subiendo: ERP_TEST_19.zip
[2026-07-10 00:58:46] [INFO] Subiendo: ERP_TEST_20.zip
[2026-07-10 00:58:46] [INFO] Subiendo: ERP_TEST_21.zip
[2026-07-10 00:58:46] [SUCCESS] Proceso finalizado.
[2026-07-10 00:58:56] [INFO] Ejecutando trabajo: ERP SQL
[2026-07-10 00:58:56] [INFO] === Backup Center iniciado ===
[2026-07-10 00:58:56] [INFO] Subiendo: ERP_TEST.zip
[2026-07-10 00:58:56] [INFO] Subiendo: ERP_TEST_01.zip
[2026-07-10 00:58:56] [INFO] Subiendo: ERP_TEST_02.zip
[2026-07-10 00:58:56] [INFO] Subiendo: ERP_TEST_03.zip
[2026-07-10 00:58:56] [INFO] Subiendo: ERP_TEST_04.bak
[2026-07-10 00:58:56] [INFO] Subiendo: ERP_TEST_05.7z
[2026-07-10 00:58:56] [INFO] Subiendo: ERP_TEST_06.zip
[2026-07-10 00:58:56] [INFO] Subiendo: ERP_TEST_07.zip
[2026-07-10 00:58:56] [INFO] Subiendo: ERP_TEST_08.zip
[2026-07-10 00:58:56] [INFO] Subiendo: ERP_TEST_09.bak
[2026-07-10 00:58:56] [INFO] Subiendo: ERP_TEST_10.7z
[2026-07-10 00:58:56] [INFO] Subiendo: ERP_TEST_11.zip
[2026-07-10 00:58:56] [INFO] Subiendo: ERP_TEST_13.zip
[2026-07-10 00:58:56] [INFO] Subiendo: ERP_TEST_14.zip
[2026-07-10 00:58:56] [INFO] Subiendo: ERP_TEST_15.zip
[2026-07-10 00:58:56] [INFO] Subiendo: ERP_TEST_16.zip
[2026-07-10 00:58:56] [INFO] Subiendo: ERP_TEST_17.zip
[2026-07-10 00:58:56] [INFO] Subiendo: ERP_TEST_18.zip
[2026-07-10 00:58:56] [INFO] Subiendo: ERP_TEST_19.zip
[2026-07-10 00:58:56] [INFO] Subiendo: ERP_TEST_20.zip
[2026-07-10 00:58:56] [INFO] Subiendo: ERP_TEST_21.zip
[2026-07-10 00:58:56] [SUCCESS] Proceso finalizado.
[2026-07-10 00:59:07] [INFO] Ejecutando trabajo: ERP SQL
[2026-07-10 00:59:07] [INFO] === Backup Center iniciado ===
[2026-07-10 00:59:07] [INFO] Subiendo: ERP_TEST.zip
[2026-07-10 00:59:07] [INFO] Subiendo: ERP_TEST_01.zip
[2026-07-10 00:59:07] [INFO] Subiendo: ERP_TEST_02.zip
[2026-07-10 00:59:07] [INFO] Subiendo: ERP_TEST_03.zip
[2026-07-10 00:59:07] [INFO] Subiendo: ERP_TEST_04.bak
[2026-07-10 00:59:07] [INFO] Subiendo: ERP_TEST_05.7z
[2026-07-10 00:59:07] [INFO] Subiendo: ERP_TEST_06.zip
[2026-07-10 00:59:07] [INFO] Subiendo: ERP_TEST_07.zip
[2026-07-10 00:59:07] [INFO] Subiendo: ERP_TEST_08.zip
[2026-07-10 00:59:07] [INFO] Subiendo: ERP_TEST_09.bak
[2026-07-10 00:59:07] [INFO] Subiendo: ERP_TEST_10.7z
[2026-07-10 00:59:07] [INFO] Subiendo: ERP_TEST_11.zip
[2026-07-10 00:59:07] [INFO] Subiendo: ERP_TEST_13.zip
[2026-07-10 00:59:07] [INFO] Subiendo: ERP_TEST_14.zip
[2026-07-10 00:59:07] [INFO] Subiendo: ERP_TEST_15.zip
[2026-07-10 00:59:07] [INFO] Subiendo: ERP_TEST_16.zip
[2026-07-10 00:59:07] [INFO] Subiendo: ERP_TEST_17.zip
[2026-07-10 00:59:07] [INFO] Subiendo: ERP_TEST_18.zip
[2026-07-10 00:59:07] [INFO] Subiendo: ERP_TEST_19.zip
[2026-07-10 00:59:07] [INFO] Subiendo: ERP_TEST_20.zip
[2026-07-10 00:59:07] [INFO] Subiendo: ERP_TEST_21.zip
[2026-07-10 00:59:07] [SUCCESS] Proceso finalizado.
[2026-07-10 00:59:17] [INFO] Ejecutando trabajo: ERP SQL
[2026-07-10 00:59:17] [INFO] === Backup Center iniciado ===
[2026-07-10 00:59:17] [INFO] Subiendo: ERP_TEST.zip
[2026-07-10 00:59:17] [INFO] Subiendo: ERP_TEST_01.zip
[2026-07-10 00:59:17] [INFO] Subiendo: ERP_TEST_02.zip
[2026-07-10 00:59:17] [INFO] Subiendo: ERP_TEST_03.zip
[2026-07-10 00:59:17] [INFO] Subiendo: ERP_TEST_04.bak
[2026-07-10 00:59:17] [INFO] Subiendo: ERP_TEST_05.7z
[2026-07-10 00:59:17] [INFO] Subiendo: ERP_TEST_06.zip
[2026-07-10 00:59:17] [INFO] Subiendo: ERP_TEST_07.zip
[2026-07-10 00:59:17] [INFO] Subiendo: ERP_TEST_08.zip
[2026-07-10 00:59:17] [INFO] Subiendo: ERP_TEST_09.bak
[2026-07-10 00:59:17] [INFO] Subiendo: ERP_TEST_10.7z
[2026-07-10 00:59:17] [INFO] Subiendo: ERP_TEST_11.zip
[2026-07-10 00:59:17] [INFO] Subiendo: ERP_TEST_13.zip
[2026-07-10 00:59:17] [INFO] Subiendo: ERP_TEST_14.zip
[2026-07-10 00:59:17] [INFO] Subiendo: ERP_TEST_15.zip
[2026-07-10 00:59:17] [INFO] Subiendo: ERP_TEST_16.zip
[2026-07-10 00:59:17] [INFO] Subiendo: ERP_TEST_17.zip
[2026-07-10 00:59:17] [INFO] Subiendo: ERP_TEST_18.zip
[2026-07-10 00:59:17] [INFO] Subiendo: ERP_TEST_19.zip
[2026-07-10 00:59:17] [INFO] Subiendo: ERP_TEST_20.zip
[2026-07-10 00:59:17] [INFO] Subiendo: ERP_TEST_21.zip
[2026-07-10 00:59:17] [SUCCESS] Proceso finalizado.
[2026-07-10 00:59:27] [INFO] Ejecutando trabajo: ERP SQL
[2026-07-10 00:59:27] [INFO] === Backup Center iniciado ===
[2026-07-10 00:59:27] [INFO] Subiendo: ERP_TEST.zip
[2026-07-10 00:59:27] [INFO] Subiendo: ERP_TEST_01.zip
[2026-07-10 00:59:27] [INFO] Subiendo: ERP_TEST_02.zip
[2026-07-10 00:59:27] [INFO] Subiendo: ERP_TEST_03.zip
[2026-07-10 00:59:27] [INFO] Subiendo: ERP_TEST_04.bak
[2026-07-10 00:59:27] [INFO] Subiendo: ERP_TEST_05.7z
[2026-07-10 00:59:27] [INFO] Subiendo: ERP_TEST_06.zip
[2026-07-10 00:59:27] [INFO] Subiendo: ERP_TEST_07.zip
[2026-07-10 00:59:27] [INFO] Subiendo: ERP_TEST_08.zip
[2026-07-10 00:59:27] [INFO] Subiendo: ERP_TEST_09.bak
[2026-07-10 00:59:27] [INFO] Subiendo: ERP_TEST_10.7z
[2026-07-10 00:59:27] [INFO] Subiendo: ERP_TEST_11.zip
[2026-07-10 00:59:27] [INFO] Subiendo: ERP_TEST_13.zip
[2026-07-10 00:59:27] [INFO] Subiendo: ERP_TEST_14.zip
[2026-07-10 00:59:27] [INFO] Subiendo: ERP_TEST_15.zip
[2026-07-10 00:59:27] [INFO] Subiendo: ERP_TEST_16.zip
[2026-07-10 00:59:27] [INFO] Subiendo: ERP_TEST_17.zip
[2026-07-10 00:59:27] [INFO] Subiendo: ERP_TEST_18.zip
[2026-07-10 00:59:27] [INFO] Subiendo: ERP_TEST_19.zip
[2026-07-10 00:59:27] [INFO] Subiendo: ERP_TEST_20.zip
[2026-07-10 00:59:27] [INFO] Subiendo: ERP_TEST_21.zip
[2026-07-10 00:59:27] [SUCCESS] Proceso finalizado.
[2026-07-10 00:59:37] [INFO] Ejecutando trabajo: ERP SQL
[2026-07-10 00:59:37] [INFO] === Backup Center iniciado ===
[2026-07-10 00:59:37] [INFO] Subiendo: ERP_TEST.zip
[2026-07-10 00:59:37] [INFO] Subiendo: ERP_TEST_01.zip
[2026-07-10 00:59:37] [INFO] Subiendo: ERP_TEST_02.zip
[2026-07-10 00:59:37] [INFO] Subiendo: ERP_TEST_03.zip
[2026-07-10 00:59:37] [INFO] Subiendo: ERP_TEST_04.bak
[2026-07-10 00:59:37] [INFO] Subiendo: ERP_TEST_05.7z
[2026-07-10 00:59:37] [INFO] Subiendo: ERP_TEST_06.zip
[2026-07-10 00:59:37] [INFO] Subiendo: ERP_TEST_07.zip
[2026-07-10 00:59:37] [INFO] Subiendo: ERP_TEST_08.zip
[2026-07-10 00:59:37] [INFO] Subiendo: ERP_TEST_09.bak
[2026-07-10 00:59:37] [INFO] Subiendo: ERP_TEST_10.7z
[2026-07-10 00:59:37] [INFO] Subiendo: ERP_TEST_11.zip
[2026-07-10 00:59:37] [INFO] Subiendo: ERP_TEST_13.zip
[2026-07-10 00:59:37] [INFO] Subiendo: ERP_TEST_14.zip
[2026-07-10 00:59:37] [INFO] Subiendo: ERP_TEST_15.zip
[2026-07-10 00:59:37] [INFO] Subiendo: ERP_TEST_16.zip
[2026-07-10 00:59:37] [INFO] Subiendo: ERP_TEST_17.zip
[2026-07-10 00:59:37] [INFO] Subiendo: ERP_TEST_18.zip
[2026-07-10 00:59:37] [INFO] Subiendo: ERP_TEST_19.zip
[2026-07-10 00:59:37] [INFO] Subiendo: ERP_TEST_20.zip
[2026-07-10 00:59:37] [INFO] Subiendo: ERP_TEST_21.zip
[2026-07-10 00:59:37] [SUCCESS] Proceso finalizado.
[2026-07-10 00:59:47] [INFO] Ejecutando trabajo: ERP SQL
[2026-07-10 00:59:47] [INFO] === Backup Center iniciado ===
[2026-07-10 00:59:47] [INFO] Subiendo: ERP_TEST.zip
[2026-07-10 00:59:47] [INFO] Subiendo: ERP_TEST_01.zip
[2026-07-10 00:59:47] [INFO] Subiendo: ERP_TEST_02.zip
[2026-07-10 00:59:47] [INFO] Subiendo: ERP_TEST_03.zip
[2026-07-10 00:59:47] [INFO] Subiendo: ERP_TEST_04.bak
[2026-07-10 00:59:47] [INFO] Subiendo: ERP_TEST_05.7z
[2026-07-10 00:59:47] [INFO] Subiendo: ERP_TEST_06.zip
[2026-07-10 00:59:47] [INFO] Subiendo: ERP_TEST_07.zip
[2026-07-10 00:59:47] [INFO] Subiendo: ERP_TEST_08.zip
[2026-07-10 00:59:47] [INFO] Subiendo: ERP_TEST_09.bak
[2026-07-10 00:59:47] [INFO] Subiendo: ERP_TEST_10.7z
[2026-07-10 00:59:47] [INFO] Subiendo: ERP_TEST_11.zip
[2026-07-10 00:59:47] [INFO] Subiendo: ERP_TEST_13.zip
[2026-07-10 00:59:47] [INFO] Subiendo: ERP_TEST_14.zip
[2026-07-10 00:59:47] [INFO] Subiendo: ERP_TEST_15.zip
[2026-07-10 00:59:47] [INFO] Subiendo: ERP_TEST_16.zip
[2026-07-10 00:59:47] [INFO] Subiendo: ERP_TEST_17.zip
[2026-07-10 00:59:47] [INFO] Subiendo: ERP_TEST_18.zip
[2026-07-10 00:59:47] [INFO] Subiendo: ERP_TEST_19.zip
[2026-07-10 00:59:47] [INFO] Subiendo: ERP_TEST_20.zip
[2026-07-10 00:59:47] [INFO] Subiendo: ERP_TEST_21.zip
[2026-07-10 00:59:47] [SUCCESS] Proceso finalizado.
[2026-07-10 00:59:57] [INFO] Ejecutando trabajo: ERP SQL
[2026-07-10 00:59:57] [INFO] === Backup Center iniciado ===
[2026-07-10 00:59:57] [INFO] Subiendo: ERP_TEST.zip
[2026-07-10 00:59:57] [INFO] Subiendo: ERP_TEST_01.zip
[2026-07-10 00:59:57] [INFO] Subiendo: ERP_TEST_02.zip
[2026-07-10 00:59:57] [INFO] Subiendo: ERP_TEST_03.zip
[2026-07-10 00:59:57] [INFO] Subiendo: ERP_TEST_04.bak
[2026-07-10 00:59:57] [INFO] Subiendo: ERP_TEST_05.7z
[2026-07-10 00:59:57] [INFO] Subiendo: ERP_TEST_06.zip
[2026-07-10 00:59:57] [INFO] Subiendo: ERP_TEST_07.zip
[2026-07-10 00:59:57] [INFO] Subiendo: ERP_TEST_08.zip
[2026-07-10 00:59:57] [INFO] Subiendo: ERP_TEST_09.bak
[2026-07-10 00:59:57] [INFO] Subiendo: ERP_TEST_10.7z
[2026-07-10 00:59:57] [INFO] Subiendo: ERP_TEST_11.zip
[2026-07-10 00:59:57] [INFO] Subiendo: ERP_TEST_13.zip
[2026-07-10 00:59:57] [INFO] Subiendo: ERP_TEST_14.zip
[2026-07-10 00:59:57] [INFO] Subiendo: ERP_TEST_15.zip
[2026-07-10 00:59:57] [INFO] Subiendo: ERP_TEST_16.zip
[2026-07-10 00:59:57] [INFO] Subiendo: ERP_TEST_17.zip
[2026-07-10 00:59:57] [INFO] Subiendo: ERP_TEST_18.zip
[2026-07-10 00:59:57] [INFO] Subiendo: ERP_TEST_19.zip
[2026-07-10 00:59:57] [INFO] Subiendo: ERP_TEST_20.zip
[2026-07-10 00:59:57] [INFO] Subiendo: ERP_TEST_21.zip
[2026-07-10 00:59:57] [SUCCESS] Proceso finalizado.
[2026-07-10 01:00:07] [INFO] Ejecutando trabajo: ERP SQL
[2026-07-10 01:00:07] [INFO] === Backup Center iniciado ===
[2026-07-10 01:00:07] [INFO] Subiendo: ERP_TEST.zip
[2026-07-10 01:00:07] [INFO] Subiendo: ERP_TEST_01.zip
[2026-07-10 01:00:07] [INFO] Subiendo: ERP_TEST_02.zip
[2026-07-10 01:00:07] [INFO] Subiendo: ERP_TEST_03.zip
[2026-07-10 01:00:07] [INFO] Subiendo: ERP_TEST_04.bak
[2026-07-10 01:00:07] [INFO] Subiendo: ERP_TEST_05.7z
[2026-07-10 01:00:07] [INFO] Subiendo: ERP_TEST_06.zip
[2026-07-10 01:00:07] [INFO] Subiendo: ERP_TEST_07.zip
[2026-07-10 01:00:07] [INFO] Subiendo: ERP_TEST_08.zip
[2026-07-10 01:00:07] [INFO] Subiendo: ERP_TEST_09.bak
[2026-07-10 01:00:07] [INFO] Subiendo: ERP_TEST_10.7z
[2026-07-10 01:00:07] [INFO] Subiendo: ERP_TEST_11.zip
[2026-07-10 01:00:07] [INFO] Subiendo: ERP_TEST_13.zip
[2026-07-10 01:00:07] [INFO] Subiendo: ERP_TEST_14.zip
[2026-07-10 01:00:07] [INFO] Subiendo: ERP_TEST_15.zip
[2026-07-10 01:00:07] [INFO] Subiendo: ERP_TEST_16.zip
[2026-07-10 01:00:07] [INFO] Subiendo: ERP_TEST_17.zip
[2026-07-10 01:00:07] [INFO] Subiendo: ERP_TEST_18.zip
[2026-07-10 01:00:07] [INFO] Subiendo: ERP_TEST_19.zip
[2026-07-10 01:00:07] [INFO] Subiendo: ERP_TEST_20.zip
[2026-07-10 01:00:07] [INFO] Subiendo: ERP_TEST_21.zip
[2026-07-10 01:00:07] [SUCCESS] Proceso finalizado.
[2026-07-10 01:00:17] [INFO] Ejecutando trabajo: ERP SQL
[2026-07-10 01:00:17] [INFO] === Backup Center iniciado ===
[2026-07-10 01:00:17] [INFO] Subiendo: ERP_TEST.zip
[2026-07-10 01:00:17] [INFO] Subiendo: ERP_TEST_01.zip
[2026-07-10 01:00:17] [INFO] Subiendo: ERP_TEST_02.zip
[2026-07-10 01:00:17] [INFO] Subiendo: ERP_TEST_03.zip
[2026-07-10 01:00:17] [INFO] Subiendo: ERP_TEST_04.bak
[2026-07-10 01:00:17] [INFO] Subiendo: ERP_TEST_05.7z
[2026-07-10 01:00:17] [INFO] Subiendo: ERP_TEST_06.zip
[2026-07-10 01:00:17] [INFO] Subiendo: ERP_TEST_07.zip
[2026-07-10 01:00:17] [INFO] Subiendo: ERP_TEST_08.zip
[2026-07-10 01:00:17] [INFO] Subiendo: ERP_TEST_09.bak
[2026-07-10 01:00:17] [INFO] Subiendo: ERP_TEST_10.7z
[2026-07-10 01:00:17] [INFO] Subiendo: ERP_TEST_11.zip
[2026-07-10 01:00:17] [INFO] Subiendo: ERP_TEST_13.zip
[2026-07-10 01:00:17] [INFO] Subiendo: ERP_TEST_14.zip
[2026-07-10 01:00:17] [INFO] Subiendo: ERP_TEST_15.zip
[2026-07-10 01:00:17] [INFO] Subiendo: ERP_TEST_16.zip
[2026-07-10 01:00:17] [INFO] Subiendo: ERP_TEST_17.zip
[2026-07-10 01:00:17] [INFO] Subiendo: ERP_TEST_18.zip
[2026-07-10 01:00:17] [INFO] Subiendo: ERP_TEST_19.zip
[2026-07-10 01:00:17] [INFO] Subiendo: ERP_TEST_20.zip
[2026-07-10 01:00:17] [INFO] Subiendo: ERP_TEST_21.zip
[2026-07-10 01:00:17] [SUCCESS] Proceso finalizado.
[2026-07-10 01:00:28] [INFO] Ejecutando trabajo: ERP SQL
[2026-07-10 01:00:28] [INFO] === Backup Center iniciado ===
[2026-07-10 01:00:28] [INFO] Subiendo: ERP_TEST.zip
[2026-07-10 01:00:28] [INFO] Subiendo: ERP_TEST_01.zip
[2026-07-10 01:00:28] [INFO] Subiendo: ERP_TEST_02.zip
[2026-07-10 01:00:28] [INFO] Subiendo: ERP_TEST_03.zip
[2026-07-10 01:00:28] [INFO] Subiendo: ERP_TEST_04.bak
[2026-07-10 01:00:28] [INFO] Subiendo: ERP_TEST_05.7z
[2026-07-10 01:00:28] [INFO] Subiendo: ERP_TEST_06.zip
[2026-07-10 01:00:28] [INFO] Subiendo: ERP_TEST_07.zip
[2026-07-10 01:00:28] [INFO] Subiendo: ERP_TEST_08.zip
[2026-07-10 01:00:28] [INFO] Subiendo: ERP_TEST_09.bak
[2026-07-10 01:00:28] [INFO] Subiendo: ERP_TEST_10.7z
[2026-07-10 01:00:28] [INFO] Subiendo: ERP_TEST_11.zip
[2026-07-10 01:00:28] [INFO] Subiendo: ERP_TEST_13.zip
[2026-07-10 01:00:28] [INFO] Subiendo: ERP_TEST_14.zip
[2026-07-10 01:00:28] [INFO] Subiendo: ERP_TEST_15.zip
[2026-07-10 01:00:28] [INFO] Subiendo: ERP_TEST_16.zip
[2026-07-10 01:00:28] [INFO] Subiendo: ERP_TEST_17.zip
[2026-07-10 01:00:28] [INFO] Subiendo: ERP_TEST_18.zip
[2026-07-10 01:00:28] [INFO] Subiendo: ERP_TEST_19.zip
[2026-07-10 01:00:28] [INFO] Subiendo: ERP_TEST_20.zip
[2026-07-10 01:00:28] [INFO] Subiendo: ERP_TEST_21.zip
[2026-07-10 01:00:28] [SUCCESS] Proceso finalizado.
[2026-07-10 01:00:38] [INFO] Ejecutando trabajo: ERP SQL
[2026-07-10 01:00:38] [INFO] === Backup Center iniciado ===
[2026-07-10 01:00:38] [INFO] Subiendo: ERP_TEST.zip
[2026-07-10 01:00:38] [INFO] Subiendo: ERP_TEST_01.zip
[2026-07-10 01:00:38] [INFO] Subiendo: ERP_TEST_02.zip
[2026-07-10 01:00:38] [INFO] Subiendo: ERP_TEST_03.zip
[2026-07-10 01:00:38] [INFO] Subiendo: ERP_TEST_04.bak
[2026-07-10 01:00:38] [INFO] Subiendo: ERP_TEST_05.7z
[2026-07-10 01:00:38] [INFO] Subiendo: ERP_TEST_06.zip
[2026-07-10 01:00:38] [INFO] Subiendo: ERP_TEST_07.zip
[2026-07-10 01:00:38] [INFO] Subiendo: ERP_TEST_08.zip
[2026-07-10 01:00:38] [INFO] Subiendo: ERP_TEST_09.bak
[2026-07-10 01:00:38] [INFO] Subiendo: ERP_TEST_10.7z
[2026-07-10 01:00:38] [INFO] Subiendo: ERP_TEST_11.zip
[2026-07-10 01:00:38] [INFO] Subiendo: ERP_TEST_13.zip
[2026-07-10 01:00:38] [INFO] Subiendo: ERP_TEST_14.zip
[2026-07-10 01:00:38] [INFO] Subiendo: ERP_TEST_15.zip
[2026-07-10 01:00:38] [INFO] Subiendo: ERP_TEST_16.zip
[2026-07-10 01:00:38] [INFO] Subiendo: ERP_TEST_17.zip
[2026-07-10 01:00:38] [INFO] Subiendo: ERP_TEST_18.zip
[2026-07-10 01:00:38] [INFO] Subiendo: ERP_TEST_19.zip
[2026-07-10 01:00:38] [INFO] Subiendo: ERP_TEST_20.zip
[2026-07-10 01:00:38] [INFO] Subiendo: ERP_TEST_21.zip
[2026-07-10 01:00:38] [SUCCESS] Proceso finalizado.
[2026-07-10 01:00:48] [INFO] Ejecutando trabajo: ERP SQL
[2026-07-10 01:00:48] [INFO] === Backup Center iniciado ===
[2026-07-10 01:00:48] [INFO] Subiendo: ERP_TEST.zip
[2026-07-10 01:00:48] [INFO] Subiendo: ERP_TEST_01.zip
[2026-07-10 01:00:48] [INFO] Subiendo: ERP_TEST_02.zip
[2026-07-10 01:00:48] [INFO] Subiendo: ERP_TEST_03.zip
[2026-07-10 01:00:48] [INFO] Subiendo: ERP_TEST_04.bak
[2026-07-10 01:00:48] [INFO] Subiendo: ERP_TEST_05.7z
[2026-07-10 01:00:48] [INFO] Subiendo: ERP_TEST_06.zip
[2026-07-10 01:00:48] [INFO] Subiendo: ERP_TEST_07.zip
[2026-07-10 01:00:48] [INFO] Subiendo: ERP_TEST_08.zip
[2026-07-10 01:00:48] [INFO] Subiendo: ERP_TEST_09.bak
[2026-07-10 01:00:48] [INFO] Subiendo: ERP_TEST_10.7z
[2026-07-10 01:00:48] [INFO] Subiendo: ERP_TEST_11.zip
[2026-07-10 01:00:48] [INFO] Subiendo: ERP_TEST_13.zip
[2026-07-10 01:00:48] [INFO] Subiendo: ERP_TEST_14.zip
[2026-07-10 01:00:48] [INFO] Subiendo: ERP_TEST_15.zip
[2026-07-10 01:00:48] [INFO] Subiendo: ERP_TEST_16.zip
[2026-07-10 01:00:48] [INFO] Subiendo: ERP_TEST_17.zip
[2026-07-10 01:00:48] [INFO] Subiendo: ERP_TEST_18.zip
[2026-07-10 01:00:48] [INFO] Subiendo: ERP_TEST_19.zip
[2026-07-10 01:00:48] [INFO] Subiendo: ERP_TEST_20.zip
[2026-07-10 01:00:48] [INFO] Subiendo: ERP_TEST_21.zip
[2026-07-10 01:00:48] [SUCCESS] Proceso finalizado.
[2026-07-10 01:00:58] [INFO] Ejecutando trabajo: ERP SQL
[2026-07-10 01:00:58] [INFO] === Backup Center iniciado ===
[2026-07-10 01:00:58] [INFO] Subiendo: ERP_TEST.zip
[2026-07-10 01:00:58] [INFO] Subiendo: ERP_TEST_01.zip
[2026-07-10 01:00:58] [INFO] Subiendo: ERP_TEST_02.zip
[2026-07-10 01:00:58] [INFO] Subiendo: ERP_TEST_03.zip
[2026-07-10 01:00:58] [INFO] Subiendo: ERP_TEST_04.bak
[2026-07-10 01:00:58] [INFO] Subiendo: ERP_TEST_05.7z
[2026-07-10 01:00:58] [INFO] Subiendo: ERP_TEST_06.zip
[2026-07-10 01:00:58] [INFO] Subiendo: ERP_TEST_07.zip
[2026-07-10 01:00:58] [INFO] Subiendo: ERP_TEST_08.zip
[2026-07-10 01:00:58] [INFO] Subiendo: ERP_TEST_09.bak
[2026-07-10 01:00:58] [INFO] Subiendo: ERP_TEST_10.7z
[2026-07-10 01:00:58] [INFO] Subiendo: ERP_TEST_11.zip
[2026-07-10 01:00:58] [INFO] Subiendo: ERP_TEST_13.zip
[2026-07-10 01:00:58] [INFO] Subiendo: ERP_TEST_14.zip
[2026-07-10 01:00:58] [INFO] Subiendo: ERP_TEST_15.zip
[2026-07-10 01:00:58] [INFO] Subiendo: ERP_TEST_16.zip
[2026-07-10 01:00:58] [INFO] Subiendo: ERP_TEST_17.zip
[2026-07-10 01:00:58] [INFO] Subiendo: ERP_TEST_18.zip
[2026-07-10 01:00:58] [INFO] Subiendo: ERP_TEST_19.zip
[2026-07-10 01:00:58] [INFO] Subiendo: ERP_TEST_20.zip
[2026-07-10 01:00:58] [INFO] Subiendo: ERP_TEST_21.zip
[2026-07-10 01:00:58] [SUCCESS] Proceso finalizado.
[2026-07-10 01:01:08] [INFO] Ejecutando trabajo: ERP SQL
[2026-07-10 01:01:08] [INFO] === Backup Center iniciado ===
[2026-07-10 01:01:08] [INFO] Subiendo: ERP_TEST.zip
[2026-07-10 01:01:08] [INFO] Subiendo: ERP_TEST_01.zip
[2026-07-10 01:01:08] [INFO] Subiendo: ERP_TEST_02.zip
[2026-07-10 01:01:08] [INFO] Subiendo: ERP_TEST_03.zip
[2026-07-10 01:01:08] [INFO] Subiendo: ERP_TEST_04.bak
[2026-07-10 01:01:08] [INFO] Subiendo: ERP_TEST_05.7z
[2026-07-10 01:01:08] [INFO] Subiendo: ERP_TEST_06.zip
[2026-07-10 01:01:08] [INFO] Subiendo: ERP_TEST_07.zip
[2026-07-10 01:01:08] [INFO] Subiendo: ERP_TEST_08.zip
[2026-07-10 01:01:08] [INFO] Subiendo: ERP_TEST_09.bak
[2026-07-10 01:01:08] [INFO] Subiendo: ERP_TEST_10.7z
[2026-07-10 01:01:08] [INFO] Subiendo: ERP_TEST_11.zip
[2026-07-10 01:01:08] [INFO] Subiendo: ERP_TEST_13.zip
[2026-07-10 01:01:08] [INFO] Subiendo: ERP_TEST_14.zip
[2026-07-10 01:01:08] [INFO] Subiendo: ERP_TEST_15.zip
[2026-07-10 01:01:08] [INFO] Subiendo: ERP_TEST_16.zip
[2026-07-10 01:01:08] [INFO] Subiendo: ERP_TEST_17.zip
[2026-07-10 01:01:08] [INFO] Subiendo: ERP_TEST_18.zip
[2026-07-10 01:01:08] [INFO] Subiendo: ERP_TEST_19.zip
[2026-07-10 01:01:08] [INFO] Subiendo: ERP_TEST_20.zip
[2026-07-10 01:01:08] [INFO] Subiendo: ERP_TEST_21.zip
[2026-07-10 01:01:08] [SUCCESS] Proceso finalizado.
[2026-07-10 01:01:18] [INFO] Ejecutando trabajo: ERP SQL
[2026-07-10 01:01:18] [INFO] === Backup Center iniciado ===
[2026-07-10 01:01:18] [INFO] Subiendo: ERP_TEST.zip
[2026-07-10 01:01:18] [INFO] Subiendo: ERP_TEST_01.zip
[2026-07-10 01:01:18] [INFO] Subiendo: ERP_TEST_02.zip
[2026-07-10 01:01:18] [INFO] Subiendo: ERP_TEST_03.zip
[2026-07-10 01:01:18] [INFO] Subiendo: ERP_TEST_04.bak
[2026-07-10 01:01:18] [INFO] Subiendo: ERP_TEST_05.7z
[2026-07-10 01:01:18] [INFO] Subiendo: ERP_TEST_06.zip
[2026-07-10 01:01:18] [INFO] Subiendo: ERP_TEST_07.zip
[2026-07-10 01:01:18] [INFO] Subiendo: ERP_TEST_08.zip
[2026-07-10 01:01:18] [INFO] Subiendo: ERP_TEST_09.bak
[2026-07-10 01:01:18] [INFO] Subiendo: ERP_TEST_10.7z
[2026-07-10 01:01:18] [INFO] Subiendo: ERP_TEST_11.zip
[2026-07-10 01:01:18] [INFO] Subiendo: ERP_TEST_13.zip
[2026-07-10 01:01:18] [INFO] Subiendo: ERP_TEST_14.zip
[2026-07-10 01:01:18] [INFO] Subiendo: ERP_TEST_15.zip
[2026-07-10 01:01:18] [INFO] Subiendo: ERP_TEST_16.zip
[2026-07-10 01:01:18] [INFO] Subiendo: ERP_TEST_17.zip
[2026-07-10 01:01:18] [INFO] Subiendo: ERP_TEST_18.zip
[2026-07-10 01:01:18] [INFO] Subiendo: ERP_TEST_19.zip
[2026-07-10 01:01:18] [INFO] Subiendo: ERP_TEST_20.zip
[2026-07-10 01:01:18] [INFO] Subiendo: ERP_TEST_21.zip
[2026-07-10 01:01:18] [SUCCESS] Proceso finalizado.
[2026-07-10 01:01:28] [INFO] Ejecutando trabajo: ERP SQL
[2026-07-10 01:01:28] [INFO] === Backup Center iniciado ===
[2026-07-10 01:01:28] [INFO] Subiendo: ERP_TEST.zip
[2026-07-10 01:01:28] [INFO] Subiendo: ERP_TEST_01.zip
[2026-07-10 01:01:28] [INFO] Subiendo: ERP_TEST_02.zip
[2026-07-10 01:01:28] [INFO] Subiendo: ERP_TEST_03.zip
[2026-07-10 01:01:28] [INFO] Subiendo: ERP_TEST_04.bak
[2026-07-10 01:01:28] [INFO] Subiendo: ERP_TEST_05.7z
[2026-07-10 01:01:28] [INFO] Subiendo: ERP_TEST_06.zip
[2026-07-10 01:01:28] [INFO] Subiendo: ERP_TEST_07.zip
[2026-07-10 01:01:28] [INFO] Subiendo: ERP_TEST_08.zip
[2026-07-10 01:01:28] [INFO] Subiendo: ERP_TEST_09.bak
[2026-07-10 01:01:28] [INFO] Subiendo: ERP_TEST_10.7z
[2026-07-10 01:01:28] [INFO] Subiendo: ERP_TEST_11.zip
[2026-07-10 01:01:28] [INFO] Subiendo: ERP_TEST_13.zip
[2026-07-10 01:01:28] [INFO] Subiendo: ERP_TEST_14.zip
[2026-07-10 01:01:28] [INFO] Subiendo: ERP_TEST_15.zip
[2026-07-10 01:01:28] [INFO] Subiendo: ERP_TEST_16.zip
[2026-07-10 01:01:28] [INFO] Subiendo: ERP_TEST_17.zip
[2026-07-10 01:01:28] [INFO] Subiendo: ERP_TEST_18.zip
[2026-07-10 01:01:28] [INFO] Subiendo: ERP_TEST_19.zip
[2026-07-10 01:01:28] [INFO] Subiendo: ERP_TEST_20.zip
[2026-07-10 01:01:28] [INFO] Subiendo: ERP_TEST_21.zip
[2026-07-10 01:01:28] [SUCCESS] Proceso finalizado.
[2026-07-10 01:01:38] [INFO] Ejecutando trabajo: ERP SQL
[2026-07-10 01:01:38] [INFO] === Backup Center iniciado ===
[2026-07-10 01:01:38] [INFO] Subiendo: ERP_TEST.zip
[2026-07-10 01:01:38] [INFO] Subiendo: ERP_TEST_01.zip
[2026-07-10 01:01:38] [INFO] Subiendo: ERP_TEST_02.zip
[2026-07-10 01:01:38] [INFO] Subiendo: ERP_TEST_03.zip
[2026-07-10 01:01:38] [INFO] Subiendo: ERP_TEST_04.bak
[2026-07-10 01:01:38] [INFO] Subiendo: ERP_TEST_05.7z
[2026-07-10 01:01:38] [INFO] Subiendo: ERP_TEST_06.zip
[2026-07-10 01:01:38] [INFO] Subiendo: ERP_TEST_07.zip
[2026-07-10 01:01:38] [INFO] Subiendo: ERP_TEST_08.zip
[2026-07-10 01:01:38] [INFO] Subiendo: ERP_TEST_09.bak
[2026-07-10 01:01:38] [INFO] Subiendo: ERP_TEST_10.7z
[2026-07-10 01:01:38] [INFO] Subiendo: ERP_TEST_11.zip
[2026-07-10 01:01:38] [INFO] Subiendo: ERP_TEST_13.zip
[2026-07-10 01:01:38] [INFO] Subiendo: ERP_TEST_14.zip
[2026-07-10 01:01:38] [INFO] Subiendo: ERP_TEST_15.zip
[2026-07-10 01:01:38] [INFO] Subiendo: ERP_TEST_16.zip
[2026-07-10 01:01:38] [INFO] Subiendo: ERP_TEST_17.zip
[2026-07-10 01:01:38] [INFO] Subiendo: ERP_TEST_18.zip
[2026-07-10 01:01:38] [INFO] Subiendo: ERP_TEST_19.zip
[2026-07-10 01:01:38] [INFO] Subiendo: ERP_TEST_20.zip
[2026-07-10 01:01:38] [INFO] Subiendo: ERP_TEST_21.zip
[2026-07-10 01:01:38] [SUCCESS] Proceso finalizado.
[2026-07-10 01:01:48] [INFO] Ejecutando trabajo: ERP SQL
[2026-07-10 01:01:48] [INFO] === Backup Center iniciado ===
[2026-07-10 01:01:48] [INFO] Subiendo: ERP_TEST.zip
[2026-07-10 01:01:48] [INFO] Subiendo: ERP_TEST_01.zip
[2026-07-10 01:01:48] [INFO] Subiendo: ERP_TEST_02.zip
[2026-07-10 01:01:48] [INFO] Subiendo: ERP_TEST_03.zip
[2026-07-10 01:01:48] [INFO] Subiendo: ERP_TEST_04.bak
[2026-07-10 01:01:48] [INFO] Subiendo: ERP_TEST_05.7z
[2026-07-10 01:01:48] [INFO] Subiendo: ERP_TEST_06.zip
[2026-07-10 01:01:48] [INFO] Subiendo: ERP_TEST_07.zip
[2026-07-10 01:01:48] [INFO] Subiendo: ERP_TEST_08.zip
[2026-07-10 01:01:48] [INFO] Subiendo: ERP_TEST_09.bak
[2026-07-10 01:01:48] [INFO] Subiendo: ERP_TEST_10.7z
[2026-07-10 01:01:48] [INFO] Subiendo: ERP_TEST_11.zip
[2026-07-10 01:01:48] [INFO] Subiendo: ERP_TEST_13.zip
[2026-07-10 01:01:48] [INFO] Subiendo: ERP_TEST_14.zip
[2026-07-10 01:01:48] [INFO] Subiendo: ERP_TEST_15.zip
[2026-07-10 01:01:48] [INFO] Subiendo: ERP_TEST_16.zip
[2026-07-10 01:01:48] [INFO] Subiendo: ERP_TEST_17.zip
[2026-07-10 01:01:48] [INFO] Subiendo: ERP_TEST_18.zip
[2026-07-10 01:01:48] [INFO] Subiendo: ERP_TEST_19.zip
[2026-07-10 01:01:48] [INFO] Subiendo: ERP_TEST_20.zip
[2026-07-10 01:01:48] [INFO] Subiendo: ERP_TEST_21.zip
[2026-07-10 01:01:48] [SUCCESS] Proceso finalizado.
[2026-07-10 01:01:58] [INFO] Ejecutando trabajo: ERP SQL
[2026-07-10 01:01:58] [INFO] === Backup Center iniciado ===
[2026-07-10 01:01:58] [INFO] Subiendo: ERP_TEST.zip
[2026-07-10 01:01:58] [INFO] Subiendo: ERP_TEST_01.zip
[2026-07-10 01:01:58] [INFO] Subiendo: ERP_TEST_02.zip
[2026-07-10 01:01:58] [INFO] Subiendo: ERP_TEST_03.zip
[2026-07-10 01:01:58] [INFO] Subiendo: ERP_TEST_04.bak
[2026-07-10 01:01:58] [INFO] Subiendo: ERP_TEST_05.7z
[2026-07-10 01:01:58] [INFO] Subiendo: ERP_TEST_06.zip
[2026-07-10 01:01:59] [INFO] Subiendo: ERP_TEST_07.zip
[2026-07-10 01:01:59] [INFO] Subiendo: ERP_TEST_08.zip
[2026-07-10 01:01:59] [INFO] Subiendo: ERP_TEST_09.bak
[2026-07-10 01:01:59] [INFO] Subiendo: ERP_TEST_10.7z
[2026-07-10 01:01:59] [INFO] Subiendo: ERP_TEST_11.zip
[2026-07-10 01:01:59] [INFO] Subiendo: ERP_TEST_13.zip
[2026-07-10 01:01:59] [INFO] Subiendo: ERP_TEST_14.zip
[2026-07-10 01:01:59] [INFO] Subiendo: ERP_TEST_15.zip
[2026-07-10 01:01:59] [INFO] Subiendo: ERP_TEST_16.zip
[2026-07-10 01:01:59] [INFO] Subiendo: ERP_TEST_17.zip
[2026-07-10 01:01:59] [INFO] Subiendo: ERP_TEST_18.zip
[2026-07-10 01:01:59] [INFO] Subiendo: ERP_TEST_19.zip
[2026-07-10 01:01:59] [INFO] Subiendo: ERP_TEST_20.zip
[2026-07-10 01:01:59] [INFO] Subiendo: ERP_TEST_21.zip
[2026-07-10 01:01:59] [SUCCESS] Proceso finalizado.
[2026-07-10 01:02:09] [INFO] Ejecutando trabajo: ERP SQL
[2026-07-10 01:02:09] [INFO] === Backup Center iniciado ===
[2026-07-10 01:02:09] [INFO] Subiendo: ERP_TEST.zip
[2026-07-10 01:02:09] [INFO] Subiendo: ERP_TEST_01.zip
[2026-07-10 01:02:09] [INFO] Subiendo: ERP_TEST_02.zip
[2026-07-10 01:02:09] [INFO] Subiendo: ERP_TEST_03.zip
[2026-07-10 01:02:09] [INFO] Subiendo: ERP_TEST_04.bak
[2026-07-10 01:02:09] [INFO] Subiendo: ERP_TEST_05.7z
[2026-07-10 01:02:09] [INFO] Subiendo: ERP_TEST_06.zip
[2026-07-10 01:02:09] [INFO] Subiendo: ERP_TEST_07.zip
[2026-07-10 01:02:09] [INFO] Subiendo: ERP_TEST_08.zip
[2026-07-10 01:02:09] [INFO] Subiendo: ERP_TEST_09.bak
[2026-07-10 01:02:09] [INFO] Subiendo: ERP_TEST_10.7z
[2026-07-10 01:02:09] [INFO] Subiendo: ERP_TEST_11.zip
[2026-07-10 01:02:09] [INFO] Subiendo: ERP_TEST_13.zip
[2026-07-10 01:02:09] [INFO] Subiendo: ERP_TEST_14.zip
[2026-07-10 01:02:09] [INFO] Subiendo: ERP_TEST_15.zip
[2026-07-10 01:02:09] [INFO] Subiendo: ERP_TEST_16.zip
[2026-07-10 01:02:09] [INFO] Subiendo: ERP_TEST_17.zip
[2026-07-10 01:02:09] [INFO] Subiendo: ERP_TEST_18.zip
[2026-07-10 01:02:09] [INFO] Subiendo: ERP_TEST_19.zip
[2026-07-10 01:02:09] [INFO] Subiendo: ERP_TEST_20.zip
[2026-07-10 01:02:09] [INFO] Subiendo: ERP_TEST_21.zip
[2026-07-10 01:02:09] [SUCCESS] Proceso finalizado.
[2026-07-10 01:02:19] [INFO] Ejecutando trabajo: ERP SQL
[2026-07-10 01:02:19] [INFO] === Backup Center iniciado ===
[2026-07-10 01:02:19] [INFO] Subiendo: ERP_TEST.zip
[2026-07-10 01:02:19] [INFO] Subiendo: ERP_TEST_01.zip
[2026-07-10 01:02:19] [INFO] Subiendo: ERP_TEST_02.zip
[2026-07-10 01:02:19] [INFO] Subiendo: ERP_TEST_03.zip
[2026-07-10 01:02:19] [INFO] Subiendo: ERP_TEST_04.bak
[2026-07-10 01:02:19] [INFO] Subiendo: ERP_TEST_05.7z
[2026-07-10 01:02:19] [INFO] Subiendo: ERP_TEST_06.zip
[2026-07-10 01:02:19] [INFO] Subiendo: ERP_TEST_07.zip
[2026-07-10 01:02:19] [INFO] Subiendo: ERP_TEST_08.zip
[2026-07-10 01:02:19] [INFO] Subiendo: ERP_TEST_09.bak
[2026-07-10 01:02:19] [INFO] Subiendo: ERP_TEST_10.7z
[2026-07-10 01:02:19] [INFO] Subiendo: ERP_TEST_11.zip
[2026-07-10 01:02:19] [INFO] Subiendo: ERP_TEST_13.zip
[2026-07-10 01:02:19] [INFO] Subiendo: ERP_TEST_14.zip
[2026-07-10 01:02:19] [INFO] Subiendo: ERP_TEST_15.zip
[2026-07-10 01:02:19] [INFO] Subiendo: ERP_TEST_16.zip
[2026-07-10 01:02:19] [INFO] Subiendo: ERP_TEST_17.zip
[2026-07-10 01:02:19] [INFO] Subiendo: ERP_TEST_18.zip
[2026-07-10 01:02:19] [INFO] Subiendo: ERP_TEST_19.zip
[2026-07-10 01:02:19] [INFO] Subiendo: ERP_TEST_20.zip
[2026-07-10 01:02:19] [INFO] Subiendo: ERP_TEST_21.zip
[2026-07-10 01:02:19] [SUCCESS] Proceso finalizado.
[2026-07-10 01:02:29] [INFO] Ejecutando trabajo: ERP SQL
[2026-07-10 01:02:29] [INFO] === Backup Center iniciado ===
[2026-07-10 01:02:29] [INFO] Subiendo: ERP_TEST.zip
[2026-07-10 01:02:29] [INFO] Subiendo: ERP_TEST_01.zip
[2026-07-10 01:02:29] [INFO] Subiendo: ERP_TEST_02.zip
[2026-07-10 01:02:29] [INFO] Subiendo: ERP_TEST_03.zip
[2026-07-10 01:02:29] [INFO] Subiendo: ERP_TEST_04.bak
[2026-07-10 01:02:29] [INFO] Subiendo: ERP_TEST_05.7z
[2026-07-10 01:02:29] [INFO] Subiendo: ERP_TEST_06.zip
[2026-07-10 01:02:29] [INFO] Subiendo: ERP_TEST_07.zip
[2026-07-10 01:02:29] [INFO] Subiendo: ERP_TEST_08.zip
[2026-07-10 01:02:29] [INFO] Subiendo: ERP_TEST_09.bak
[2026-07-10 01:02:29] [INFO] Subiendo: ERP_TEST_10.7z
[2026-07-10 01:02:29] [INFO] Subiendo: ERP_TEST_11.zip
[2026-07-10 01:02:29] [INFO] Subiendo: ERP_TEST_13.zip
[2026-07-10 01:02:29] [INFO] Subiendo: ERP_TEST_14.zip
[2026-07-10 01:02:29] [INFO] Subiendo: ERP_TEST_15.zip
[2026-07-10 01:02:29] [INFO] Subiendo: ERP_TEST_16.zip
[2026-07-10 01:02:29] [INFO] Subiendo: ERP_TEST_17.zip
[2026-07-10 01:02:29] [INFO] Subiendo: ERP_TEST_18.zip
[2026-07-10 01:02:29] [INFO] Subiendo: ERP_TEST_19.zip
[2026-07-10 01:02:29] [INFO] Subiendo: ERP_TEST_20.zip
[2026-07-10 01:02:29] [INFO] Subiendo: ERP_TEST_21.zip
[2026-07-10 01:02:29] [SUCCESS] Proceso finalizado.
[2026-07-10 01:02:39] [INFO] Ejecutando trabajo: ERP SQL
[2026-07-10 01:02:39] [INFO] === Backup Center iniciado ===
[2026-07-10 01:02:39] [INFO] Subiendo: ERP_TEST.zip
[2026-07-10 01:02:39] [INFO] Subiendo: ERP_TEST_01.zip
[2026-07-10 01:02:39] [INFO] Subiendo: ERP_TEST_02.zip
[2026-07-10 01:02:39] [INFO] Subiendo: ERP_TEST_03.zip
[2026-07-10 01:02:39] [INFO] Subiendo: ERP_TEST_04.bak
[2026-07-10 01:02:39] [INFO] Subiendo: ERP_TEST_05.7z
[2026-07-10 01:02:39] [INFO] Subiendo: ERP_TEST_06.zip
[2026-07-10 01:02:39] [INFO] Subiendo: ERP_TEST_07.zip
[2026-07-10 01:02:39] [INFO] Subiendo: ERP_TEST_08.zip
[2026-07-10 01:02:39] [INFO] Subiendo: ERP_TEST_09.bak
[2026-07-10 01:02:39] [INFO] Subiendo: ERP_TEST_10.7z
[2026-07-10 01:02:39] [INFO] Subiendo: ERP_TEST_11.zip
[2026-07-10 01:02:39] [INFO] Subiendo: ERP_TEST_13.zip
[2026-07-10 01:02:39] [INFO] Subiendo: ERP_TEST_14.zip
[2026-07-10 01:02:39] [INFO] Subiendo: ERP_TEST_15.zip
[2026-07-10 01:02:39] [INFO] Subiendo: ERP_TEST_16.zip
[2026-07-10 01:02:39] [INFO] Subiendo: ERP_TEST_17.zip
[2026-07-10 01:02:39] [INFO] Subiendo: ERP_TEST_18.zip
[2026-07-10 01:02:39] [INFO] Subiendo: ERP_TEST_19.zip
[2026-07-10 01:02:39] [INFO] Subiendo: ERP_TEST_20.zip
[2026-07-10 01:02:39] [INFO] Subiendo: ERP_TEST_21.zip
[2026-07-10 01:02:39] [SUCCESS] Proceso finalizado.
[2026-07-10 01:02:47] [INFO] Ejecutando trabajo: ERP SQL
[2026-07-10 01:02:47] [INFO] === Backup Center iniciado ===
[2026-07-10 01:02:47] [INFO] Subiendo: ERP_TEST.zip
[2026-07-10 01:02:47] [INFO] Subiendo: ERP_TEST_01.zip
[2026-07-10 01:02:47] [INFO] Subiendo: ERP_TEST_02.zip
[2026-07-10 01:02:47] [INFO] Subiendo: ERP_TEST_03.zip
[2026-07-10 01:02:47] [INFO] Subiendo: ERP_TEST_04.bak
[2026-07-10 01:02:47] [INFO] Subiendo: ERP_TEST_05.7z
[2026-07-10 01:02:47] [INFO] Subiendo: ERP_TEST_06.zip
[2026-07-10 01:02:47] [INFO] Subiendo: ERP_TEST_07.zip
[2026-07-10 01:02:47] [INFO] Subiendo: ERP_TEST_08.zip
[2026-07-10 01:02:47] [INFO] Subiendo: ERP_TEST_09.bak
[2026-07-10 01:02:47] [INFO] Subiendo: ERP_TEST_10.7z
[2026-07-10 01:02:47] [INFO] Subiendo: ERP_TEST_11.zip
[2026-07-10 01:02:47] [INFO] Subiendo: ERP_TEST_13.zip
[2026-07-10 01:02:47] [INFO] Subiendo: ERP_TEST_14.zip
[2026-07-10 01:02:47] [INFO] Subiendo: ERP_TEST_15.zip
[2026-07-10 01:02:47] [INFO] Subiendo: ERP_TEST_16.zip
[2026-07-10 01:02:47] [INFO] Subiendo: ERP_TEST_17.zip
[2026-07-10 01:02:47] [INFO] Subiendo: ERP_TEST_18.zip
[2026-07-10 01:02:47] [INFO] Subiendo: ERP_TEST_19.zip
[2026-07-10 01:02:47] [INFO] Subiendo: ERP_TEST_20.zip
[2026-07-10 01:02:47] [INFO] Subiendo: ERP_TEST_21.zip
[2026-07-10 01:02:47] [SUCCESS] Proceso finalizado.
[2026-07-10 01:02:57] [INFO] Ejecutando trabajo: ERP SQL
[2026-07-10 01:02:57] [INFO] === Backup Center iniciado ===
[2026-07-10 01:02:57] [INFO] Subiendo: ERP_TEST.zip
[2026-07-10 01:02:57] [INFO] Subiendo: ERP_TEST_01.zip
[2026-07-10 01:02:57] [INFO] Subiendo: ERP_TEST_02.zip
[2026-07-10 01:02:57] [INFO] Subiendo: ERP_TEST_03.zip
[2026-07-10 01:02:57] [INFO] Subiendo: ERP_TEST_04.bak
[2026-07-10 01:02:57] [INFO] Subiendo: ERP_TEST_05.7z
[2026-07-10 01:02:57] [INFO] Subiendo: ERP_TEST_06.zip
[2026-07-10 01:02:57] [INFO] Subiendo: ERP_TEST_07.zip
[2026-07-10 01:02:57] [INFO] Subiendo: ERP_TEST_08.zip
[2026-07-10 01:02:57] [INFO] Subiendo: ERP_TEST_09.bak
[2026-07-10 01:02:57] [INFO] Subiendo: ERP_TEST_10.7z
[2026-07-10 01:02:57] [INFO] Subiendo: ERP_TEST_11.zip
[2026-07-10 01:02:57] [INFO] Subiendo: ERP_TEST_13.zip
[2026-07-10 01:02:57] [INFO] Subiendo: ERP_TEST_14.zip
[2026-07-10 01:02:57] [INFO] Subiendo: ERP_TEST_15.zip
[2026-07-10 01:02:57] [INFO] Subiendo: ERP_TEST_16.zip
[2026-07-10 01:02:57] [INFO] Subiendo: ERP_TEST_17.zip
[2026-07-10 01:02:57] [INFO] Subiendo: ERP_TEST_18.zip
[2026-07-10 01:02:57] [INFO] Subiendo: ERP_TEST_19.zip
[2026-07-10 01:02:57] [INFO] Subiendo: ERP_TEST_20.zip
[2026-07-10 01:02:57] [INFO] Subiendo: ERP_TEST_21.zip
[2026-07-10 01:02:57] [SUCCESS] Proceso finalizado.
[2026-07-10 01:03:07] [INFO] Ejecutando trabajo: ERP SQL
[2026-07-10 01:03:07] [INFO] === Backup Center iniciado ===
[2026-07-10 01:03:07] [INFO] Subiendo: ERP_TEST.zip
[2026-07-10 01:03:07] [INFO] Subiendo: ERP_TEST_01.zip
[2026-07-10 01:03:07] [INFO] Subiendo: ERP_TEST_02.zip
[2026-07-10 01:03:07] [INFO] Subiendo: ERP_TEST_03.zip
[2026-07-10 01:03:07] [INFO] Subiendo: ERP_TEST_04.bak
[2026-07-10 01:03:07] [INFO] Subiendo: ERP_TEST_05.7z
[2026-07-10 01:03:07] [INFO] Subiendo: ERP_TEST_06.zip
[2026-07-10 01:03:07] [INFO] Subiendo: ERP_TEST_07.zip
[2026-07-10 01:03:07] [INFO] Subiendo: ERP_TEST_08.zip
[2026-07-10 01:03:07] [INFO] Subiendo: ERP_TEST_09.bak
[2026-07-10 01:03:07] [INFO] Subiendo: ERP_TEST_10.7z
[2026-07-10 01:03:07] [INFO] Subiendo: ERP_TEST_11.zip
[2026-07-10 01:03:07] [INFO] Subiendo: ERP_TEST_13.zip
[2026-07-10 01:03:07] [INFO] Subiendo: ERP_TEST_14.zip
[2026-07-10 01:03:07] [INFO] Subiendo: ERP_TEST_15.zip
[2026-07-10 01:03:07] [INFO] Subiendo: ERP_TEST_16.zip
[2026-07-10 01:03:07] [INFO] Subiendo: ERP_TEST_17.zip
[2026-07-10 01:03:07] [INFO] Subiendo: ERP_TEST_18.zip
[2026-07-10 01:03:07] [INFO] Subiendo: ERP_TEST_19.zip
[2026-07-10 01:03:07] [INFO] Subiendo: ERP_TEST_20.zip
[2026-07-10 01:03:07] [INFO] Subiendo: ERP_TEST_21.zip
[2026-07-10 01:03:07] [SUCCESS] Proceso finalizado.
[2026-07-10 01:03:17] [INFO] Ejecutando trabajo: ERP SQL
[2026-07-10 01:03:17] [INFO] === Backup Center iniciado ===
[2026-07-10 01:03:17] [INFO] Subiendo: ERP_TEST.zip
[2026-07-10 01:03:17] [INFO] Subiendo: ERP_TEST_01.zip
[2026-07-10 01:03:17] [INFO] Subiendo: ERP_TEST_02.zip
[2026-07-10 01:03:17] [INFO] Subiendo: ERP_TEST_03.zip
[2026-07-10 01:03:17] [INFO] Subiendo: ERP_TEST_04.bak
[2026-07-10 01:03:17] [INFO] Subiendo: ERP_TEST_05.7z
[2026-07-10 01:03:17] [INFO] Subiendo: ERP_TEST_06.zip
[2026-07-10 01:03:17] [INFO] Subiendo: ERP_TEST_07.zip
[2026-07-10 01:03:17] [INFO] Subiendo: ERP_TEST_08.zip
[2026-07-10 01:03:17] [INFO] Subiendo: ERP_TEST_09.bak
[2026-07-10 01:03:17] [INFO] Subiendo: ERP_TEST_10.7z
[2026-07-10 01:03:17] [INFO] Subiendo: ERP_TEST_11.zip
[2026-07-10 01:03:17] [INFO] Subiendo: ERP_TEST_13.zip
[2026-07-10 01:03:17] [INFO] Subiendo: ERP_TEST_14.zip
[2026-07-10 01:03:17] [INFO] Subiendo: ERP_TEST_15.zip
[2026-07-10 01:03:17] [INFO] Subiendo: ERP_TEST_16.zip
[2026-07-10 01:03:17] [INFO] Subiendo: ERP_TEST_17.zip
[2026-07-10 01:03:17] [INFO] Subiendo: ERP_TEST_18.zip
[2026-07-10 01:03:17] [INFO] Subiendo: ERP_TEST_19.zip
[2026-07-10 01:03:17] [INFO] Subiendo: ERP_TEST_20.zip
[2026-07-10 01:03:17] [INFO] Subiendo: ERP_TEST_21.zip
[2026-07-10 01:03:17] [SUCCESS] Proceso finalizado.
[2026-07-10 01:03:27] [INFO] Ejecutando trabajo: ERP SQL
[2026-07-10 01:03:27] [INFO] === Backup Center iniciado ===
[2026-07-10 01:03:27] [INFO] Subiendo: ERP_TEST.zip
[2026-07-10 01:03:27] [INFO] Subiendo: ERP_TEST_01.zip
[2026-07-10 01:03:27] [INFO] Subiendo: ERP_TEST_02.zip
[2026-07-10 01:03:27] [INFO] Subiendo: ERP_TEST_03.zip
[2026-07-10 01:03:27] [INFO] Subiendo: ERP_TEST_04.bak
[2026-07-10 01:03:27] [INFO] Subiendo: ERP_TEST_05.7z
[2026-07-10 01:03:27] [INFO] Subiendo: ERP_TEST_06.zip
[2026-07-10 01:03:27] [INFO] Subiendo: ERP_TEST_07.zip
[2026-07-10 01:03:27] [INFO] Subiendo: ERP_TEST_08.zip
[2026-07-10 01:03:27] [INFO] Subiendo: ERP_TEST_09.bak
[2026-07-10 01:03:27] [INFO] Subiendo: ERP_TEST_10.7z
[2026-07-10 01:03:27] [INFO] Subiendo: ERP_TEST_11.zip
[2026-07-10 01:03:27] [INFO] Subiendo: ERP_TEST_13.zip
[2026-07-10 01:03:27] [INFO] Subiendo: ERP_TEST_14.zip
[2026-07-10 01:03:27] [INFO] Subiendo: ERP_TEST_15.zip
[2026-07-10 01:03:27] [INFO] Subiendo: ERP_TEST_16.zip
[2026-07-10 01:03:27] [INFO] Subiendo: ERP_TEST_17.zip
[2026-07-10 01:03:27] [INFO] Subiendo: ERP_TEST_18.zip
[2026-07-10 01:03:27] [INFO] Subiendo: ERP_TEST_19.zip
[2026-07-10 01:03:27] [INFO] Subiendo: ERP_TEST_20.zip
[2026-07-10 01:03:27] [INFO] Subiendo: ERP_TEST_21.zip
[2026-07-10 01:03:28] [SUCCESS] Proceso finalizado.
[2026-07-10 01:03:38] [INFO] Ejecutando trabajo: ERP SQL
[2026-07-10 01:03:38] [INFO] === Backup Center iniciado ===
[2026-07-10 01:03:38] [INFO] Subiendo: ERP_TEST.zip
[2026-07-10 01:03:38] [INFO] Subiendo: ERP_TEST_01.zip
[2026-07-10 01:03:38] [INFO] Subiendo: ERP_TEST_02.zip
[2026-07-10 01:03:38] [INFO] Subiendo: ERP_TEST_03.zip
[2026-07-10 01:03:38] [INFO] Subiendo: ERP_TEST_04.bak
[2026-07-10 01:03:38] [INFO] Subiendo: ERP_TEST_05.7z
[2026-07-10 01:03:38] [INFO] Subiendo: ERP_TEST_06.zip
[2026-07-10 01:03:38] [INFO] Subiendo: ERP_TEST_07.zip
[2026-07-10 01:03:38] [INFO] Subiendo: ERP_TEST_08.zip
[2026-07-10 01:03:38] [INFO] Subiendo: ERP_TEST_09.bak
[2026-07-10 01:03:38] [INFO] Subiendo: ERP_TEST_10.7z
[2026-07-10 01:03:38] [INFO] Subiendo: ERP_TEST_11.zip
[2026-07-10 01:03:38] [INFO] Subiendo: ERP_TEST_13.zip
[2026-07-10 01:03:38] [INFO] Subiendo: ERP_TEST_14.zip
[2026-07-10 01:03:38] [INFO] Subiendo: ERP_TEST_15.zip
[2026-07-10 01:03:38] [INFO] Subiendo: ERP_TEST_16.zip
[2026-07-10 01:03:38] [INFO] Subiendo: ERP_TEST_17.zip
[2026-07-10 01:03:38] [INFO] Subiendo: ERP_TEST_18.zip
[2026-07-10 01:03:38] [INFO] Subiendo: ERP_TEST_19.zip
[2026-07-10 01:03:38] [INFO] Subiendo: ERP_TEST_20.zip
[2026-07-10 01:03:38] [INFO] Subiendo: ERP_TEST_21.zip
[2026-07-10 01:03:38] [SUCCESS] Proceso finalizado.
[2026-07-10 01:03:48] [INFO] Ejecutando trabajo: ERP SQL
[2026-07-10 01:03:48] [INFO] === Backup Center iniciado ===
[2026-07-10 01:03:48] [INFO] Subiendo: ERP_TEST.zip
[2026-07-10 01:03:48] [INFO] Subiendo: ERP_TEST_01.zip
[2026-07-10 01:03:48] [INFO] Subiendo: ERP_TEST_02.zip
[2026-07-10 01:03:48] [INFO] Subiendo: ERP_TEST_03.zip
[2026-07-10 01:03:48] [INFO] Subiendo: ERP_TEST_04.bak
[2026-07-10 01:03:48] [INFO] Subiendo: ERP_TEST_05.7z
[2026-07-10 01:03:48] [INFO] Subiendo: ERP_TEST_06.zip
[2026-07-10 01:03:48] [INFO] Subiendo: ERP_TEST_07.zip
[2026-07-10 01:03:48] [INFO] Subiendo: ERP_TEST_08.zip
[2026-07-10 01:03:48] [INFO] Subiendo: ERP_TEST_09.bak
[2026-07-10 01:03:48] [INFO] Subiendo: ERP_TEST_10.7z
[2026-07-10 01:03:48] [INFO] Subiendo: ERP_TEST_11.zip
[2026-07-10 01:03:48] [INFO] Subiendo: ERP_TEST_13.zip
[2026-07-10 01:03:48] [INFO] Subiendo: ERP_TEST_14.zip
[2026-07-10 01:03:48] [INFO] Subiendo: ERP_TEST_15.zip
[2026-07-10 01:03:48] [INFO] Subiendo: ERP_TEST_16.zip
[2026-07-10 01:03:48] [INFO] Subiendo: ERP_TEST_17.zip
[2026-07-10 01:03:48] [INFO] Subiendo: ERP_TEST_18.zip
[2026-07-10 01:03:48] [INFO] Subiendo: ERP_TEST_19.zip
[2026-07-10 01:03:48] [INFO] Subiendo: ERP_TEST_20.zip
[2026-07-10 01:03:48] [INFO] Subiendo: ERP_TEST_21.zip
[2026-07-10 01:03:48] [SUCCESS] Proceso finalizado.
[2026-07-10 01:03:58] [INFO] Ejecutando trabajo: ERP SQL
[2026-07-10 01:03:58] [INFO] === Backup Center iniciado ===
[2026-07-10 01:03:58] [INFO] Subiendo: ERP_TEST.zip
[2026-07-10 01:03:58] [INFO] Subiendo: ERP_TEST_01.zip
[2026-07-10 01:03:58] [INFO] Subiendo: ERP_TEST_02.zip
[2026-07-10 01:03:58] [INFO] Subiendo: ERP_TEST_03.zip
[2026-07-10 01:03:58] [INFO] Subiendo: ERP_TEST_04.bak
[2026-07-10 01:03:58] [INFO] Subiendo: ERP_TEST_05.7z
[2026-07-10 01:03:58] [INFO] Subiendo: ERP_TEST_06.zip
[2026-07-10 01:03:58] [INFO] Subiendo: ERP_TEST_07.zip
[2026-07-10 01:03:58] [INFO] Subiendo: ERP_TEST_08.zip
[2026-07-10 01:03:58] [INFO] Subiendo: ERP_TEST_09.bak
[2026-07-10 01:03:58] [INFO] Subiendo: ERP_TEST_10.7z
[2026-07-10 01:03:58] [INFO] Subiendo: ERP_TEST_11.zip
[2026-07-10 01:03:58] [INFO] Subiendo: ERP_TEST_13.zip
[2026-07-10 01:03:58] [INFO] Subiendo: ERP_TEST_14.zip
[2026-07-10 01:03:58] [INFO] Subiendo: ERP_TEST_15.zip
[2026-07-10 01:03:58] [INFO] Subiendo: ERP_TEST_16.zip
[2026-07-10 01:03:58] [INFO] Subiendo: ERP_TEST_17.zip
[2026-07-10 01:03:58] [INFO] Subiendo: ERP_TEST_18.zip
[2026-07-10 01:03:58] [INFO] Subiendo: ERP_TEST_19.zip
[2026-07-10 01:03:58] [INFO] Subiendo: ERP_TEST_20.zip
[2026-07-10 01:03:58] [INFO] Subiendo: ERP_TEST_21.zip
[2026-07-10 01:03:58] [SUCCESS] Proceso finalizado.
[2026-07-10 01:04:08] [INFO] Ejecutando trabajo: ERP SQL
[2026-07-10 01:04:08] [INFO] === Backup Center iniciado ===
[2026-07-10 01:04:08] [INFO] Subiendo: ERP_TEST.zip
[2026-07-10 01:04:08] [INFO] Subiendo: ERP_TEST_01.zip
[2026-07-10 01:04:08] [INFO] Subiendo: ERP_TEST_02.zip
[2026-07-10 01:04:08] [INFO] Subiendo: ERP_TEST_03.zip
[2026-07-10 01:04:08] [INFO] Subiendo: ERP_TEST_04.bak
[2026-07-10 01:04:08] [INFO] Subiendo: ERP_TEST_05.7z
[2026-07-10 01:04:08] [INFO] Subiendo: ERP_TEST_06.zip
[2026-07-10 01:04:08] [INFO] Subiendo: ERP_TEST_07.zip
[2026-07-10 01:04:08] [INFO] Subiendo: ERP_TEST_08.zip
[2026-07-10 01:04:08] [INFO] Subiendo: ERP_TEST_09.bak
[2026-07-10 01:04:08] [INFO] Subiendo: ERP_TEST_10.7z
[2026-07-10 01:04:08] [INFO] Subiendo: ERP_TEST_11.zip
[2026-07-10 01:04:08] [INFO] Subiendo: ERP_TEST_13.zip
[2026-07-10 01:04:08] [INFO] Subiendo: ERP_TEST_14.zip
[2026-07-10 01:04:08] [INFO] Subiendo: ERP_TEST_15.zip
[2026-07-10 01:04:08] [INFO] Subiendo: ERP_TEST_16.zip
[2026-07-10 01:04:08] [INFO] Subiendo: ERP_TEST_17.zip
[2026-07-10 01:04:08] [INFO] Subiendo: ERP_TEST_18.zip
[2026-07-10 01:04:08] [INFO] Subiendo: ERP_TEST_19.zip
[2026-07-10 01:04:08] [INFO] Subiendo: ERP_TEST_20.zip
[2026-07-10 01:04:08] [INFO] Subiendo: ERP_TEST_21.zip
[2026-07-10 01:04:08] [SUCCESS] Proceso finalizado.
[2026-07-10 01:04:18] [INFO] Ejecutando trabajo: ERP SQL
[2026-07-10 01:04:18] [INFO] === Backup Center iniciado ===
[2026-07-10 01:04:18] [INFO] Subiendo: ERP_TEST.zip
[2026-07-10 01:04:18] [INFO] Subiendo: ERP_TEST_01.zip
[2026-07-10 01:04:18] [INFO] Subiendo: ERP_TEST_02.zip
[2026-07-10 01:04:18] [INFO] Subiendo: ERP_TEST_03.zip
[2026-07-10 01:04:18] [INFO] Subiendo: ERP_TEST_04.bak
[2026-07-10 01:04:18] [INFO] Subiendo: ERP_TEST_05.7z
[2026-07-10 01:04:18] [INFO] Subiendo: ERP_TEST_06.zip
[2026-07-10 01:04:18] [INFO] Subiendo: ERP_TEST_07.zip
[2026-07-10 01:04:18] [INFO] Subiendo: ERP_TEST_08.zip
[2026-07-10 01:04:18] [INFO] Subiendo: ERP_TEST_09.bak
[2026-07-10 01:04:18] [INFO] Subiendo: ERP_TEST_10.7z
[2026-07-10 01:04:18] [INFO] Subiendo: ERP_TEST_11.zip
[2026-07-10 01:04:18] [INFO] Subiendo: ERP_TEST_13.zip
[2026-07-10 01:04:18] [INFO] Subiendo: ERP_TEST_14.zip
[2026-07-10 01:04:18] [INFO] Subiendo: ERP_TEST_15.zip
[2026-07-10 01:04:18] [INFO] Subiendo: ERP_TEST_16.zip
[2026-07-10 01:04:18] [INFO] Subiendo: ERP_TEST_17.zip
[2026-07-10 01:04:18] [INFO] Subiendo: ERP_TEST_18.zip
[2026-07-10 01:04:18] [INFO] Subiendo: ERP_TEST_19.zip
[2026-07-10 01:04:18] [INFO] Subiendo: ERP_TEST_20.zip
[2026-07-10 01:04:18] [INFO] Subiendo: ERP_TEST_21.zip
[2026-07-10 01:04:18] [SUCCESS] Proceso finalizado.
[2026-07-10 01:04:28] [INFO] Ejecutando trabajo: ERP SQL
[2026-07-10 01:04:28] [INFO] === Backup Center iniciado ===
[2026-07-10 01:04:28] [INFO] Subiendo: ERP_TEST.zip
[2026-07-10 01:04:28] [INFO] Subiendo: ERP_TEST_01.zip
[2026-07-10 01:04:28] [INFO] Subiendo: ERP_TEST_02.zip
[2026-07-10 01:04:28] [INFO] Subiendo: ERP_TEST_03.zip
[2026-07-10 01:04:28] [INFO] Subiendo: ERP_TEST_04.bak
[2026-07-10 01:04:28] [INFO] Subiendo: ERP_TEST_05.7z
[2026-07-10 01:04:28] [INFO] Subiendo: ERP_TEST_06.zip
[2026-07-10 01:04:28] [INFO] Subiendo: ERP_TEST_07.zip
[2026-07-10 01:04:28] [INFO] Subiendo: ERP_TEST_08.zip
[2026-07-10 01:04:28] [INFO] Subiendo: ERP_TEST_09.bak
[2026-07-10 01:04:28] [INFO] Subiendo: ERP_TEST_10.7z
[2026-07-10 01:04:28] [INFO] Subiendo: ERP_TEST_11.zip
[2026-07-10 01:04:28] [INFO] Subiendo: ERP_TEST_13.zip
[2026-07-10 01:04:28] [INFO] Subiendo: ERP_TEST_14.zip
[2026-07-10 01:04:28] [INFO] Subiendo: ERP_TEST_15.zip
[2026-07-10 01:04:28] [INFO] Subiendo: ERP_TEST_16.zip
[2026-07-10 01:04:28] [INFO] Subiendo: ERP_TEST_17.zip
[2026-07-10 01:04:28] [INFO] Subiendo: ERP_TEST_18.zip
[2026-07-10 01:04:28] [INFO] Subiendo: ERP_TEST_19.zip
[2026-07-10 01:04:28] [INFO] Subiendo: ERP_TEST_20.zip
[2026-07-10 01:04:28] [INFO] Subiendo: ERP_TEST_21.zip
[2026-07-10 01:04:28] [SUCCESS] Proceso finalizado.
[2026-07-10 01:04:38] [INFO] Ejecutando trabajo: ERP SQL
[2026-07-10 01:04:38] [INFO] === Backup Center iniciado ===
[2026-07-10 01:04:38] [INFO] Subiendo: ERP_TEST.zip
[2026-07-10 01:04:38] [INFO] Subiendo: ERP_TEST_01.zip
[2026-07-10 01:04:38] [INFO] Subiendo: ERP_TEST_02.zip
[2026-07-10 01:04:38] [INFO] Subiendo: ERP_TEST_03.zip
[2026-07-10 01:04:38] [INFO] Subiendo: ERP_TEST_04.bak
[2026-07-10 01:04:38] [INFO] Subiendo: ERP_TEST_05.7z
[2026-07-10 01:04:38] [INFO] Subiendo: ERP_TEST_06.zip
[2026-07-10 01:04:38] [INFO] Subiendo: ERP_TEST_07.zip
[2026-07-10 01:04:38] [INFO] Subiendo: ERP_TEST_08.zip
[2026-07-10 01:04:38] [INFO] Subiendo: ERP_TEST_09.bak
[2026-07-10 01:04:38] [INFO] Subiendo: ERP_TEST_10.7z
[2026-07-10 01:04:38] [INFO] Subiendo: ERP_TEST_11.zip
[2026-07-10 01:04:38] [INFO] Subiendo: ERP_TEST_13.zip
[2026-07-10 01:04:38] [INFO] Subiendo: ERP_TEST_14.zip
[2026-07-10 01:04:38] [INFO] Subiendo: ERP_TEST_15.zip
[2026-07-10 01:04:38] [INFO] Subiendo: ERP_TEST_16.zip
[2026-07-10 01:04:38] [INFO] Subiendo: ERP_TEST_17.zip
[2026-07-10 01:04:38] [INFO] Subiendo: ERP_TEST_18.zip
[2026-07-10 01:04:38] [INFO] Subiendo: ERP_TEST_19.zip
[2026-07-10 01:04:38] [INFO] Subiendo: ERP_TEST_20.zip
[2026-07-10 01:04:38] [INFO] Subiendo: ERP_TEST_21.zip
[2026-07-10 01:04:38] [SUCCESS] Proceso finalizado.
[2026-07-10 01:04:48] [INFO] Ejecutando trabajo: ERP SQL
[2026-07-10 01:04:48] [INFO] === Backup Center iniciado ===
[2026-07-10 01:04:48] [INFO] Subiendo: ERP_TEST.zip
[2026-07-10 01:04:48] [INFO] Subiendo: ERP_TEST_01.zip
[2026-07-10 01:04:48] [INFO] Subiendo: ERP_TEST_02.zip
[2026-07-10 01:04:48] [INFO] Subiendo: ERP_TEST_03.zip
[2026-07-10 01:04:48] [INFO] Subiendo: ERP_TEST_04.bak
[2026-07-10 01:04:48] [INFO] Subiendo: ERP_TEST_05.7z
[2026-07-10 01:04:48] [INFO] Subiendo: ERP_TEST_06.zip
[2026-07-10 01:04:48] [INFO] Subiendo: ERP_TEST_07.zip
[2026-07-10 01:04:48] [INFO] Subiendo: ERP_TEST_08.zip
[2026-07-10 01:04:48] [INFO] Subiendo: ERP_TEST_09.bak
[2026-07-10 01:04:48] [INFO] Subiendo: ERP_TEST_10.7z
[2026-07-10 01:04:48] [INFO] Subiendo: ERP_TEST_11.zip
[2026-07-10 01:04:48] [INFO] Subiendo: ERP_TEST_13.zip
[2026-07-10 01:04:48] [INFO] Subiendo: ERP_TEST_14.zip
[2026-07-10 01:04:48] [INFO] Subiendo: ERP_TEST_15.zip
[2026-07-10 01:04:48] [INFO] Subiendo: ERP_TEST_16.zip
[2026-07-10 01:04:48] [INFO] Subiendo: ERP_TEST_17.zip
[2026-07-10 01:04:48] [INFO] Subiendo: ERP_TEST_18.zip
[2026-07-10 01:04:48] [INFO] Subiendo: ERP_TEST_19.zip
[2026-07-10 01:04:48] [INFO] Subiendo: ERP_TEST_20.zip
[2026-07-10 01:04:48] [INFO] Subiendo: ERP_TEST_21.zip
[2026-07-10 01:04:48] [SUCCESS] Proceso finalizado.
[2026-07-10 01:04:58] [INFO] Ejecutando trabajo: ERP SQL
[2026-07-10 01:04:58] [INFO] === Backup Center iniciado ===
[2026-07-10 01:04:58] [INFO] Subiendo: ERP_TEST.zip
[2026-07-10 01:04:58] [INFO] Subiendo: ERP_TEST_01.zip
[2026-07-10 01:04:58] [INFO] Subiendo: ERP_TEST_02.zip
[2026-07-10 01:04:58] [INFO] Subiendo: ERP_TEST_03.zip
[2026-07-10 01:04:58] [INFO] Subiendo: ERP_TEST_04.bak
[2026-07-10 01:04:58] [INFO] Subiendo: ERP_TEST_05.7z
[2026-07-10 01:04:58] [INFO] Subiendo: ERP_TEST_06.zip
[2026-07-10 01:04:58] [INFO] Subiendo: ERP_TEST_07.zip
[2026-07-10 01:04:58] [INFO] Subiendo: ERP_TEST_08.zip
[2026-07-10 01:04:58] [INFO] Subiendo: ERP_TEST_09.bak
[2026-07-10 01:04:58] [INFO] Subiendo: ERP_TEST_10.7z
[2026-07-10 01:04:58] [INFO] Subiendo: ERP_TEST_11.zip
[2026-07-10 01:04:58] [INFO] Subiendo: ERP_TEST_13.zip
[2026-07-10 01:04:58] [INFO] Subiendo: ERP_TEST_14.zip
[2026-07-10 01:04:58] [INFO] Subiendo: ERP_TEST_15.zip
[2026-07-10 01:04:58] [INFO] Subiendo: ERP_TEST_16.zip
[2026-07-10 01:04:58] [INFO] Subiendo: ERP_TEST_17.zip
[2026-07-10 01:04:58] [INFO] Subiendo: ERP_TEST_18.zip
[2026-07-10 01:04:58] [INFO] Subiendo: ERP_TEST_19.zip
[2026-07-10 01:04:58] [INFO] Subiendo: ERP_TEST_20.zip
[2026-07-10 01:04:58] [INFO] Subiendo: ERP_TEST_21.zip
[2026-07-10 01:04:59] [SUCCESS] Proceso finalizado.
[2026-07-10 01:05:09] [INFO] Ejecutando trabajo: ERP SQL
[2026-07-10 01:05:09] [INFO] === Backup Center iniciado ===
[2026-07-10 01:05:09] [INFO] Subiendo: ERP_TEST.zip
[2026-07-10 01:05:09] [INFO] Subiendo: ERP_TEST_01.zip
[2026-07-10 01:05:09] [INFO] Subiendo: ERP_TEST_02.zip
[2026-07-10 01:05:09] [INFO] Subiendo: ERP_TEST_03.zip
[2026-07-10 01:05:09] [INFO] Subiendo: ERP_TEST_04.bak
[2026-07-10 01:05:09] [INFO] Subiendo: ERP_TEST_05.7z
[2026-07-10 01:05:09] [INFO] Subiendo: ERP_TEST_06.zip
[2026-07-10 01:05:09] [INFO] Subiendo: ERP_TEST_07.zip
[2026-07-10 01:05:09] [INFO] Subiendo: ERP_TEST_08.zip
[2026-07-10 01:05:09] [INFO] Subiendo: ERP_TEST_09.bak
[2026-07-10 01:05:09] [INFO] Subiendo: ERP_TEST_10.7z
[2026-07-10 01:05:09] [INFO] Subiendo: ERP_TEST_11.zip
[2026-07-10 01:05:09] [INFO] Subiendo: ERP_TEST_13.zip
[2026-07-10 01:05:09] [INFO] Subiendo: ERP_TEST_14.zip
[2026-07-10 01:05:09] [INFO] Subiendo: ERP_TEST_15.zip
[2026-07-10 01:05:09] [INFO] Subiendo: ERP_TEST_16.zip
[2026-07-10 01:05:09] [INFO] Subiendo: ERP_TEST_17.zip
[2026-07-10 01:05:09] [INFO] Subiendo: ERP_TEST_18.zip
[2026-07-10 01:05:09] [INFO] Subiendo: ERP_TEST_19.zip
[2026-07-10 01:05:09] [INFO] Subiendo: ERP_TEST_20.zip
[2026-07-10 01:05:09] [INFO] Subiendo: ERP_TEST_21.zip
[2026-07-10 01:05:09] [SUCCESS] Proceso finalizado.
[2026-07-10 01:05:19] [INFO] Ejecutando trabajo: ERP SQL
[2026-07-10 01:05:19] [INFO] === Backup Center iniciado ===
[2026-07-10 01:05:19] [INFO] Subiendo: ERP_TEST.zip
[2026-07-10 01:05:19] [INFO] Subiendo: ERP_TEST_01.zip
[2026-07-10 01:05:19] [INFO] Subiendo: ERP_TEST_02.zip
[2026-07-10 01:05:19] [INFO] Subiendo: ERP_TEST_03.zip
[2026-07-10 01:05:19] [INFO] Subiendo: ERP_TEST_04.bak
[2026-07-10 01:05:19] [INFO] Subiendo: ERP_TEST_05.7z
[2026-07-10 01:05:19] [INFO] Subiendo: ERP_TEST_06.zip
[2026-07-10 01:05:19] [INFO] Subiendo: ERP_TEST_07.zip
[2026-07-10 01:05:19] [INFO] Subiendo: ERP_TEST_08.zip
[2026-07-10 01:05:19] [INFO] Subiendo: ERP_TEST_09.bak
[2026-07-10 01:05:19] [INFO] Subiendo: ERP_TEST_10.7z
[2026-07-10 01:05:19] [INFO] Subiendo: ERP_TEST_11.zip
[2026-07-10 01:05:19] [INFO] Subiendo: ERP_TEST_13.zip
[2026-07-10 01:05:19] [INFO] Subiendo: ERP_TEST_14.zip
[2026-07-10 01:05:19] [INFO] Subiendo: ERP_TEST_15.zip
[2026-07-10 01:05:19] [INFO] Subiendo: ERP_TEST_16.zip
[2026-07-10 01:05:19] [INFO] Subiendo: ERP_TEST_17.zip
[2026-07-10 01:05:19] [INFO] Subiendo: ERP_TEST_18.zip
[2026-07-10 01:05:19] [INFO] Subiendo: ERP_TEST_19.zip
[2026-07-10 01:05:19] [INFO] Subiendo: ERP_TEST_20.zip
[2026-07-10 01:05:19] [INFO] Subiendo: ERP_TEST_21.zip
[2026-07-10 01:05:19] [SUCCESS] Proceso finalizado.
[2026-07-10 01:05:29] [INFO] Ejecutando trabajo: ERP SQL
[2026-07-10 01:05:29] [INFO] === Backup Center iniciado ===
[2026-07-10 01:05:29] [INFO] Subiendo: ERP_TEST.zip
[2026-07-10 01:05:29] [INFO] Subiendo: ERP_TEST_01.zip
[2026-07-10 01:05:29] [INFO] Subiendo: ERP_TEST_02.zip
[2026-07-10 01:05:29] [INFO] Subiendo: ERP_TEST_03.zip
[2026-07-10 01:05:29] [INFO] Subiendo: ERP_TEST_04.bak
[2026-07-10 01:05:29] [INFO] Subiendo: ERP_TEST_05.7z
[2026-07-10 01:05:29] [INFO] Subiendo: ERP_TEST_06.zip
[2026-07-10 01:05:29] [INFO] Subiendo: ERP_TEST_07.zip
[2026-07-10 01:05:29] [INFO] Subiendo: ERP_TEST_08.zip
[2026-07-10 01:05:29] [INFO] Subiendo: ERP_TEST_09.bak
[2026-07-10 01:05:29] [INFO] Subiendo: ERP_TEST_10.7z
[2026-07-10 01:05:29] [INFO] Subiendo: ERP_TEST_11.zip
[2026-07-10 01:05:29] [INFO] Subiendo: ERP_TEST_13.zip
[2026-07-10 01:05:29] [INFO] Subiendo: ERP_TEST_14.zip
[2026-07-10 01:05:29] [INFO] Subiendo: ERP_TEST_15.zip
[2026-07-10 01:05:29] [INFO] Subiendo: ERP_TEST_16.zip
[2026-07-10 01:05:29] [INFO] Subiendo: ERP_TEST_17.zip
[2026-07-10 01:05:29] [INFO] Subiendo: ERP_TEST_18.zip
[2026-07-10 01:05:29] [INFO] Subiendo: ERP_TEST_19.zip
[2026-07-10 01:05:29] [INFO] Subiendo: ERP_TEST_20.zip
[2026-07-10 01:05:29] [INFO] Subiendo: ERP_TEST_21.zip
[2026-07-10 01:05:29] [SUCCESS] Proceso finalizado.
[2026-07-10 01:05:39] [INFO] Ejecutando trabajo: ERP SQL
[2026-07-10 01:05:39] [INFO] === Backup Center iniciado ===
[2026-07-10 01:05:39] [INFO] Subiendo: ERP_TEST.zip
[2026-07-10 01:05:39] [INFO] Subiendo: ERP_TEST_01.zip
[2026-07-10 01:05:39] [INFO] Subiendo: ERP_TEST_02.zip
[2026-07-10 01:05:39] [INFO] Subiendo: ERP_TEST_03.zip
[2026-07-10 01:05:39] [INFO] Subiendo: ERP_TEST_04.bak
[2026-07-10 01:05:39] [INFO] Subiendo: ERP_TEST_05.7z
[2026-07-10 01:05:39] [INFO] Subiendo: ERP_TEST_06.zip
[2026-07-10 01:05:39] [INFO] Subiendo: ERP_TEST_07.zip
[2026-07-10 01:05:39] [INFO] Subiendo: ERP_TEST_08.zip
[2026-07-10 01:05:39] [INFO] Subiendo: ERP_TEST_09.bak
[2026-07-10 01:05:39] [INFO] Subiendo: ERP_TEST_10.7z
[2026-07-10 01:05:39] [INFO] Subiendo: ERP_TEST_11.zip
[2026-07-10 01:05:39] [INFO] Subiendo: ERP_TEST_13.zip
[2026-07-10 01:05:39] [INFO] Subiendo: ERP_TEST_14.zip
[2026-07-10 01:05:39] [INFO] Subiendo: ERP_TEST_15.zip
[2026-07-10 01:05:39] [INFO] Subiendo: ERP_TEST_16.zip
[2026-07-10 01:05:39] [INFO] Subiendo: ERP_TEST_17.zip
[2026-07-10 01:05:39] [INFO] Subiendo: ERP_TEST_18.zip
[2026-07-10 01:05:39] [INFO] Subiendo: ERP_TEST_19.zip
[2026-07-10 01:05:39] [INFO] Subiendo: ERP_TEST_20.zip
[2026-07-10 01:05:39] [INFO] Subiendo: ERP_TEST_21.zip
[2026-07-10 01:05:39] [SUCCESS] Proceso finalizado.
[2026-07-10 01:05:49] [INFO] Ejecutando trabajo: ERP SQL
[2026-07-10 01:05:49] [INFO] === Backup Center iniciado ===
[2026-07-10 01:05:49] [INFO] Subiendo: ERP_TEST.zip
[2026-07-10 01:05:49] [INFO] Subiendo: ERP_TEST_01.zip
[2026-07-10 01:05:49] [INFO] Subiendo: ERP_TEST_02.zip
[2026-07-10 01:05:49] [INFO] Subiendo: ERP_TEST_03.zip
[2026-07-10 01:05:49] [INFO] Subiendo: ERP_TEST_04.bak
[2026-07-10 01:05:49] [INFO] Subiendo: ERP_TEST_05.7z
[2026-07-10 01:05:49] [INFO] Subiendo: ERP_TEST_06.zip
[2026-07-10 01:05:49] [INFO] Subiendo: ERP_TEST_07.zip
[2026-07-10 01:05:49] [INFO] Subiendo: ERP_TEST_08.zip
[2026-07-10 01:05:49] [INFO] Subiendo: ERP_TEST_09.bak
[2026-07-10 01:05:49] [INFO] Subiendo: ERP_TEST_10.7z
[2026-07-10 01:05:49] [INFO] Subiendo: ERP_TEST_11.zip
[2026-07-10 01:05:49] [INFO] Subiendo: ERP_TEST_13.zip
[2026-07-10 01:05:49] [INFO] Subiendo: ERP_TEST_14.zip
[2026-07-10 01:05:49] [INFO] Subiendo: ERP_TEST_15.zip
[2026-07-10 01:05:49] [INFO] Subiendo: ERP_TEST_16.zip
[2026-07-10 01:05:49] [INFO] Subiendo: ERP_TEST_17.zip
[2026-07-10 01:05:49] [INFO] Subiendo: ERP_TEST_18.zip
[2026-07-10 01:05:49] [INFO] Subiendo: ERP_TEST_19.zip
[2026-07-10 01:05:49] [INFO] Subiendo: ERP_TEST_20.zip
[2026-07-10 01:05:49] [INFO] Subiendo: ERP_TEST_21.zip
[2026-07-10 01:05:49] [SUCCESS] Proceso finalizado.
[2026-07-10 01:05:59] [INFO] Ejecutando trabajo: ERP SQL
[2026-07-10 01:05:59] [INFO] === Backup Center iniciado ===
[2026-07-10 01:05:59] [INFO] Subiendo: ERP_TEST.zip
[2026-07-10 01:05:59] [INFO] Subiendo: ERP_TEST_01.zip
[2026-07-10 01:05:59] [INFO] Subiendo: ERP_TEST_02.zip
[2026-07-10 01:05:59] [INFO] Subiendo: ERP_TEST_03.zip
[2026-07-10 01:05:59] [INFO] Subiendo: ERP_TEST_04.bak
[2026-07-10 01:05:59] [INFO] Subiendo: ERP_TEST_05.7z
[2026-07-10 01:05:59] [INFO] Subiendo: ERP_TEST_06.zip
[2026-07-10 01:05:59] [INFO] Subiendo: ERP_TEST_07.zip
[2026-07-10 01:05:59] [INFO] Subiendo: ERP_TEST_08.zip
[2026-07-10 01:05:59] [INFO] Subiendo: ERP_TEST_09.bak
[2026-07-10 01:05:59] [INFO] Subiendo: ERP_TEST_10.7z
[2026-07-10 01:05:59] [INFO] Subiendo: ERP_TEST_11.zip
[2026-07-10 01:05:59] [INFO] Subiendo: ERP_TEST_13.zip
[2026-07-10 01:05:59] [INFO] Subiendo: ERP_TEST_14.zip
[2026-07-10 01:05:59] [INFO] Subiendo: ERP_TEST_15.zip
[2026-07-10 01:05:59] [INFO] Subiendo: ERP_TEST_16.zip
[2026-07-10 01:05:59] [INFO] Subiendo: ERP_TEST_17.zip
[2026-07-10 01:05:59] [INFO] Subiendo: ERP_TEST_18.zip
[2026-07-10 01:05:59] [INFO] Subiendo: ERP_TEST_19.zip
[2026-07-10 01:05:59] [INFO] Subiendo: ERP_TEST_20.zip
[2026-07-10 01:05:59] [INFO] Subiendo: ERP_TEST_21.zip
[2026-07-10 01:05:59] [SUCCESS] Proceso finalizado.
[2026-07-10 01:06:09] [INFO] Ejecutando trabajo: ERP SQL
[2026-07-10 01:06:09] [INFO] === Backup Center iniciado ===
[2026-07-10 01:06:09] [INFO] Subiendo: ERP_TEST.zip
[2026-07-10 01:06:09] [INFO] Subiendo: ERP_TEST_01.zip
[2026-07-10 01:06:09] [INFO] Subiendo: ERP_TEST_02.zip
[2026-07-10 01:06:09] [INFO] Subiendo: ERP_TEST_03.zip
[2026-07-10 01:06:09] [INFO] Subiendo: ERP_TEST_04.bak
[2026-07-10 01:06:09] [INFO] Subiendo: ERP_TEST_05.7z
[2026-07-10 01:06:09] [INFO] Subiendo: ERP_TEST_06.zip
[2026-07-10 01:06:09] [INFO] Subiendo: ERP_TEST_07.zip
[2026-07-10 01:06:09] [INFO] Subiendo: ERP_TEST_08.zip
[2026-07-10 01:06:09] [INFO] Subiendo: ERP_TEST_09.bak
[2026-07-10 01:06:09] [INFO] Subiendo: ERP_TEST_10.7z
[2026-07-10 01:06:09] [INFO] Subiendo: ERP_TEST_11.zip
[2026-07-10 01:06:09] [INFO] Subiendo: ERP_TEST_13.zip
[2026-07-10 01:06:09] [INFO] Subiendo: ERP_TEST_14.zip
[2026-07-10 01:06:09] [INFO] Subiendo: ERP_TEST_15.zip
[2026-07-10 01:06:09] [INFO] Subiendo: ERP_TEST_16.zip
[2026-07-10 01:06:09] [INFO] Subiendo: ERP_TEST_17.zip
[2026-07-10 01:06:09] [INFO] Subiendo: ERP_TEST_18.zip
[2026-07-10 01:06:09] [INFO] Subiendo: ERP_TEST_19.zip
[2026-07-10 01:06:09] [INFO] Subiendo: ERP_TEST_20.zip
[2026-07-10 01:06:09] [INFO] Subiendo: ERP_TEST_21.zip
[2026-07-10 01:06:09] [SUCCESS] Proceso finalizado.
[2026-07-10 01:06:19] [INFO] Ejecutando trabajo: ERP SQL
[2026-07-10 01:06:19] [INFO] === Backup Center iniciado ===
[2026-07-10 01:06:19] [INFO] Subiendo: ERP_TEST.zip
[2026-07-10 01:06:19] [INFO] Subiendo: ERP_TEST_01.zip
[2026-07-10 01:06:19] [INFO] Subiendo: ERP_TEST_02.zip
[2026-07-10 01:06:19] [INFO] Subiendo: ERP_TEST_03.zip
[2026-07-10 01:06:19] [INFO] Subiendo: ERP_TEST_04.bak
[2026-07-10 01:06:19] [INFO] Subiendo: ERP_TEST_05.7z
[2026-07-10 01:06:19] [INFO] Subiendo: ERP_TEST_06.zip
[2026-07-10 01:06:19] [INFO] Subiendo: ERP_TEST_07.zip
[2026-07-10 01:06:19] [INFO] Subiendo: ERP_TEST_08.zip
[2026-07-10 01:06:19] [INFO] Subiendo: ERP_TEST_09.bak
[2026-07-10 01:06:19] [INFO] Subiendo: ERP_TEST_10.7z
[2026-07-10 01:06:19] [INFO] Subiendo: ERP_TEST_11.zip
[2026-07-10 01:06:19] [INFO] Subiendo: ERP_TEST_13.zip
[2026-07-10 01:06:19] [INFO] Subiendo: ERP_TEST_14.zip
[2026-07-10 01:06:19] [INFO] Subiendo: ERP_TEST_15.zip
[2026-07-10 01:06:19] [INFO] Subiendo: ERP_TEST_16.zip
[2026-07-10 01:06:19] [INFO] Subiendo: ERP_TEST_17.zip
[2026-07-10 01:06:19] [INFO] Subiendo: ERP_TEST_18.zip
[2026-07-10 01:06:19] [INFO] Subiendo: ERP_TEST_19.zip
[2026-07-10 01:06:19] [INFO] Subiendo: ERP_TEST_20.zip
[2026-07-10 01:06:19] [INFO] Subiendo: ERP_TEST_21.zip
[2026-07-10 01:06:19] [SUCCESS] Proceso finalizado.
[2026-07-10 01:06:29] [INFO] Ejecutando trabajo: ERP SQL
[2026-07-10 01:06:29] [INFO] === Backup Center iniciado ===
[2026-07-10 01:06:30] [INFO] Subiendo: ERP_TEST.zip
[2026-07-10 01:06:30] [INFO] Subiendo: ERP_TEST_01.zip
[2026-07-10 01:06:30] [INFO] Subiendo: ERP_TEST_02.zip
[2026-07-10 01:06:30] [INFO] Subiendo: ERP_TEST_03.zip
[2026-07-10 01:06:30] [INFO] Subiendo: ERP_TEST_04.bak
[2026-07-10 01:06:30] [INFO] Subiendo: ERP_TEST_05.7z
[2026-07-10 01:06:30] [INFO] Subiendo: ERP_TEST_06.zip
[2026-07-10 01:06:30] [INFO] Subiendo: ERP_TEST_07.zip
[2026-07-10 01:06:30] [INFO] Subiendo: ERP_TEST_08.zip
[2026-07-10 01:06:30] [INFO] Subiendo: ERP_TEST_09.bak
[2026-07-10 01:06:30] [INFO] Subiendo: ERP_TEST_10.7z
[2026-07-10 01:06:30] [INFO] Subiendo: ERP_TEST_11.zip
[2026-07-10 01:06:30] [INFO] Subiendo: ERP_TEST_13.zip
[2026-07-10 01:06:30] [INFO] Subiendo: ERP_TEST_14.zip
[2026-07-10 01:06:30] [INFO] Subiendo: ERP_TEST_15.zip
[2026-07-10 01:06:30] [INFO] Subiendo: ERP_TEST_16.zip
[2026-07-10 01:06:30] [INFO] Subiendo: ERP_TEST_17.zip
[2026-07-10 01:06:30] [INFO] Subiendo: ERP_TEST_18.zip
[2026-07-10 01:06:30] [INFO] Subiendo: ERP_TEST_19.zip
[2026-07-10 01:06:30] [INFO] Subiendo: ERP_TEST_20.zip
[2026-07-10 01:06:30] [INFO] Subiendo: ERP_TEST_21.zip
[2026-07-10 01:06:30] [SUCCESS] Proceso finalizado.
[2026-07-10 01:06:40] [INFO] Ejecutando trabajo: ERP SQL
[2026-07-10 01:06:40] [INFO] === Backup Center iniciado ===
[2026-07-10 01:06:40] [INFO] Subiendo: ERP_TEST.zip
[2026-07-10 01:06:40] [INFO] Subiendo: ERP_TEST_01.zip
[2026-07-10 01:06:40] [INFO] Subiendo: ERP_TEST_02.zip
[2026-07-10 01:06:40] [INFO] Subiendo: ERP_TEST_03.zip
[2026-07-10 01:06:40] [INFO] Subiendo: ERP_TEST_04.bak
[2026-07-10 01:06:40] [INFO] Subiendo: ERP_TEST_05.7z
[2026-07-10 01:06:40] [INFO] Subiendo: ERP_TEST_06.zip
[2026-07-10 01:06:40] [INFO] Subiendo: ERP_TEST_07.zip
[2026-07-10 01:06:40] [INFO] Subiendo: ERP_TEST_08.zip
[2026-07-10 01:06:40] [INFO] Subiendo: ERP_TEST_09.bak
[2026-07-10 01:06:40] [INFO] Subiendo: ERP_TEST_10.7z
[2026-07-10 01:06:40] [INFO] Subiendo: ERP_TEST_11.zip
[2026-07-10 01:06:40] [INFO] Subiendo: ERP_TEST_13.zip
[2026-07-10 01:06:40] [INFO] Subiendo: ERP_TEST_14.zip
[2026-07-10 01:06:40] [INFO] Subiendo: ERP_TEST_15.zip
[2026-07-10 01:06:40] [INFO] Subiendo: ERP_TEST_16.zip
[2026-07-10 01:06:40] [INFO] Subiendo: ERP_TEST_17.zip
[2026-07-10 01:06:40] [INFO] Subiendo: ERP_TEST_18.zip
[2026-07-10 01:06:40] [INFO] Subiendo: ERP_TEST_19.zip
[2026-07-10 01:06:40] [INFO] Subiendo: ERP_TEST_20.zip
[2026-07-10 01:06:40] [INFO] Subiendo: ERP_TEST_21.zip
[2026-07-10 01:06:40] [SUCCESS] Proceso finalizado.
[2026-07-10 01:06:50] [INFO] Ejecutando trabajo: ERP SQL
[2026-07-10 01:06:50] [INFO] === Backup Center iniciado ===
[2026-07-10 01:06:50] [INFO] Subiendo: ERP_TEST.zip
[2026-07-10 01:06:50] [INFO] Subiendo: ERP_TEST_01.zip
[2026-07-10 01:06:50] [INFO] Subiendo: ERP_TEST_02.zip
[2026-07-10 01:06:50] [INFO] Subiendo: ERP_TEST_03.zip
[2026-07-10 01:06:50] [INFO] Subiendo: ERP_TEST_04.bak
[2026-07-10 01:06:50] [INFO] Subiendo: ERP_TEST_05.7z
[2026-07-10 01:06:50] [INFO] Subiendo: ERP_TEST_06.zip
[2026-07-10 01:06:50] [INFO] Subiendo: ERP_TEST_07.zip
[2026-07-10 01:06:50] [INFO] Subiendo: ERP_TEST_08.zip
[2026-07-10 01:06:50] [INFO] Subiendo: ERP_TEST_09.bak
[2026-07-10 01:06:50] [INFO] Subiendo: ERP_TEST_10.7z
[2026-07-10 01:06:50] [INFO] Subiendo: ERP_TEST_11.zip
[2026-07-10 01:06:50] [INFO] Subiendo: ERP_TEST_13.zip
[2026-07-10 01:06:50] [INFO] Subiendo: ERP_TEST_14.zip
[2026-07-10 01:06:50] [INFO] Subiendo: ERP_TEST_15.zip
[2026-07-10 01:06:50] [INFO] Subiendo: ERP_TEST_16.zip
[2026-07-10 01:06:50] [INFO] Subiendo: ERP_TEST_17.zip
[2026-07-10 01:06:50] [INFO] Subiendo: ERP_TEST_18.zip
[2026-07-10 01:06:50] [INFO] Subiendo: ERP_TEST_19.zip
[2026-07-10 01:06:50] [INFO] Subiendo: ERP_TEST_20.zip
[2026-07-10 01:06:50] [INFO] Subiendo: ERP_TEST_21.zip
[2026-07-10 01:06:50] [SUCCESS] Proceso finalizado.
[2026-07-10 01:06:58] [INFO] Ejecutando trabajo: ERP SQL
[2026-07-10 01:06:58] [INFO] === Backup Center iniciado ===
[2026-07-10 01:06:58] [INFO] Subiendo: ERP_TEST.zip
[2026-07-10 01:06:58] [INFO] Subiendo: ERP_TEST_01.zip
[2026-07-10 01:06:58] [INFO] Subiendo: ERP_TEST_02.zip
[2026-07-10 01:06:58] [INFO] Subiendo: ERP_TEST_03.zip
[2026-07-10 01:06:58] [INFO] Subiendo: ERP_TEST_04.bak
[2026-07-10 01:06:58] [INFO] Subiendo: ERP_TEST_05.7z
[2026-07-10 01:06:58] [INFO] Subiendo: ERP_TEST_06.zip
[2026-07-10 01:06:58] [INFO] Subiendo: ERP_TEST_07.zip
[2026-07-10 01:06:58] [INFO] Subiendo: ERP_TEST_08.zip
[2026-07-10 01:06:58] [INFO] Subiendo: ERP_TEST_09.bak
[2026-07-10 01:06:58] [INFO] Subiendo: ERP_TEST_10.7z
[2026-07-10 01:06:58] [INFO] Subiendo: ERP_TEST_11.zip
[2026-07-10 01:06:58] [INFO] Subiendo: ERP_TEST_13.zip
[2026-07-10 01:06:58] [INFO] Subiendo: ERP_TEST_14.zip
[2026-07-10 01:06:58] [INFO] Subiendo: ERP_TEST_15.zip
[2026-07-10 01:06:58] [INFO] Subiendo: ERP_TEST_16.zip
[2026-07-10 01:06:58] [INFO] Subiendo: ERP_TEST_17.zip
[2026-07-10 01:06:58] [INFO] Subiendo: ERP_TEST_18.zip
[2026-07-10 01:06:58] [INFO] Subiendo: ERP_TEST_19.zip
[2026-07-10 01:06:58] [INFO] Subiendo: ERP_TEST_20.zip
[2026-07-10 01:06:58] [INFO] Subiendo: ERP_TEST_21.zip
[2026-07-10 01:06:58] [SUCCESS] Proceso finalizado.
[2026-07-10 01:07:08] [INFO] Ejecutando trabajo: ERP SQL
[2026-07-10 01:07:08] [INFO] === Backup Center iniciado ===
[2026-07-10 01:07:08] [INFO] Subiendo: ERP_TEST.zip
[2026-07-10 01:07:08] [INFO] Subiendo: ERP_TEST_01.zip
[2026-07-10 01:07:08] [INFO] Subiendo: ERP_TEST_02.zip
[2026-07-10 01:07:08] [INFO] Subiendo: ERP_TEST_03.zip
[2026-07-10 01:07:08] [INFO] Subiendo: ERP_TEST_04.bak
[2026-07-10 01:07:08] [INFO] Subiendo: ERP_TEST_05.7z
[2026-07-10 01:07:08] [INFO] Subiendo: ERP_TEST_06.zip
[2026-07-10 01:07:08] [INFO] Subiendo: ERP_TEST_07.zip
[2026-07-10 01:07:08] [INFO] Subiendo: ERP_TEST_08.zip
[2026-07-10 01:07:08] [INFO] Subiendo: ERP_TEST_09.bak
[2026-07-10 01:07:08] [INFO] Subiendo: ERP_TEST_10.7z
[2026-07-10 01:07:08] [INFO] Subiendo: ERP_TEST_11.zip
[2026-07-10 01:07:08] [INFO] Subiendo: ERP_TEST_13.zip
[2026-07-10 01:07:08] [INFO] Subiendo: ERP_TEST_14.zip
[2026-07-10 01:07:08] [INFO] Subiendo: ERP_TEST_15.zip
[2026-07-10 01:07:08] [INFO] Subiendo: ERP_TEST_16.zip
[2026-07-10 01:07:08] [INFO] Subiendo: ERP_TEST_17.zip
[2026-07-10 01:07:08] [INFO] Subiendo: ERP_TEST_18.zip
[2026-07-10 01:07:08] [INFO] Subiendo: ERP_TEST_19.zip
[2026-07-10 01:07:08] [INFO] Subiendo: ERP_TEST_20.zip
[2026-07-10 01:07:08] [INFO] Subiendo: ERP_TEST_21.zip
[2026-07-10 01:07:08] [SUCCESS] Proceso finalizado.
[2026-07-10 01:07:18] [INFO] Ejecutando trabajo: ERP SQL
[2026-07-10 01:07:18] [INFO] === Backup Center iniciado ===
[2026-07-10 01:07:18] [INFO] Subiendo: ERP_TEST.zip
[2026-07-10 01:07:18] [INFO] Subiendo: ERP_TEST_01.zip
[2026-07-10 01:07:18] [INFO] Subiendo: ERP_TEST_02.zip
[2026-07-10 01:07:18] [INFO] Subiendo: ERP_TEST_03.zip
[2026-07-10 01:07:18] [INFO] Subiendo: ERP_TEST_04.bak
[2026-07-10 01:07:18] [INFO] Subiendo: ERP_TEST_05.7z
[2026-07-10 01:07:18] [INFO] Subiendo: ERP_TEST_06.zip
[2026-07-10 01:07:18] [INFO] Subiendo: ERP_TEST_07.zip
[2026-07-10 01:07:18] [INFO] Subiendo: ERP_TEST_08.zip
[2026-07-10 01:07:18] [INFO] Subiendo: ERP_TEST_09.bak
[2026-07-10 01:07:18] [INFO] Subiendo: ERP_TEST_10.7z
[2026-07-10 01:07:18] [INFO] Subiendo: ERP_TEST_11.zip
[2026-07-10 01:07:18] [INFO] Subiendo: ERP_TEST_13.zip
[2026-07-10 01:07:18] [INFO] Subiendo: ERP_TEST_14.zip
[2026-07-10 01:07:18] [INFO] Subiendo: ERP_TEST_15.zip
[2026-07-10 01:07:18] [INFO] Subiendo: ERP_TEST_16.zip
[2026-07-10 01:07:18] [INFO] Subiendo: ERP_TEST_17.zip
[2026-07-10 01:07:18] [INFO] Subiendo: ERP_TEST_18.zip
[2026-07-10 01:07:18] [INFO] Subiendo: ERP_TEST_19.zip
[2026-07-10 01:07:18] [INFO] Subiendo: ERP_TEST_20.zip
[2026-07-10 01:07:18] [INFO] Subiendo: ERP_TEST_21.zip
[2026-07-10 01:07:18] [SUCCESS] Proceso finalizado.
[2026-07-10 01:07:28] [INFO] Ejecutando trabajo: ERP SQL
[2026-07-10 01:07:28] [INFO] === Backup Center iniciado ===
[2026-07-10 01:07:28] [INFO] Subiendo: ERP_TEST.zip
[2026-07-10 01:07:28] [INFO] Subiendo: ERP_TEST_01.zip
[2026-07-10 01:07:28] [INFO] Subiendo: ERP_TEST_02.zip
[2026-07-10 01:07:28] [INFO] Subiendo: ERP_TEST_03.zip
[2026-07-10 01:07:28] [INFO] Subiendo: ERP_TEST_04.bak
[2026-07-10 01:07:28] [INFO] Subiendo: ERP_TEST_05.7z
[2026-07-10 01:07:28] [INFO] Subiendo: ERP_TEST_06.zip
[2026-07-10 01:07:28] [INFO] Subiendo: ERP_TEST_07.zip
[2026-07-10 01:07:28] [INFO] Subiendo: ERP_TEST_08.zip
[2026-07-10 01:07:28] [INFO] Subiendo: ERP_TEST_09.bak
[2026-07-10 01:07:28] [INFO] Subiendo: ERP_TEST_10.7z
[2026-07-10 01:07:28] [INFO] Subiendo: ERP_TEST_11.zip
[2026-07-10 01:07:28] [INFO] Subiendo: ERP_TEST_13.zip
[2026-07-10 01:07:28] [INFO] Subiendo: ERP_TEST_14.zip
[2026-07-10 01:07:28] [INFO] Subiendo: ERP_TEST_15.zip
[2026-07-10 01:07:28] [INFO] Subiendo: ERP_TEST_16.zip
[2026-07-10 01:07:28] [INFO] Subiendo: ERP_TEST_17.zip
[2026-07-10 01:07:28] [INFO] Subiendo: ERP_TEST_18.zip
[2026-07-10 01:07:28] [INFO] Subiendo: ERP_TEST_19.zip
[2026-07-10 01:07:28] [INFO] Subiendo: ERP_TEST_20.zip
[2026-07-10 01:07:28] [INFO] Subiendo: ERP_TEST_21.zip
[2026-07-10 01:07:28] [SUCCESS] Proceso finalizado.
[2026-07-10 01:07:38] [INFO] Ejecutando trabajo: ERP SQL
[2026-07-10 01:07:38] [INFO] === Backup Center iniciado ===
[2026-07-10 01:07:38] [INFO] Subiendo: ERP_TEST.zip
[2026-07-10 01:07:38] [INFO] Subiendo: ERP_TEST_01.zip
[2026-07-10 01:07:38] [INFO] Subiendo: ERP_TEST_02.zip
[2026-07-10 01:07:38] [INFO] Subiendo: ERP_TEST_03.zip
[2026-07-10 01:07:38] [INFO] Subiendo: ERP_TEST_04.bak
[2026-07-10 01:07:38] [INFO] Subiendo: ERP_TEST_05.7z
[2026-07-10 01:07:38] [INFO] Subiendo: ERP_TEST_06.zip
[2026-07-10 01:07:38] [INFO] Subiendo: ERP_TEST_07.zip
[2026-07-10 01:07:38] [INFO] Subiendo: ERP_TEST_08.zip
[2026-07-10 01:07:38] [INFO] Subiendo: ERP_TEST_09.bak
[2026-07-10 01:07:38] [INFO] Subiendo: ERP_TEST_10.7z
[2026-07-10 01:07:38] [INFO] Subiendo: ERP_TEST_11.zip
[2026-07-10 01:07:38] [INFO] Subiendo: ERP_TEST_13.zip
[2026-07-10 01:07:38] [INFO] Subiendo: ERP_TEST_14.zip
[2026-07-10 01:07:38] [INFO] Subiendo: ERP_TEST_15.zip
[2026-07-10 01:07:38] [INFO] Subiendo: ERP_TEST_16.zip
[2026-07-10 01:07:38] [INFO] Subiendo: ERP_TEST_17.zip
[2026-07-10 01:07:38] [INFO] Subiendo: ERP_TEST_18.zip
[2026-07-10 01:07:38] [INFO] Subiendo: ERP_TEST_19.zip
[2026-07-10 01:07:38] [INFO] Subiendo: ERP_TEST_20.zip
[2026-07-10 01:07:38] [INFO] Subiendo: ERP_TEST_21.zip
[2026-07-10 01:07:38] [SUCCESS] Proceso finalizado.
[2026-07-10 01:07:48] [INFO] Ejecutando trabajo: ERP SQL
[2026-07-10 01:07:48] [INFO] === Backup Center iniciado ===
[2026-07-10 01:07:48] [INFO] Subiendo: ERP_TEST.zip
[2026-07-10 01:07:48] [INFO] Subiendo: ERP_TEST_01.zip
[2026-07-10 01:07:48] [INFO] Subiendo: ERP_TEST_02.zip
[2026-07-10 01:07:48] [INFO] Subiendo: ERP_TEST_03.zip
[2026-07-10 01:07:48] [INFO] Subiendo: ERP_TEST_04.bak
[2026-07-10 01:07:48] [INFO] Subiendo: ERP_TEST_05.7z
[2026-07-10 01:07:48] [INFO] Subiendo: ERP_TEST_06.zip
[2026-07-10 01:07:48] [INFO] Subiendo: ERP_TEST_07.zip
[2026-07-10 01:07:48] [INFO] Subiendo: ERP_TEST_08.zip
[2026-07-10 01:07:48] [INFO] Subiendo: ERP_TEST_09.bak
[2026-07-10 01:07:48] [INFO] Subiendo: ERP_TEST_10.7z
[2026-07-10 01:07:48] [INFO] Subiendo: ERP_TEST_11.zip
[2026-07-10 01:07:48] [INFO] Subiendo: ERP_TEST_13.zip
[2026-07-10 01:07:48] [INFO] Subiendo: ERP_TEST_14.zip
[2026-07-10 01:07:48] [INFO] Subiendo: ERP_TEST_15.zip
[2026-07-10 01:07:48] [INFO] Subiendo: ERP_TEST_16.zip
[2026-07-10 01:07:48] [INFO] Subiendo: ERP_TEST_17.zip
[2026-07-10 01:07:48] [INFO] Subiendo: ERP_TEST_18.zip
[2026-07-10 01:07:48] [INFO] Subiendo: ERP_TEST_19.zip
[2026-07-10 01:07:48] [INFO] Subiendo: ERP_TEST_20.zip
[2026-07-10 01:07:48] [INFO] Subiendo: ERP_TEST_21.zip
[2026-07-10 01:07:48] [SUCCESS] Proceso finalizado.
[2026-07-10 01:07:58] [INFO] Ejecutando trabajo: ERP SQL
[2026-07-10 01:07:58] [INFO] === Backup Center iniciado ===
[2026-07-10 01:07:58] [INFO] Subiendo: ERP_TEST.zip
[2026-07-10 01:07:58] [INFO] Subiendo: ERP_TEST_01.zip
[2026-07-10 01:07:58] [INFO] Subiendo: ERP_TEST_02.zip
[2026-07-10 01:07:58] [INFO] Subiendo: ERP_TEST_03.zip
[2026-07-10 01:07:58] [INFO] Subiendo: ERP_TEST_04.bak
[2026-07-10 01:07:58] [INFO] Subiendo: ERP_TEST_05.7z
[2026-07-10 01:07:58] [INFO] Subiendo: ERP_TEST_06.zip
[2026-07-10 01:07:58] [INFO] Subiendo: ERP_TEST_07.zip
[2026-07-10 01:07:58] [INFO] Subiendo: ERP_TEST_08.zip
[2026-07-10 01:07:58] [INFO] Subiendo: ERP_TEST_09.bak
[2026-07-10 01:07:58] [INFO] Subiendo: ERP_TEST_10.7z
[2026-07-10 01:07:58] [INFO] Subiendo: ERP_TEST_11.zip
[2026-07-10 01:07:58] [INFO] Subiendo: ERP_TEST_13.zip
[2026-07-10 01:07:58] [INFO] Subiendo: ERP_TEST_14.zip
[2026-07-10 01:07:58] [INFO] Subiendo: ERP_TEST_15.zip
[2026-07-10 01:07:58] [INFO] Subiendo: ERP_TEST_16.zip
[2026-07-10 01:07:58] [INFO] Subiendo: ERP_TEST_17.zip
[2026-07-10 01:07:58] [INFO] Subiendo: ERP_TEST_18.zip
[2026-07-10 01:07:58] [INFO] Subiendo: ERP_TEST_19.zip
[2026-07-10 01:07:58] [INFO] Subiendo: ERP_TEST_20.zip
[2026-07-10 01:07:58] [INFO] Subiendo: ERP_TEST_21.zip
[2026-07-10 01:07:58] [SUCCESS] Proceso finalizado.
[2026-07-10 01:08:08] [INFO] Ejecutando trabajo: ERP SQL
[2026-07-10 01:08:08] [INFO] === Backup Center iniciado ===
[2026-07-10 01:08:08] [INFO] Subiendo: ERP_TEST.zip
[2026-07-10 01:08:08] [INFO] Subiendo: ERP_TEST_01.zip
[2026-07-10 01:08:08] [INFO] Subiendo: ERP_TEST_02.zip
[2026-07-10 01:08:08] [INFO] Subiendo: ERP_TEST_03.zip
[2026-07-10 01:08:08] [INFO] Subiendo: ERP_TEST_04.bak
[2026-07-10 01:08:08] [INFO] Subiendo: ERP_TEST_05.7z
[2026-07-10 01:08:08] [INFO] Subiendo: ERP_TEST_06.zip
[2026-07-10 01:08:08] [INFO] Subiendo: ERP_TEST_07.zip
[2026-07-10 01:08:08] [INFO] Subiendo: ERP_TEST_08.zip
[2026-07-10 01:08:08] [INFO] Subiendo: ERP_TEST_09.bak
[2026-07-10 01:08:08] [INFO] Subiendo: ERP_TEST_10.7z
[2026-07-10 01:08:08] [INFO] Subiendo: ERP_TEST_11.zip
[2026-07-10 01:08:08] [INFO] Subiendo: ERP_TEST_13.zip
[2026-07-10 01:08:08] [INFO] Subiendo: ERP_TEST_14.zip
[2026-07-10 01:08:08] [INFO] Subiendo: ERP_TEST_15.zip
[2026-07-10 01:08:08] [INFO] Subiendo: ERP_TEST_16.zip
[2026-07-10 01:08:08] [INFO] Subiendo: ERP_TEST_17.zip
[2026-07-10 01:08:08] [INFO] Subiendo: ERP_TEST_18.zip
[2026-07-10 01:08:08] [INFO] Subiendo: ERP_TEST_19.zip
[2026-07-10 01:08:08] [INFO] Subiendo: ERP_TEST_20.zip
[2026-07-10 01:08:08] [INFO] Subiendo: ERP_TEST_21.zip
[2026-07-10 01:08:08] [SUCCESS] Proceso finalizado.
[2026-07-10 01:08:19] [INFO] Ejecutando trabajo: ERP SQL
[2026-07-10 01:08:19] [INFO] === Backup Center iniciado ===
[2026-07-10 01:08:19] [INFO] Subiendo: ERP_TEST.zip
[2026-07-10 01:08:19] [INFO] Subiendo: ERP_TEST_01.zip
[2026-07-10 01:08:19] [INFO] Subiendo: ERP_TEST_02.zip
[2026-07-10 01:08:19] [INFO] Subiendo: ERP_TEST_03.zip
[2026-07-10 01:08:19] [INFO] Subiendo: ERP_TEST_04.bak
[2026-07-10 01:08:19] [INFO] Subiendo: ERP_TEST_05.7z
[2026-07-10 01:08:19] [INFO] Subiendo: ERP_TEST_06.zip
[2026-07-10 01:08:19] [INFO] Subiendo: ERP_TEST_07.zip
[2026-07-10 01:08:19] [INFO] Subiendo: ERP_TEST_08.zip
[2026-07-10 01:08:19] [INFO] Subiendo: ERP_TEST_09.bak
[2026-07-10 01:08:19] [INFO] Subiendo: ERP_TEST_10.7z
[2026-07-10 01:08:19] [INFO] Subiendo: ERP_TEST_11.zip
[2026-07-10 01:08:19] [INFO] Subiendo: ERP_TEST_13.zip
[2026-07-10 01:08:19] [INFO] Subiendo: ERP_TEST_14.zip
[2026-07-10 01:08:19] [INFO] Subiendo: ERP_TEST_15.zip
[2026-07-10 01:08:19] [INFO] Subiendo: ERP_TEST_16.zip
[2026-07-10 01:08:19] [INFO] Subiendo: ERP_TEST_17.zip
[2026-07-10 01:08:19] [INFO] Subiendo: ERP_TEST_18.zip
[2026-07-10 01:08:19] [INFO] Subiendo: ERP_TEST_19.zip
[2026-07-10 01:08:19] [INFO] Subiendo: ERP_TEST_20.zip
[2026-07-10 01:08:19] [INFO] Subiendo: ERP_TEST_21.zip
[2026-07-10 01:08:19] [SUCCESS] Proceso finalizado.
[2026-07-10 01:08:29] [INFO] Ejecutando trabajo: ERP SQL
[2026-07-10 01:08:29] [INFO] === Backup Center iniciado ===
[2026-07-10 01:08:29] [INFO] Subiendo: ERP_TEST.zip
[2026-07-10 01:08:29] [INFO] Subiendo: ERP_TEST_01.zip
[2026-07-10 01:08:29] [INFO] Subiendo: ERP_TEST_02.zip
[2026-07-10 01:08:29] [INFO] Subiendo: ERP_TEST_03.zip
[2026-07-10 01:08:29] [INFO] Subiendo: ERP_TEST_04.bak
[2026-07-10 01:08:29] [INFO] Subiendo: ERP_TEST_05.7z
[2026-07-10 01:08:29] [INFO] Subiendo: ERP_TEST_06.zip
[2026-07-10 01:08:29] [INFO] Subiendo: ERP_TEST_07.zip
[2026-07-10 01:08:29] [INFO] Subiendo: ERP_TEST_08.zip
[2026-07-10 01:08:29] [INFO] Subiendo: ERP_TEST_09.bak
[2026-07-10 01:08:29] [INFO] Subiendo: ERP_TEST_10.7z
[2026-07-10 01:08:29] [INFO] Subiendo: ERP_TEST_11.zip
[2026-07-10 01:08:29] [INFO] Subiendo: ERP_TEST_13.zip
[2026-07-10 01:08:29] [INFO] Subiendo: ERP_TEST_14.zip
[2026-07-10 01:08:29] [INFO] Subiendo: ERP_TEST_15.zip
[2026-07-10 01:08:29] [INFO] Subiendo: ERP_TEST_16.zip
[2026-07-10 01:08:29] [INFO] Subiendo: ERP_TEST_17.zip
[2026-07-10 01:08:29] [INFO] Subiendo: ERP_TEST_18.zip
[2026-07-10 01:08:29] [INFO] Subiendo: ERP_TEST_19.zip
[2026-07-10 01:08:29] [INFO] Subiendo: ERP_TEST_20.zip
[2026-07-10 01:08:29] [INFO] Subiendo: ERP_TEST_21.zip
[2026-07-10 01:08:29] [SUCCESS] Proceso finalizado.
[2026-07-10 01:08:39] [INFO] Ejecutando trabajo: ERP SQL
[2026-07-10 01:08:39] [INFO] === Backup Center iniciado ===
[2026-07-10 01:08:39] [INFO] Subiendo: ERP_TEST.zip
[2026-07-10 01:08:39] [INFO] Subiendo: ERP_TEST_01.zip
[2026-07-10 01:08:39] [INFO] Subiendo: ERP_TEST_02.zip
[2026-07-10 01:08:39] [INFO] Subiendo: ERP_TEST_03.zip
[2026-07-10 01:08:39] [INFO] Subiendo: ERP_TEST_04.bak
[2026-07-10 01:08:39] [INFO] Subiendo: ERP_TEST_05.7z
[2026-07-10 01:08:39] [INFO] Subiendo: ERP_TEST_06.zip
[2026-07-10 01:08:39] [INFO] Subiendo: ERP_TEST_07.zip
[2026-07-10 01:08:39] [INFO] Subiendo: ERP_TEST_08.zip
[2026-07-10 01:08:39] [INFO] Subiendo: ERP_TEST_09.bak
[2026-07-10 01:08:39] [INFO] Subiendo: ERP_TEST_10.7z
[2026-07-10 01:08:39] [INFO] Subiendo: ERP_TEST_11.zip
[2026-07-10 01:08:39] [INFO] Subiendo: ERP_TEST_13.zip
[2026-07-10 01:08:39] [INFO] Subiendo: ERP_TEST_14.zip
[2026-07-10 01:08:39] [INFO] Subiendo: ERP_TEST_15.zip
[2026-07-10 01:08:39] [INFO] Subiendo: ERP_TEST_16.zip
[2026-07-10 01:08:39] [INFO] Subiendo: ERP_TEST_17.zip
[2026-07-10 01:08:39] [INFO] Subiendo: ERP_TEST_18.zip
[2026-07-10 01:08:39] [INFO] Subiendo: ERP_TEST_19.zip
[2026-07-10 01:08:39] [INFO] Subiendo: ERP_TEST_20.zip
[2026-07-10 01:08:39] [INFO] Subiendo: ERP_TEST_21.zip
[2026-07-10 01:08:39] [SUCCESS] Proceso finalizado.
[2026-07-10 01:08:49] [INFO] Ejecutando trabajo: ERP SQL
[2026-07-10 01:08:49] [INFO] === Backup Center iniciado ===
[2026-07-10 01:08:49] [INFO] Subiendo: ERP_TEST.zip
[2026-07-10 01:08:49] [INFO] Subiendo: ERP_TEST_01.zip
[2026-07-10 01:08:49] [INFO] Subiendo: ERP_TEST_02.zip
[2026-07-10 01:08:49] [INFO] Subiendo: ERP_TEST_03.zip
[2026-07-10 01:08:49] [INFO] Subiendo: ERP_TEST_04.bak
[2026-07-10 01:08:49] [INFO] Subiendo: ERP_TEST_05.7z
[2026-07-10 01:08:49] [INFO] Subiendo: ERP_TEST_06.zip
[2026-07-10 01:08:49] [INFO] Subiendo: ERP_TEST_07.zip
[2026-07-10 01:08:49] [INFO] Subiendo: ERP_TEST_08.zip
[2026-07-10 01:08:49] [INFO] Subiendo: ERP_TEST_09.bak
[2026-07-10 01:08:49] [INFO] Subiendo: ERP_TEST_10.7z
[2026-07-10 01:08:49] [INFO] Subiendo: ERP_TEST_11.zip
[2026-07-10 01:08:49] [INFO] Subiendo: ERP_TEST_13.zip
[2026-07-10 01:08:49] [INFO] Subiendo: ERP_TEST_14.zip
[2026-07-10 01:08:49] [INFO] Subiendo: ERP_TEST_15.zip
[2026-07-10 01:08:49] [INFO] Subiendo: ERP_TEST_16.zip
[2026-07-10 01:08:49] [INFO] Subiendo: ERP_TEST_17.zip
[2026-07-10 01:08:49] [INFO] Subiendo: ERP_TEST_18.zip
[2026-07-10 01:08:49] [INFO] Subiendo: ERP_TEST_19.zip
[2026-07-10 01:08:49] [INFO] Subiendo: ERP_TEST_20.zip
[2026-07-10 01:08:49] [INFO] Subiendo: ERP_TEST_21.zip
[2026-07-10 01:08:49] [SUCCESS] Proceso finalizado.
[2026-07-10 01:08:59] [INFO] Ejecutando trabajo: ERP SQL
[2026-07-10 01:08:59] [INFO] === Backup Center iniciado ===
[2026-07-10 01:08:59] [INFO] Subiendo: ERP_TEST.zip
[2026-07-10 01:08:59] [INFO] Subiendo: ERP_TEST_01.zip
[2026-07-10 01:08:59] [INFO] Subiendo: ERP_TEST_02.zip
[2026-07-10 01:08:59] [INFO] Subiendo: ERP_TEST_03.zip
[2026-07-10 01:08:59] [INFO] Subiendo: ERP_TEST_04.bak
[2026-07-10 01:08:59] [INFO] Subiendo: ERP_TEST_05.7z
[2026-07-10 01:08:59] [INFO] Subiendo: ERP_TEST_06.zip
[2026-07-10 01:08:59] [INFO] Subiendo: ERP_TEST_07.zip
[2026-07-10 01:08:59] [INFO] Subiendo: ERP_TEST_08.zip
[2026-07-10 01:08:59] [INFO] Subiendo: ERP_TEST_09.bak
[2026-07-10 01:08:59] [INFO] Subiendo: ERP_TEST_10.7z
[2026-07-10 01:08:59] [INFO] Subiendo: ERP_TEST_11.zip
[2026-07-10 01:08:59] [INFO] Subiendo: ERP_TEST_13.zip
[2026-07-10 01:08:59] [INFO] Subiendo: ERP_TEST_14.zip
[2026-07-10 01:08:59] [INFO] Subiendo: ERP_TEST_15.zip
[2026-07-10 01:08:59] [INFO] Subiendo: ERP_TEST_16.zip
[2026-07-10 01:08:59] [INFO] Subiendo: ERP_TEST_17.zip
[2026-07-10 01:08:59] [INFO] Subiendo: ERP_TEST_18.zip
[2026-07-10 01:08:59] [INFO] Subiendo: ERP_TEST_19.zip
[2026-07-10 01:08:59] [INFO] Subiendo: ERP_TEST_20.zip
[2026-07-10 01:08:59] [INFO] Subiendo: ERP_TEST_21.zip
[2026-07-10 01:08:59] [SUCCESS] Proceso finalizado.
[2026-07-10 01:09:09] [INFO] Ejecutando trabajo: ERP SQL
[2026-07-10 01:09:09] [INFO] === Backup Center iniciado ===
[2026-07-10 01:09:09] [INFO] Subiendo: ERP_TEST.zip
[2026-07-10 01:09:09] [INFO] Subiendo: ERP_TEST_01.zip
[2026-07-10 01:09:09] [INFO] Subiendo: ERP_TEST_02.zip
[2026-07-10 01:09:09] [INFO] Subiendo: ERP_TEST_03.zip
[2026-07-10 01:09:09] [INFO] Subiendo: ERP_TEST_04.bak
[2026-07-10 01:09:09] [INFO] Subiendo: ERP_TEST_05.7z
[2026-07-10 01:09:09] [INFO] Subiendo: ERP_TEST_06.zip
[2026-07-10 01:09:09] [INFO] Subiendo: ERP_TEST_07.zip
[2026-07-10 01:09:09] [INFO] Subiendo: ERP_TEST_08.zip
[2026-07-10 01:09:09] [INFO] Subiendo: ERP_TEST_09.bak
[2026-07-10 01:09:09] [INFO] Subiendo: ERP_TEST_10.7z
[2026-07-10 01:09:09] [INFO] Subiendo: ERP_TEST_11.zip
[2026-07-10 01:09:09] [INFO] Subiendo: ERP_TEST_13.zip
[2026-07-10 01:09:09] [INFO] Subiendo: ERP_TEST_14.zip
[2026-07-10 01:09:09] [INFO] Subiendo: ERP_TEST_15.zip
[2026-07-10 01:09:09] [INFO] Subiendo: ERP_TEST_16.zip
[2026-07-10 01:09:09] [INFO] Subiendo: ERP_TEST_17.zip
[2026-07-10 01:09:09] [INFO] Subiendo: ERP_TEST_18.zip
[2026-07-10 01:09:09] [INFO] Subiendo: ERP_TEST_19.zip
[2026-07-10 01:09:09] [INFO] Subiendo: ERP_TEST_20.zip
[2026-07-10 01:09:09] [INFO] Subiendo: ERP_TEST_21.zip
[2026-07-10 01:09:09] [SUCCESS] Proceso finalizado.
[2026-07-10 01:09:19] [INFO] Ejecutando trabajo: ERP SQL
[2026-07-10 01:09:19] [INFO] === Backup Center iniciado ===
[2026-07-10 01:09:19] [INFO] Subiendo: ERP_TEST.zip
[2026-07-10 01:09:19] [INFO] Subiendo: ERP_TEST_01.zip
[2026-07-10 01:09:19] [INFO] Subiendo: ERP_TEST_02.zip
[2026-07-10 01:09:19] [INFO] Subiendo: ERP_TEST_03.zip
[2026-07-10 01:09:19] [INFO] Subiendo: ERP_TEST_04.bak
[2026-07-10 01:09:19] [INFO] Subiendo: ERP_TEST_05.7z
[2026-07-10 01:09:19] [INFO] Subiendo: ERP_TEST_06.zip
[2026-07-10 01:09:19] [INFO] Subiendo: ERP_TEST_07.zip
[2026-07-10 01:09:19] [INFO] Subiendo: ERP_TEST_08.zip
[2026-07-10 01:09:19] [INFO] Subiendo: ERP_TEST_09.bak
[2026-07-10 01:09:19] [INFO] Subiendo: ERP_TEST_10.7z
[2026-07-10 01:09:19] [INFO] Subiendo: ERP_TEST_11.zip
[2026-07-10 01:09:19] [INFO] Subiendo: ERP_TEST_13.zip
[2026-07-10 01:09:19] [INFO] Subiendo: ERP_TEST_14.zip
[2026-07-10 01:09:19] [INFO] Subiendo: ERP_TEST_15.zip
[2026-07-10 01:09:19] [INFO] Subiendo: ERP_TEST_16.zip
[2026-07-10 01:09:19] [INFO] Subiendo: ERP_TEST_17.zip
[2026-07-10 01:09:19] [INFO] Subiendo: ERP_TEST_18.zip
[2026-07-10 01:09:19] [INFO] Subiendo: ERP_TEST_19.zip
[2026-07-10 01:09:19] [INFO] Subiendo: ERP_TEST_20.zip
[2026-07-10 01:09:19] [INFO] Subiendo: ERP_TEST_21.zip
[2026-07-10 01:09:19] [SUCCESS] Proceso finalizado.
[2026-07-10 01:09:29] [INFO] Ejecutando trabajo: ERP SQL
[2026-07-10 01:09:29] [INFO] === Backup Center iniciado ===
[2026-07-10 01:09:29] [INFO] Subiendo: ERP_TEST.zip
[2026-07-10 01:09:29] [INFO] Subiendo: ERP_TEST_01.zip
[2026-07-10 01:09:29] [INFO] Subiendo: ERP_TEST_02.zip
[2026-07-10 01:09:29] [INFO] Subiendo: ERP_TEST_03.zip
[2026-07-10 01:09:29] [INFO] Subiendo: ERP_TEST_04.bak
[2026-07-10 01:09:29] [INFO] Subiendo: ERP_TEST_05.7z
[2026-07-10 01:09:29] [INFO] Subiendo: ERP_TEST_06.zip
[2026-07-10 01:09:29] [INFO] Subiendo: ERP_TEST_07.zip
[2026-07-10 01:09:29] [INFO] Subiendo: ERP_TEST_08.zip
[2026-07-10 01:09:29] [INFO] Subiendo: ERP_TEST_09.bak
[2026-07-10 01:09:29] [INFO] Subiendo: ERP_TEST_10.7z
[2026-07-10 01:09:29] [INFO] Subiendo: ERP_TEST_11.zip
[2026-07-10 01:09:29] [INFO] Subiendo: ERP_TEST_13.zip
[2026-07-10 01:09:29] [INFO] Subiendo: ERP_TEST_14.zip
[2026-07-10 01:09:29] [INFO] Subiendo: ERP_TEST_15.zip
[2026-07-10 01:09:29] [INFO] Subiendo: ERP_TEST_16.zip
[2026-07-10 01:09:29] [INFO] Subiendo: ERP_TEST_17.zip
[2026-07-10 01:09:29] [INFO] Subiendo: ERP_TEST_18.zip
[2026-07-10 01:09:29] [INFO] Subiendo: ERP_TEST_19.zip
[2026-07-10 01:09:29] [INFO] Subiendo: ERP_TEST_20.zip
[2026-07-10 01:09:29] [INFO] Subiendo: ERP_TEST_21.zip
[2026-07-10 01:09:29] [SUCCESS] Proceso finalizado.
[2026-07-10 01:09:39] [INFO] Ejecutando trabajo: ERP SQL
[2026-07-10 01:09:39] [INFO] === Backup Center iniciado ===
[2026-07-10 01:09:39] [INFO] Subiendo: ERP_TEST.zip
[2026-07-10 01:09:39] [INFO] Subiendo: ERP_TEST_01.zip
[2026-07-10 01:09:39] [INFO] Subiendo: ERP_TEST_02.zip
[2026-07-10 01:09:39] [INFO] Subiendo: ERP_TEST_03.zip
[2026-07-10 01:09:39] [INFO] Subiendo: ERP_TEST_04.bak
[2026-07-10 01:09:39] [INFO] Subiendo: ERP_TEST_05.7z
[2026-07-10 01:09:39] [INFO] Subiendo: ERP_TEST_06.zip
[2026-07-10 01:09:39] [INFO] Subiendo: ERP_TEST_07.zip
[2026-07-10 01:09:39] [INFO] Subiendo: ERP_TEST_08.zip
[2026-07-10 01:09:39] [INFO] Subiendo: ERP_TEST_09.bak
[2026-07-10 01:09:39] [INFO] Subiendo: ERP_TEST_10.7z
[2026-07-10 01:09:39] [INFO] Subiendo: ERP_TEST_11.zip
[2026-07-10 01:09:39] [INFO] Subiendo: ERP_TEST_13.zip
[2026-07-10 01:09:39] [INFO] Subiendo: ERP_TEST_14.zip
[2026-07-10 01:09:39] [INFO] Subiendo: ERP_TEST_15.zip
[2026-07-10 01:09:39] [INFO] Subiendo: ERP_TEST_16.zip
[2026-07-10 01:09:39] [INFO] Subiendo: ERP_TEST_17.zip
[2026-07-10 01:09:39] [INFO] Subiendo: ERP_TEST_18.zip
[2026-07-10 01:09:39] [INFO] Subiendo: ERP_TEST_19.zip
[2026-07-10 01:09:39] [INFO] Subiendo: ERP_TEST_20.zip
[2026-07-10 01:09:39] [INFO] Subiendo: ERP_TEST_21.zip
[2026-07-10 01:09:39] [SUCCESS] Proceso finalizado.
[2026-07-10 01:09:49] [INFO] Ejecutando trabajo: ERP SQL
[2026-07-10 01:09:49] [INFO] === Backup Center iniciado ===
[2026-07-10 01:09:49] [INFO] Subiendo: ERP_TEST.zip
[2026-07-10 01:09:49] [INFO] Subiendo: ERP_TEST_01.zip
[2026-07-10 01:09:49] [INFO] Subiendo: ERP_TEST_02.zip
[2026-07-10 01:09:49] [INFO] Subiendo: ERP_TEST_03.zip
[2026-07-10 01:09:49] [INFO] Subiendo: ERP_TEST_04.bak
[2026-07-10 01:09:49] [INFO] Subiendo: ERP_TEST_05.7z
[2026-07-10 01:09:49] [INFO] Subiendo: ERP_TEST_06.zip
[2026-07-10 01:09:49] [INFO] Subiendo: ERP_TEST_07.zip
[2026-07-10 01:09:49] [INFO] Subiendo: ERP_TEST_08.zip
[2026-07-10 01:09:49] [INFO] Subiendo: ERP_TEST_09.bak
[2026-07-10 01:09:49] [INFO] Subiendo: ERP_TEST_10.7z
[2026-07-10 01:09:49] [INFO] Subiendo: ERP_TEST_11.zip
[2026-07-10 01:09:49] [INFO] Subiendo: ERP_TEST_13.zip
[2026-07-10 01:09:49] [INFO] Subiendo: ERP_TEST_14.zip
[2026-07-10 01:09:49] [INFO] Subiendo: ERP_TEST_15.zip
[2026-07-10 01:09:49] [INFO] Subiendo: ERP_TEST_16.zip
[2026-07-10 01:09:49] [INFO] Subiendo: ERP_TEST_17.zip
[2026-07-10 01:09:49] [INFO] Subiendo: ERP_TEST_18.zip
[2026-07-10 01:09:49] [INFO] Subiendo: ERP_TEST_19.zip
[2026-07-10 01:09:49] [INFO] Subiendo: ERP_TEST_20.zip
[2026-07-10 01:09:49] [INFO] Subiendo: ERP_TEST_21.zip
[2026-07-10 01:09:49] [SUCCESS] Proceso finalizado.
[2026-07-10 01:10:00] [INFO] Ejecutando trabajo: ERP SQL
[2026-07-10 01:10:00] [INFO] === Backup Center iniciado ===
[2026-07-10 01:10:00] [INFO] Subiendo: ERP_TEST.zip
[2026-07-10 01:10:00] [INFO] Subiendo: ERP_TEST_01.zip
[2026-07-10 01:10:00] [INFO] Subiendo: ERP_TEST_02.zip
[2026-07-10 01:10:00] [INFO] Subiendo: ERP_TEST_03.zip
[2026-07-10 01:10:00] [INFO] Subiendo: ERP_TEST_04.bak
[2026-07-10 01:10:00] [INFO] Subiendo: ERP_TEST_05.7z
[2026-07-10 01:10:00] [INFO] Subiendo: ERP_TEST_06.zip
[2026-07-10 01:10:00] [INFO] Subiendo: ERP_TEST_07.zip
[2026-07-10 01:10:00] [INFO] Subiendo: ERP_TEST_08.zip
[2026-07-10 01:10:00] [INFO] Subiendo: ERP_TEST_09.bak
[2026-07-10 01:10:00] [INFO] Subiendo: ERP_TEST_10.7z
[2026-07-10 01:10:00] [INFO] Subiendo: ERP_TEST_11.zip
[2026-07-10 01:10:00] [INFO] Subiendo: ERP_TEST_13.zip
[2026-07-10 01:10:00] [INFO] Subiendo: ERP_TEST_14.zip
[2026-07-10 01:10:00] [INFO] Subiendo: ERP_TEST_15.zip
[2026-07-10 01:10:00] [INFO] Subiendo: ERP_TEST_16.zip
[2026-07-10 01:10:00] [INFO] Subiendo: ERP_TEST_17.zip
[2026-07-10 01:10:00] [INFO] Subiendo: ERP_TEST_18.zip
[2026-07-10 01:10:00] [INFO] Subiendo: ERP_TEST_19.zip
[2026-07-10 01:10:00] [INFO] Subiendo: ERP_TEST_20.zip
[2026-07-10 01:10:00] [INFO] Subiendo: ERP_TEST_21.zip
[2026-07-10 01:10:00] [SUCCESS] Proceso finalizado.
[2026-07-10 01:10:10] [INFO] Ejecutando trabajo: ERP SQL
[2026-07-10 01:10:10] [INFO] === Backup Center iniciado ===
[2026-07-10 01:10:10] [INFO] Subiendo: ERP_TEST.zip
[2026-07-10 01:10:10] [INFO] Subiendo: ERP_TEST_01.zip
[2026-07-10 01:10:10] [INFO] Subiendo: ERP_TEST_02.zip
[2026-07-10 01:10:10] [INFO] Subiendo: ERP_TEST_03.zip
[2026-07-10 01:10:10] [INFO] Subiendo: ERP_TEST_04.bak
[2026-07-10 01:10:10] [INFO] Subiendo: ERP_TEST_05.7z
[2026-07-10 01:10:10] [INFO] Subiendo: ERP_TEST_06.zip
[2026-07-10 01:10:10] [INFO] Subiendo: ERP_TEST_07.zip
[2026-07-10 01:10:10] [INFO] Subiendo: ERP_TEST_08.zip
[2026-07-10 01:10:10] [INFO] Subiendo: ERP_TEST_09.bak
[2026-07-10 01:10:10] [INFO] Subiendo: ERP_TEST_10.7z
[2026-07-10 01:10:10] [INFO] Subiendo: ERP_TEST_11.zip
[2026-07-10 01:10:10] [INFO] Subiendo: ERP_TEST_13.zip
[2026-07-10 01:10:10] [INFO] Subiendo: ERP_TEST_14.zip
[2026-07-10 01:10:10] [INFO] Subiendo: ERP_TEST_15.zip
[2026-07-10 01:10:10] [INFO] Subiendo: ERP_TEST_16.zip
[2026-07-10 01:10:10] [INFO] Subiendo: ERP_TEST_17.zip
[2026-07-10 01:10:10] [INFO] Subiendo: ERP_TEST_18.zip
[2026-07-10 01:10:10] [INFO] Subiendo: ERP_TEST_19.zip
[2026-07-10 01:10:10] [INFO] Subiendo: ERP_TEST_20.zip
[2026-07-10 01:10:10] [INFO] Subiendo: ERP_TEST_21.zip
[2026-07-10 01:10:10] [SUCCESS] Proceso finalizado.
[2026-07-10 01:10:20] [INFO] Ejecutando trabajo: ERP SQL
[2026-07-10 01:10:20] [INFO] === Backup Center iniciado ===
[2026-07-10 01:10:20] [INFO] Subiendo: ERP_TEST.zip
[2026-07-10 01:10:20] [INFO] Subiendo: ERP_TEST_01.zip
[2026-07-10 01:10:20] [INFO] Subiendo: ERP_TEST_02.zip
[2026-07-10 01:10:20] [INFO] Subiendo: ERP_TEST_03.zip
[2026-07-10 01:10:20] [INFO] Subiendo: ERP_TEST_04.bak
[2026-07-10 01:10:20] [INFO] Subiendo: ERP_TEST_05.7z
[2026-07-10 01:10:20] [INFO] Subiendo: ERP_TEST_06.zip
[2026-07-10 01:10:20] [INFO] Subiendo: ERP_TEST_07.zip
[2026-07-10 01:10:20] [INFO] Subiendo: ERP_TEST_08.zip
[2026-07-10 01:10:20] [INFO] Subiendo: ERP_TEST_09.bak
[2026-07-10 01:10:20] [INFO] Subiendo: ERP_TEST_10.7z
[2026-07-10 01:10:20] [INFO] Subiendo: ERP_TEST_11.zip
[2026-07-10 01:10:20] [INFO] Subiendo: ERP_TEST_13.zip
[2026-07-10 01:10:20] [INFO] Subiendo: ERP_TEST_14.zip
[2026-07-10 01:10:20] [INFO] Subiendo: ERP_TEST_15.zip
[2026-07-10 01:10:20] [INFO] Subiendo: ERP_TEST_16.zip
[2026-07-10 01:10:20] [INFO] Subiendo: ERP_TEST_17.zip
[2026-07-10 01:10:20] [INFO] Subiendo: ERP_TEST_18.zip
[2026-07-10 01:10:20] [INFO] Subiendo: ERP_TEST_19.zip
[2026-07-10 01:10:20] [INFO] Subiendo: ERP_TEST_20.zip
[2026-07-10 01:10:20] [INFO] Subiendo: ERP_TEST_21.zip
[2026-07-10 01:10:20] [SUCCESS] Proceso finalizado.
[2026-07-10 01:10:30] [INFO] Ejecutando trabajo: ERP SQL
[2026-07-10 01:10:30] [INFO] === Backup Center iniciado ===
[2026-07-10 01:10:30] [INFO] Subiendo: ERP_TEST.zip
[2026-07-10 01:10:30] [INFO] Subiendo: ERP_TEST_01.zip
[2026-07-10 01:10:30] [INFO] Subiendo: ERP_TEST_02.zip
[2026-07-10 01:10:30] [INFO] Subiendo: ERP_TEST_03.zip
[2026-07-10 01:10:30] [INFO] Subiendo: ERP_TEST_04.bak
[2026-07-10 01:10:30] [INFO] Subiendo: ERP_TEST_05.7z
[2026-07-10 01:10:30] [INFO] Subiendo: ERP_TEST_06.zip
[2026-07-10 01:10:30] [INFO] Subiendo: ERP_TEST_07.zip
[2026-07-10 01:10:30] [INFO] Subiendo: ERP_TEST_08.zip
[2026-07-10 01:10:30] [INFO] Subiendo: ERP_TEST_09.bak
[2026-07-10 01:10:30] [INFO] Subiendo: ERP_TEST_10.7z
[2026-07-10 01:10:30] [INFO] Subiendo: ERP_TEST_11.zip
[2026-07-10 01:10:30] [INFO] Subiendo: ERP_TEST_13.zip
[2026-07-10 01:10:30] [INFO] Subiendo: ERP_TEST_14.zip
[2026-07-10 01:10:30] [INFO] Subiendo: ERP_TEST_15.zip
[2026-07-10 01:10:30] [INFO] Subiendo: ERP_TEST_16.zip
[2026-07-10 01:10:30] [INFO] Subiendo: ERP_TEST_17.zip
[2026-07-10 01:10:30] [INFO] Subiendo: ERP_TEST_18.zip
[2026-07-10 01:10:30] [INFO] Subiendo: ERP_TEST_19.zip
[2026-07-10 01:10:30] [INFO] Subiendo: ERP_TEST_20.zip
[2026-07-10 01:10:30] [INFO] Subiendo: ERP_TEST_21.zip
[2026-07-10 01:10:30] [SUCCESS] Proceso finalizado.
[2026-07-10 01:10:40] [INFO] Ejecutando trabajo: ERP SQL
[2026-07-10 01:10:40] [INFO] === Backup Center iniciado ===
[2026-07-10 01:10:40] [INFO] Subiendo: ERP_TEST.zip
[2026-07-10 01:10:40] [INFO] Subiendo: ERP_TEST_01.zip
[2026-07-10 01:10:40] [INFO] Subiendo: ERP_TEST_02.zip
[2026-07-10 01:10:40] [INFO] Subiendo: ERP_TEST_03.zip
[2026-07-10 01:10:40] [INFO] Subiendo: ERP_TEST_04.bak
[2026-07-10 01:10:40] [INFO] Subiendo: ERP_TEST_05.7z
[2026-07-10 01:10:40] [INFO] Subiendo: ERP_TEST_06.zip
[2026-07-10 01:10:40] [INFO] Subiendo: ERP_TEST_07.zip
[2026-07-10 01:10:40] [INFO] Subiendo: ERP_TEST_08.zip
[2026-07-10 01:10:40] [INFO] Subiendo: ERP_TEST_09.bak
[2026-07-10 01:10:40] [INFO] Subiendo: ERP_TEST_10.7z
[2026-07-10 01:10:40] [INFO] Subiendo: ERP_TEST_11.zip
[2026-07-10 01:10:40] [INFO] Subiendo: ERP_TEST_13.zip
[2026-07-10 01:10:40] [INFO] Subiendo: ERP_TEST_14.zip
[2026-07-10 01:10:40] [INFO] Subiendo: ERP_TEST_15.zip
[2026-07-10 01:10:40] [INFO] Subiendo: ERP_TEST_16.zip
[2026-07-10 01:10:40] [INFO] Subiendo: ERP_TEST_17.zip
[2026-07-10 01:10:40] [INFO] Subiendo: ERP_TEST_18.zip
[2026-07-10 01:10:40] [INFO] Subiendo: ERP_TEST_19.zip
[2026-07-10 01:10:40] [INFO] Subiendo: ERP_TEST_20.zip
[2026-07-10 01:10:40] [INFO] Subiendo: ERP_TEST_21.zip
[2026-07-10 01:10:40] [SUCCESS] Proceso finalizado.
[2026-07-10 01:10:50] [INFO] Ejecutando trabajo: ERP SQL
[2026-07-10 01:10:50] [INFO] === Backup Center iniciado ===
[2026-07-10 01:10:50] [INFO] Subiendo: ERP_TEST.zip
[2026-07-10 01:10:50] [INFO] Subiendo: ERP_TEST_01.zip
[2026-07-10 01:10:50] [INFO] Subiendo: ERP_TEST_02.zip
[2026-07-10 01:10:50] [INFO] Subiendo: ERP_TEST_03.zip
[2026-07-10 01:10:50] [INFO] Subiendo: ERP_TEST_04.bak
[2026-07-10 01:10:50] [INFO] Subiendo: ERP_TEST_05.7z
[2026-07-10 01:10:50] [INFO] Subiendo: ERP_TEST_06.zip
[2026-07-10 01:10:50] [INFO] Subiendo: ERP_TEST_07.zip
[2026-07-10 01:10:50] [INFO] Subiendo: ERP_TEST_08.zip
[2026-07-10 01:10:50] [INFO] Subiendo: ERP_TEST_09.bak
[2026-07-10 01:10:50] [INFO] Subiendo: ERP_TEST_10.7z
[2026-07-10 01:10:50] [INFO] Subiendo: ERP_TEST_11.zip
[2026-07-10 01:10:50] [INFO] Subiendo: ERP_TEST_13.zip
[2026-07-10 01:10:50] [INFO] Subiendo: ERP_TEST_14.zip
[2026-07-10 01:10:50] [INFO] Subiendo: ERP_TEST_15.zip
[2026-07-10 01:10:50] [INFO] Subiendo: ERP_TEST_16.zip
[2026-07-10 01:10:50] [INFO] Subiendo: ERP_TEST_17.zip
[2026-07-10 01:10:50] [INFO] Subiendo: ERP_TEST_18.zip
[2026-07-10 01:10:50] [INFO] Subiendo: ERP_TEST_19.zip
[2026-07-10 01:10:50] [INFO] Subiendo: ERP_TEST_20.zip
[2026-07-10 01:10:50] [INFO] Subiendo: ERP_TEST_21.zip
[2026-07-10 01:10:50] [SUCCESS] Proceso finalizado.
[2026-07-10 01:11:00] [INFO] Ejecutando trabajo: ERP SQL
[2026-07-10 01:11:00] [INFO] === Backup Center iniciado ===
[2026-07-10 01:11:00] [INFO] Subiendo: ERP_TEST.zip
[2026-07-10 01:11:00] [INFO] Subiendo: ERP_TEST_01.zip
[2026-07-10 01:11:00] [INFO] Subiendo: ERP_TEST_02.zip
[2026-07-10 01:11:00] [INFO] Subiendo: ERP_TEST_03.zip
[2026-07-10 01:11:00] [INFO] Subiendo: ERP_TEST_04.bak
[2026-07-10 01:11:00] [INFO] Subiendo: ERP_TEST_05.7z
[2026-07-10 01:11:00] [INFO] Subiendo: ERP_TEST_06.zip
[2026-07-10 01:11:00] [INFO] Subiendo: ERP_TEST_07.zip
[2026-07-10 01:11:00] [INFO] Subiendo: ERP_TEST_08.zip
[2026-07-10 01:11:00] [INFO] Subiendo: ERP_TEST_09.bak
[2026-07-10 01:11:00] [INFO] Subiendo: ERP_TEST_10.7z
[2026-07-10 01:11:00] [INFO] Subiendo: ERP_TEST_11.zip
[2026-07-10 01:11:00] [INFO] Subiendo: ERP_TEST_13.zip
[2026-07-10 01:11:00] [INFO] Subiendo: ERP_TEST_14.zip
[2026-07-10 01:11:00] [INFO] Subiendo: ERP_TEST_15.zip
[2026-07-10 01:11:00] [INFO] Subiendo: ERP_TEST_16.zip
[2026-07-10 01:11:00] [INFO] Subiendo: ERP_TEST_17.zip
[2026-07-10 01:11:00] [INFO] Subiendo: ERP_TEST_18.zip
[2026-07-10 01:11:00] [INFO] Subiendo: ERP_TEST_19.zip
[2026-07-10 01:11:00] [INFO] Subiendo: ERP_TEST_20.zip
[2026-07-10 01:11:00] [INFO] Subiendo: ERP_TEST_21.zip
[2026-07-10 01:11:00] [SUCCESS] Proceso finalizado.
[2026-07-10 01:11:10] [INFO] Ejecutando trabajo: ERP SQL
[2026-07-10 01:11:10] [INFO] === Backup Center iniciado ===
[2026-07-10 01:11:10] [INFO] Subiendo: ERP_TEST.zip
[2026-07-10 01:11:10] [INFO] Subiendo: ERP_TEST_01.zip
[2026-07-10 01:11:10] [INFO] Subiendo: ERP_TEST_02.zip
[2026-07-10 01:11:10] [INFO] Subiendo: ERP_TEST_03.zip
[2026-07-10 01:11:10] [INFO] Subiendo: ERP_TEST_04.bak
[2026-07-10 01:11:10] [INFO] Subiendo: ERP_TEST_05.7z
[2026-07-10 01:11:10] [INFO] Subiendo: ERP_TEST_06.zip
[2026-07-10 01:11:10] [INFO] Subiendo: ERP_TEST_07.zip
[2026-07-10 01:11:10] [INFO] Subiendo: ERP_TEST_08.zip
[2026-07-10 01:11:10] [INFO] Subiendo: ERP_TEST_09.bak
[2026-07-10 01:11:10] [INFO] Subiendo: ERP_TEST_10.7z
[2026-07-10 01:11:10] [INFO] Subiendo: ERP_TEST_11.zip
[2026-07-10 01:11:10] [INFO] Subiendo: ERP_TEST_13.zip
[2026-07-10 01:11:10] [INFO] Subiendo: ERP_TEST_14.zip
[2026-07-10 01:11:10] [INFO] Subiendo: ERP_TEST_15.zip
[2026-07-10 01:11:10] [INFO] Subiendo: ERP_TEST_16.zip
[2026-07-10 01:11:10] [INFO] Subiendo: ERP_TEST_17.zip
[2026-07-10 01:11:10] [INFO] Subiendo: ERP_TEST_18.zip
[2026-07-10 01:11:10] [INFO] Subiendo: ERP_TEST_19.zip
[2026-07-10 01:11:10] [INFO] Subiendo: ERP_TEST_20.zip
[2026-07-10 01:11:10] [INFO] Subiendo: ERP_TEST_21.zip
[2026-07-10 01:11:10] [SUCCESS] Proceso finalizado.
[2026-07-10 01:11:20] [INFO] Ejecutando trabajo: ERP SQL
[2026-07-10 01:11:20] [INFO] === Backup Center iniciado ===
[2026-07-10 01:11:20] [INFO] Subiendo: ERP_TEST.zip
[2026-07-10 01:11:20] [INFO] Subiendo: ERP_TEST_01.zip
[2026-07-10 01:11:20] [INFO] Subiendo: ERP_TEST_02.zip
[2026-07-10 01:11:20] [INFO] Subiendo: ERP_TEST_03.zip
[2026-07-10 01:11:20] [INFO] Subiendo: ERP_TEST_04.bak
[2026-07-10 01:11:20] [INFO] Subiendo: ERP_TEST_05.7z
[2026-07-10 01:11:20] [INFO] Subiendo: ERP_TEST_06.zip
[2026-07-10 01:11:20] [INFO] Subiendo: ERP_TEST_07.zip
[2026-07-10 01:11:20] [INFO] Subiendo: ERP_TEST_08.zip
[2026-07-10 01:11:20] [INFO] Subiendo: ERP_TEST_09.bak
[2026-07-10 01:11:20] [INFO] Subiendo: ERP_TEST_10.7z
[2026-07-10 01:11:20] [INFO] Subiendo: ERP_TEST_11.zip
[2026-07-10 01:11:20] [INFO] Subiendo: ERP_TEST_13.zip
[2026-07-10 01:11:20] [INFO] Subiendo: ERP_TEST_14.zip
[2026-07-10 01:11:20] [INFO] Subiendo: ERP_TEST_15.zip
[2026-07-10 01:11:20] [INFO] Subiendo: ERP_TEST_16.zip
[2026-07-10 01:11:20] [INFO] Subiendo: ERP_TEST_17.zip
[2026-07-10 01:11:20] [INFO] Subiendo: ERP_TEST_18.zip
[2026-07-10 01:11:20] [INFO] Subiendo: ERP_TEST_19.zip
[2026-07-10 01:11:20] [INFO] Subiendo: ERP_TEST_20.zip
[2026-07-10 01:11:20] [INFO] Subiendo: ERP_TEST_21.zip
[2026-07-10 01:11:20] [SUCCESS] Proceso finalizado.
[2026-07-10 01:11:31] [INFO] Ejecutando trabajo: ERP SQL
[2026-07-10 01:11:31] [INFO] === Backup Center iniciado ===
[2026-07-10 01:11:31] [INFO] Subiendo: ERP_TEST.zip
[2026-07-10 01:11:31] [INFO] Subiendo: ERP_TEST_01.zip
[2026-07-10 01:11:31] [INFO] Subiendo: ERP_TEST_02.zip
[2026-07-10 01:11:31] [INFO] Subiendo: ERP_TEST_03.zip
[2026-07-10 01:11:31] [INFO] Subiendo: ERP_TEST_04.bak
[2026-07-10 01:11:31] [INFO] Subiendo: ERP_TEST_05.7z
[2026-07-10 01:11:31] [INFO] Subiendo: ERP_TEST_06.zip
[2026-07-10 01:11:31] [INFO] Subiendo: ERP_TEST_07.zip
[2026-07-10 01:11:31] [INFO] Subiendo: ERP_TEST_08.zip
[2026-07-10 01:11:31] [INFO] Subiendo: ERP_TEST_09.bak
[2026-07-10 01:11:31] [INFO] Subiendo: ERP_TEST_10.7z
[2026-07-10 01:11:31] [INFO] Subiendo: ERP_TEST_11.zip
[2026-07-10 01:11:31] [INFO] Subiendo: ERP_TEST_13.zip
[2026-07-10 01:11:31] [INFO] Subiendo: ERP_TEST_14.zip
[2026-07-10 01:11:31] [INFO] Subiendo: ERP_TEST_15.zip
[2026-07-10 01:11:31] [INFO] Subiendo: ERP_TEST_16.zip
[2026-07-10 01:11:31] [INFO] Subiendo: ERP_TEST_17.zip
[2026-07-10 01:11:31] [INFO] Subiendo: ERP_TEST_18.zip
[2026-07-10 01:11:31] [INFO] Subiendo: ERP_TEST_19.zip
[2026-07-10 01:11:31] [INFO] Subiendo: ERP_TEST_20.zip
[2026-07-10 01:11:31] [INFO] Subiendo: ERP_TEST_21.zip
[2026-07-10 01:11:31] [SUCCESS] Proceso finalizado.
[2026-07-10 01:11:41] [INFO] Ejecutando trabajo: ERP SQL
[2026-07-10 01:11:41] [INFO] === Backup Center iniciado ===
[2026-07-10 01:11:41] [INFO] Subiendo: ERP_TEST.zip
[2026-07-10 01:11:41] [INFO] Subiendo: ERP_TEST_01.zip
[2026-07-10 01:11:41] [INFO] Subiendo: ERP_TEST_02.zip
[2026-07-10 01:11:41] [INFO] Subiendo: ERP_TEST_03.zip
[2026-07-10 01:11:41] [INFO] Subiendo: ERP_TEST_04.bak
[2026-07-10 01:11:41] [INFO] Subiendo: ERP_TEST_05.7z
[2026-07-10 01:11:41] [INFO] Subiendo: ERP_TEST_06.zip
[2026-07-10 01:11:41] [INFO] Subiendo: ERP_TEST_07.zip
[2026-07-10 01:11:41] [INFO] Subiendo: ERP_TEST_08.zip
[2026-07-10 01:11:41] [INFO] Subiendo: ERP_TEST_09.bak
[2026-07-10 01:11:41] [INFO] Subiendo: ERP_TEST_10.7z
[2026-07-10 01:11:41] [INFO] Subiendo: ERP_TEST_11.zip
[2026-07-10 01:11:41] [INFO] Subiendo: ERP_TEST_13.zip
[2026-07-10 01:11:41] [INFO] Subiendo: ERP_TEST_14.zip
[2026-07-10 01:11:41] [INFO] Subiendo: ERP_TEST_15.zip
[2026-07-10 01:11:41] [INFO] Subiendo: ERP_TEST_16.zip
[2026-07-10 01:11:41] [INFO] Subiendo: ERP_TEST_17.zip
[2026-07-10 01:11:41] [INFO] Subiendo: ERP_TEST_18.zip
[2026-07-10 01:11:41] [INFO] Subiendo: ERP_TEST_19.zip
[2026-07-10 01:11:41] [INFO] Subiendo: ERP_TEST_20.zip
[2026-07-10 01:11:41] [INFO] Subiendo: ERP_TEST_21.zip
[2026-07-10 01:11:41] [SUCCESS] Proceso finalizado.
[2026-07-10 01:11:51] [INFO] Ejecutando trabajo: ERP SQL
[2026-07-10 01:11:51] [INFO] === Backup Center iniciado ===
[2026-07-10 01:11:51] [INFO] Subiendo: ERP_TEST.zip
[2026-07-10 01:11:51] [INFO] Subiendo: ERP_TEST_01.zip
[2026-07-10 01:11:51] [INFO] Subiendo: ERP_TEST_02.zip
[2026-07-10 01:11:51] [INFO] Subiendo: ERP_TEST_03.zip
[2026-07-10 01:11:51] [INFO] Subiendo: ERP_TEST_04.bak
[2026-07-10 01:11:51] [INFO] Subiendo: ERP_TEST_05.7z
[2026-07-10 01:11:51] [INFO] Subiendo: ERP_TEST_06.zip
[2026-07-10 01:11:51] [INFO] Subiendo: ERP_TEST_07.zip
[2026-07-10 01:11:51] [INFO] Subiendo: ERP_TEST_08.zip
[2026-07-10 01:11:51] [INFO] Subiendo: ERP_TEST_09.bak
[2026-07-10 01:11:51] [INFO] Subiendo: ERP_TEST_10.7z
[2026-07-10 01:11:51] [INFO] Subiendo: ERP_TEST_11.zip
[2026-07-10 01:11:51] [INFO] Subiendo: ERP_TEST_13.zip
[2026-07-10 01:11:51] [INFO] Subiendo: ERP_TEST_14.zip
[2026-07-10 01:11:51] [INFO] Subiendo: ERP_TEST_15.zip
[2026-07-10 01:11:51] [INFO] Subiendo: ERP_TEST_16.zip
[2026-07-10 01:11:51] [INFO] Subiendo: ERP_TEST_17.zip
[2026-07-10 01:11:51] [INFO] Subiendo: ERP_TEST_18.zip
[2026-07-10 01:11:51] [INFO] Subiendo: ERP_TEST_19.zip
[2026-07-10 01:11:51] [INFO] Subiendo: ERP_TEST_20.zip
[2026-07-10 01:11:51] [INFO] Subiendo: ERP_TEST_21.zip
[2026-07-10 01:11:51] [SUCCESS] Proceso finalizado.
[2026-07-10 01:12:01] [INFO] Ejecutando trabajo: ERP SQL
[2026-07-10 01:12:01] [INFO] === Backup Center iniciado ===
[2026-07-10 01:12:01] [INFO] Subiendo: ERP_TEST.zip
[2026-07-10 01:12:01] [INFO] Subiendo: ERP_TEST_01.zip
[2026-07-10 01:12:01] [INFO] Subiendo: ERP_TEST_02.zip
[2026-07-10 01:12:01] [INFO] Subiendo: ERP_TEST_03.zip
[2026-07-10 01:12:01] [INFO] Subiendo: ERP_TEST_04.bak
[2026-07-10 01:12:01] [INFO] Subiendo: ERP_TEST_05.7z
[2026-07-10 01:12:01] [INFO] Subiendo: ERP_TEST_06.zip
[2026-07-10 01:12:01] [INFO] Subiendo: ERP_TEST_07.zip
[2026-07-10 01:12:01] [INFO] Subiendo: ERP_TEST_08.zip
[2026-07-10 01:12:01] [INFO] Subiendo: ERP_TEST_09.bak
[2026-07-10 01:12:01] [INFO] Subiendo: ERP_TEST_10.7z
[2026-07-10 01:12:01] [INFO] Subiendo: ERP_TEST_11.zip
[2026-07-10 01:12:01] [INFO] Subiendo: ERP_TEST_13.zip
[2026-07-10 01:12:01] [INFO] Subiendo: ERP_TEST_14.zip
[2026-07-10 01:12:01] [INFO] Subiendo: ERP_TEST_15.zip
[2026-07-10 01:12:01] [INFO] Subiendo: ERP_TEST_16.zip
[2026-07-10 01:12:01] [INFO] Subiendo: ERP_TEST_17.zip
[2026-07-10 01:12:01] [INFO] Subiendo: ERP_TEST_18.zip
[2026-07-10 01:12:01] [INFO] Subiendo: ERP_TEST_19.zip
[2026-07-10 01:12:01] [INFO] Subiendo: ERP_TEST_20.zip
[2026-07-10 01:12:01] [INFO] Subiendo: ERP_TEST_21.zip
[2026-07-10 01:12:01] [SUCCESS] Proceso finalizado.
[2026-07-10 01:12:09] [INFO] Ejecutando trabajo: ERP SQL
[2026-07-10 01:12:09] [INFO] === Backup Center iniciado ===
[2026-07-10 01:12:09] [INFO] Subiendo: ERP_TEST.zip
[2026-07-10 01:12:09] [INFO] Subiendo: ERP_TEST_01.zip
[2026-07-10 01:12:09] [INFO] Subiendo: ERP_TEST_02.zip
[2026-07-10 01:12:09] [INFO] Subiendo: ERP_TEST_03.zip
[2026-07-10 01:12:09] [INFO] Subiendo: ERP_TEST_04.bak
[2026-07-10 01:12:09] [INFO] Subiendo: ERP_TEST_05.7z
[2026-07-10 01:12:09] [INFO] Subiendo: ERP_TEST_06.zip
[2026-07-10 01:12:09] [INFO] Subiendo: ERP_TEST_07.zip
[2026-07-10 01:12:09] [INFO] Subiendo: ERP_TEST_08.zip
[2026-07-10 01:12:09] [INFO] Subiendo: ERP_TEST_09.bak
[2026-07-10 01:12:09] [INFO] Subiendo: ERP_TEST_10.7z
[2026-07-10 01:12:09] [INFO] Subiendo: ERP_TEST_11.zip
[2026-07-10 01:12:09] [INFO] Subiendo: ERP_TEST_13.zip
[2026-07-10 01:12:09] [INFO] Subiendo: ERP_TEST_14.zip
[2026-07-10 01:12:09] [INFO] Subiendo: ERP_TEST_15.zip
[2026-07-10 01:12:09] [INFO] Subiendo: ERP_TEST_16.zip
[2026-07-10 01:12:09] [INFO] Subiendo: ERP_TEST_17.zip
[2026-07-10 01:12:09] [INFO] Subiendo: ERP_TEST_18.zip
[2026-07-10 01:12:09] [INFO] Subiendo: ERP_TEST_19.zip
[2026-07-10 01:12:09] [INFO] Subiendo: ERP_TEST_20.zip
[2026-07-10 01:12:09] [INFO] Subiendo: ERP_TEST_21.zip
[2026-07-10 01:12:09] [SUCCESS] Proceso finalizado.
[2026-07-10 01:12:19] [INFO] Ejecutando trabajo: ERP SQL
[2026-07-10 01:12:19] [INFO] === Backup Center iniciado ===
[2026-07-10 01:12:19] [INFO] Subiendo: ERP_TEST.zip
[2026-07-10 01:12:19] [INFO] Subiendo: ERP_TEST_01.zip
[2026-07-10 01:12:19] [INFO] Subiendo: ERP_TEST_02.zip
[2026-07-10 01:12:19] [INFO] Subiendo: ERP_TEST_03.zip
[2026-07-10 01:12:19] [INFO] Subiendo: ERP_TEST_04.bak
[2026-07-10 01:12:19] [INFO] Subiendo: ERP_TEST_05.7z
[2026-07-10 01:12:19] [INFO] Subiendo: ERP_TEST_06.zip
[2026-07-10 01:12:19] [INFO] Subiendo: ERP_TEST_07.zip
[2026-07-10 01:12:19] [INFO] Subiendo: ERP_TEST_08.zip
[2026-07-10 01:12:19] [INFO] Subiendo: ERP_TEST_09.bak
[2026-07-10 01:12:19] [INFO] Subiendo: ERP_TEST_10.7z
[2026-07-10 01:12:19] [INFO] Subiendo: ERP_TEST_11.zip
[2026-07-10 01:12:19] [INFO] Subiendo: ERP_TEST_13.zip
[2026-07-10 01:12:19] [INFO] Subiendo: ERP_TEST_14.zip
[2026-07-10 01:12:19] [INFO] Subiendo: ERP_TEST_15.zip
[2026-07-10 01:12:19] [INFO] Subiendo: ERP_TEST_16.zip
[2026-07-10 01:12:19] [INFO] Subiendo: ERP_TEST_17.zip
[2026-07-10 01:12:19] [INFO] Subiendo: ERP_TEST_18.zip
[2026-07-10 01:12:19] [INFO] Subiendo: ERP_TEST_19.zip
[2026-07-10 01:12:19] [INFO] Subiendo: ERP_TEST_20.zip
[2026-07-10 01:12:19] [INFO] Subiendo: ERP_TEST_21.zip
[2026-07-10 01:12:19] [SUCCESS] Proceso finalizado.
[2026-07-10 01:12:29] [INFO] Ejecutando trabajo: ERP SQL
[2026-07-10 01:12:29] [INFO] === Backup Center iniciado ===
[2026-07-10 01:12:29] [INFO] Subiendo: ERP_TEST.zip
[2026-07-10 01:12:29] [INFO] Subiendo: ERP_TEST_01.zip
[2026-07-10 01:12:29] [INFO] Subiendo: ERP_TEST_02.zip
[2026-07-10 01:12:29] [INFO] Subiendo: ERP_TEST_03.zip
[2026-07-10 01:12:29] [INFO] Subiendo: ERP_TEST_04.bak
[2026-07-10 01:12:29] [INFO] Subiendo: ERP_TEST_05.7z
[2026-07-10 01:12:29] [INFO] Subiendo: ERP_TEST_06.zip
[2026-07-10 01:12:29] [INFO] Subiendo: ERP_TEST_07.zip
[2026-07-10 01:12:29] [INFO] Subiendo: ERP_TEST_08.zip
[2026-07-10 01:12:29] [INFO] Subiendo: ERP_TEST_09.bak
[2026-07-10 01:12:29] [INFO] Subiendo: ERP_TEST_10.7z
[2026-07-10 01:12:29] [INFO] Subiendo: ERP_TEST_11.zip
[2026-07-10 01:12:29] [INFO] Subiendo: ERP_TEST_13.zip
[2026-07-10 01:12:29] [INFO] Subiendo: ERP_TEST_14.zip
[2026-07-10 01:12:29] [INFO] Subiendo: ERP_TEST_15.zip
[2026-07-10 01:12:29] [INFO] Subiendo: ERP_TEST_16.zip
[2026-07-10 01:12:29] [INFO] Subiendo: ERP_TEST_17.zip
[2026-07-10 01:12:29] [INFO] Subiendo: ERP_TEST_18.zip
[2026-07-10 01:12:29] [INFO] Subiendo: ERP_TEST_19.zip
[2026-07-10 01:12:29] [INFO] Subiendo: ERP_TEST_20.zip
[2026-07-10 01:12:29] [INFO] Subiendo: ERP_TEST_21.zip
[2026-07-10 01:12:29] [SUCCESS] Proceso finalizado.
[2026-07-10 01:12:39] [INFO] Ejecutando trabajo: ERP SQL
[2026-07-10 01:12:39] [INFO] === Backup Center iniciado ===
[2026-07-10 01:12:39] [INFO] Subiendo: ERP_TEST.zip
[2026-07-10 01:12:39] [INFO] Subiendo: ERP_TEST_01.zip
[2026-07-10 01:12:39] [INFO] Subiendo: ERP_TEST_02.zip
[2026-07-10 01:12:39] [INFO] Subiendo: ERP_TEST_03.zip
[2026-07-10 01:12:39] [INFO] Subiendo: ERP_TEST_04.bak
[2026-07-10 01:12:39] [INFO] Subiendo: ERP_TEST_05.7z
[2026-07-10 01:12:39] [INFO] Subiendo: ERP_TEST_06.zip
[2026-07-10 01:12:39] [INFO] Subiendo: ERP_TEST_07.zip
[2026-07-10 01:12:39] [INFO] Subiendo: ERP_TEST_08.zip
[2026-07-10 01:12:39] [INFO] Subiendo: ERP_TEST_09.bak
[2026-07-10 01:12:39] [INFO] Subiendo: ERP_TEST_10.7z
[2026-07-10 01:12:39] [INFO] Subiendo: ERP_TEST_11.zip
[2026-07-10 01:12:39] [INFO] Subiendo: ERP_TEST_13.zip
[2026-07-10 01:12:39] [INFO] Subiendo: ERP_TEST_14.zip
[2026-07-10 01:12:39] [INFO] Subiendo: ERP_TEST_15.zip
[2026-07-10 01:12:39] [INFO] Subiendo: ERP_TEST_16.zip
[2026-07-10 01:12:39] [INFO] Subiendo: ERP_TEST_17.zip
[2026-07-10 01:12:39] [INFO] Subiendo: ERP_TEST_18.zip
[2026-07-10 01:12:39] [INFO] Subiendo: ERP_TEST_19.zip
[2026-07-10 01:12:39] [INFO] Subiendo: ERP_TEST_20.zip
[2026-07-10 01:12:39] [INFO] Subiendo: ERP_TEST_21.zip
[2026-07-10 01:12:39] [SUCCESS] Proceso finalizado.
[2026-07-10 01:12:49] [INFO] Ejecutando trabajo: ERP SQL
[2026-07-10 01:12:49] [INFO] === Backup Center iniciado ===
[2026-07-10 01:12:49] [INFO] Subiendo: ERP_TEST.zip
[2026-07-10 01:12:49] [INFO] Subiendo: ERP_TEST_01.zip
[2026-07-10 01:12:49] [INFO] Subiendo: ERP_TEST_02.zip
[2026-07-10 01:12:49] [INFO] Subiendo: ERP_TEST_03.zip
[2026-07-10 01:12:49] [INFO] Subiendo: ERP_TEST_04.bak
[2026-07-10 01:12:49] [INFO] Subiendo: ERP_TEST_05.7z
[2026-07-10 01:12:49] [INFO] Subiendo: ERP_TEST_06.zip
[2026-07-10 01:12:49] [INFO] Subiendo: ERP_TEST_07.zip
[2026-07-10 01:12:49] [INFO] Subiendo: ERP_TEST_08.zip
[2026-07-10 01:12:49] [INFO] Subiendo: ERP_TEST_09.bak
[2026-07-10 01:12:49] [INFO] Subiendo: ERP_TEST_10.7z
[2026-07-10 01:12:49] [INFO] Subiendo: ERP_TEST_11.zip
[2026-07-10 01:12:49] [INFO] Subiendo: ERP_TEST_13.zip
[2026-07-10 01:12:49] [INFO] Subiendo: ERP_TEST_14.zip
[2026-07-10 01:12:49] [INFO] Subiendo: ERP_TEST_15.zip
[2026-07-10 01:12:49] [INFO] Subiendo: ERP_TEST_16.zip
[2026-07-10 01:12:49] [INFO] Subiendo: ERP_TEST_17.zip
[2026-07-10 01:12:49] [INFO] Subiendo: ERP_TEST_18.zip
[2026-07-10 01:12:49] [INFO] Subiendo: ERP_TEST_19.zip
[2026-07-10 01:12:49] [INFO] Subiendo: ERP_TEST_20.zip
[2026-07-10 01:12:49] [INFO] Subiendo: ERP_TEST_21.zip
[2026-07-10 01:12:49] [SUCCESS] Proceso finalizado.
[2026-07-10 01:12:59] [INFO] Ejecutando trabajo: ERP SQL
[2026-07-10 01:12:59] [INFO] === Backup Center iniciado ===
[2026-07-10 01:12:59] [INFO] Subiendo: ERP_TEST.zip
[2026-07-10 01:12:59] [INFO] Subiendo: ERP_TEST_01.zip
[2026-07-10 01:12:59] [INFO] Subiendo: ERP_TEST_02.zip
[2026-07-10 01:12:59] [INFO] Subiendo: ERP_TEST_03.zip
[2026-07-10 01:12:59] [INFO] Subiendo: ERP_TEST_04.bak
[2026-07-10 01:12:59] [INFO] Subiendo: ERP_TEST_05.7z
[2026-07-10 01:12:59] [INFO] Subiendo: ERP_TEST_06.zip
[2026-07-10 01:12:59] [INFO] Subiendo: ERP_TEST_07.zip
[2026-07-10 01:12:59] [INFO] Subiendo: ERP_TEST_08.zip
[2026-07-10 01:12:59] [INFO] Subiendo: ERP_TEST_09.bak
[2026-07-10 01:12:59] [INFO] Subiendo: ERP_TEST_10.7z
[2026-07-10 01:12:59] [INFO] Subiendo: ERP_TEST_11.zip
[2026-07-10 01:12:59] [INFO] Subiendo: ERP_TEST_13.zip
[2026-07-10 01:12:59] [INFO] Subiendo: ERP_TEST_14.zip
[2026-07-10 01:12:59] [INFO] Subiendo: ERP_TEST_15.zip
[2026-07-10 01:12:59] [INFO] Subiendo: ERP_TEST_16.zip
[2026-07-10 01:12:59] [INFO] Subiendo: ERP_TEST_17.zip
[2026-07-10 01:12:59] [INFO] Subiendo: ERP_TEST_18.zip
[2026-07-10 01:12:59] [INFO] Subiendo: ERP_TEST_19.zip
[2026-07-10 01:12:59] [INFO] Subiendo: ERP_TEST_20.zip
[2026-07-10 01:12:59] [INFO] Subiendo: ERP_TEST_21.zip
[2026-07-10 01:12:59] [SUCCESS] Proceso finalizado.
[2026-07-10 01:13:10] [INFO] Ejecutando trabajo: ERP SQL
[2026-07-10 01:13:10] [INFO] === Backup Center iniciado ===
[2026-07-10 01:13:10] [INFO] Subiendo: ERP_TEST.zip
[2026-07-10 01:13:10] [INFO] Subiendo: ERP_TEST_01.zip
[2026-07-10 01:13:10] [INFO] Subiendo: ERP_TEST_02.zip
[2026-07-10 01:13:10] [INFO] Subiendo: ERP_TEST_03.zip
[2026-07-10 01:13:10] [INFO] Subiendo: ERP_TEST_04.bak
[2026-07-10 01:13:10] [INFO] Subiendo: ERP_TEST_05.7z
[2026-07-10 01:13:10] [INFO] Subiendo: ERP_TEST_06.zip
[2026-07-10 01:13:10] [INFO] Subiendo: ERP_TEST_07.zip
[2026-07-10 01:13:10] [INFO] Subiendo: ERP_TEST_08.zip
[2026-07-10 01:13:10] [INFO] Subiendo: ERP_TEST_09.bak
[2026-07-10 01:13:10] [INFO] Subiendo: ERP_TEST_10.7z
[2026-07-10 01:13:10] [INFO] Subiendo: ERP_TEST_11.zip
[2026-07-10 01:13:10] [INFO] Subiendo: ERP_TEST_13.zip
[2026-07-10 01:13:10] [INFO] Subiendo: ERP_TEST_14.zip
[2026-07-10 01:13:10] [INFO] Subiendo: ERP_TEST_15.zip
[2026-07-10 01:13:10] [INFO] Subiendo: ERP_TEST_16.zip
[2026-07-10 01:13:10] [INFO] Subiendo: ERP_TEST_17.zip
[2026-07-10 01:13:10] [INFO] Subiendo: ERP_TEST_18.zip
[2026-07-10 01:13:10] [INFO] Subiendo: ERP_TEST_19.zip
[2026-07-10 01:13:10] [INFO] Subiendo: ERP_TEST_20.zip
[2026-07-10 01:13:10] [INFO] Subiendo: ERP_TEST_21.zip
[2026-07-10 01:13:10] [SUCCESS] Proceso finalizado.
[2026-07-10 01:13:20] [INFO] Ejecutando trabajo: ERP SQL
[2026-07-10 01:13:20] [INFO] === Backup Center iniciado ===
[2026-07-10 01:13:20] [INFO] Subiendo: ERP_TEST.zip
[2026-07-10 01:13:20] [INFO] Subiendo: ERP_TEST_01.zip
[2026-07-10 01:13:20] [INFO] Subiendo: ERP_TEST_02.zip
[2026-07-10 01:13:20] [INFO] Subiendo: ERP_TEST_03.zip
[2026-07-10 01:13:20] [INFO] Subiendo: ERP_TEST_04.bak
[2026-07-10 01:13:20] [INFO] Subiendo: ERP_TEST_05.7z
[2026-07-10 01:13:20] [INFO] Subiendo: ERP_TEST_06.zip
[2026-07-10 01:13:20] [INFO] Subiendo: ERP_TEST_07.zip
[2026-07-10 01:13:20] [INFO] Subiendo: ERP_TEST_08.zip
[2026-07-10 01:13:20] [INFO] Subiendo: ERP_TEST_09.bak
[2026-07-10 01:13:20] [INFO] Subiendo: ERP_TEST_10.7z
[2026-07-10 01:13:20] [INFO] Subiendo: ERP_TEST_11.zip
[2026-07-10 01:13:20] [INFO] Subiendo: ERP_TEST_13.zip
[2026-07-10 01:13:20] [INFO] Subiendo: ERP_TEST_14.zip
[2026-07-10 01:13:20] [INFO] Subiendo: ERP_TEST_15.zip
[2026-07-10 01:13:20] [INFO] Subiendo: ERP_TEST_16.zip
[2026-07-10 01:13:20] [INFO] Subiendo: ERP_TEST_17.zip
[2026-07-10 01:13:20] [INFO] Subiendo: ERP_TEST_18.zip
[2026-07-10 01:13:20] [INFO] Subiendo: ERP_TEST_19.zip
[2026-07-10 01:13:20] [INFO] Subiendo: ERP_TEST_20.zip
[2026-07-10 01:13:20] [INFO] Subiendo: ERP_TEST_21.zip
[2026-07-10 01:13:20] [SUCCESS] Proceso finalizado.
[2026-07-10 01:13:30] [INFO] Ejecutando trabajo: ERP SQL
[2026-07-10 01:13:30] [INFO] === Backup Center iniciado ===
[2026-07-10 01:13:30] [INFO] Subiendo: ERP_TEST.zip
[2026-07-10 01:13:30] [INFO] Subiendo: ERP_TEST_01.zip
[2026-07-10 01:13:30] [INFO] Subiendo: ERP_TEST_02.zip
[2026-07-10 01:13:30] [INFO] Subiendo: ERP_TEST_03.zip
[2026-07-10 01:13:30] [INFO] Subiendo: ERP_TEST_04.bak
[2026-07-10 01:13:30] [INFO] Subiendo: ERP_TEST_05.7z
[2026-07-10 01:13:30] [INFO] Subiendo: ERP_TEST_06.zip
[2026-07-10 01:13:30] [INFO] Subiendo: ERP_TEST_07.zip
[2026-07-10 01:13:30] [INFO] Subiendo: ERP_TEST_08.zip
[2026-07-10 01:13:30] [INFO] Subiendo: ERP_TEST_09.bak
[2026-07-10 01:13:30] [INFO] Subiendo: ERP_TEST_10.7z
[2026-07-10 01:13:30] [INFO] Subiendo: ERP_TEST_11.zip
[2026-07-10 01:13:30] [INFO] Subiendo: ERP_TEST_13.zip
[2026-07-10 01:13:30] [INFO] Subiendo: ERP_TEST_14.zip
[2026-07-10 01:13:30] [INFO] Subiendo: ERP_TEST_15.zip
[2026-07-10 01:13:30] [INFO] Subiendo: ERP_TEST_16.zip
[2026-07-10 01:13:30] [INFO] Subiendo: ERP_TEST_17.zip
[2026-07-10 01:13:30] [INFO] Subiendo: ERP_TEST_18.zip
[2026-07-10 01:13:30] [INFO] Subiendo: ERP_TEST_19.zip
[2026-07-10 01:13:30] [INFO] Subiendo: ERP_TEST_20.zip
[2026-07-10 01:13:30] [INFO] Subiendo: ERP_TEST_21.zip
[2026-07-10 01:13:30] [SUCCESS] Proceso finalizado.
[2026-07-10 01:13:40] [INFO] Ejecutando trabajo: ERP SQL
[2026-07-10 01:13:40] [INFO] === Backup Center iniciado ===
[2026-07-10 01:13:40] [INFO] Subiendo: ERP_TEST.zip
[2026-07-10 01:13:40] [INFO] Subiendo: ERP_TEST_01.zip
[2026-07-10 01:13:40] [INFO] Subiendo: ERP_TEST_02.zip
[2026-07-10 01:13:40] [INFO] Subiendo: ERP_TEST_03.zip
[2026-07-10 01:13:40] [INFO] Subiendo: ERP_TEST_04.bak
[2026-07-10 01:13:40] [INFO] Subiendo: ERP_TEST_05.7z
[2026-07-10 01:13:40] [INFO] Subiendo: ERP_TEST_06.zip
[2026-07-10 01:13:40] [INFO] Subiendo: ERP_TEST_07.zip
[2026-07-10 01:13:40] [INFO] Subiendo: ERP_TEST_08.zip
[2026-07-10 01:13:40] [INFO] Subiendo: ERP_TEST_09.bak
[2026-07-10 01:13:40] [INFO] Subiendo: ERP_TEST_10.7z
[2026-07-10 01:13:40] [INFO] Subiendo: ERP_TEST_11.zip
[2026-07-10 01:13:40] [INFO] Subiendo: ERP_TEST_13.zip
[2026-07-10 01:13:40] [INFO] Subiendo: ERP_TEST_14.zip
[2026-07-10 01:13:40] [INFO] Subiendo: ERP_TEST_15.zip
[2026-07-10 01:13:40] [INFO] Subiendo: ERP_TEST_16.zip
[2026-07-10 01:13:40] [INFO] Subiendo: ERP_TEST_17.zip
[2026-07-10 01:13:40] [INFO] Subiendo: ERP_TEST_18.zip
[2026-07-10 01:13:40] [INFO] Subiendo: ERP_TEST_19.zip
[2026-07-10 01:13:40] [INFO] Subiendo: ERP_TEST_20.zip
[2026-07-10 01:13:40] [INFO] Subiendo: ERP_TEST_21.zip
[2026-07-10 01:13:40] [SUCCESS] Proceso finalizado.
[2026-07-10 01:13:50] [INFO] Ejecutando trabajo: ERP SQL
[2026-07-10 01:13:50] [INFO] === Backup Center iniciado ===
[2026-07-10 01:13:50] [INFO] Subiendo: ERP_TEST.zip
[2026-07-10 01:13:50] [INFO] Subiendo: ERP_TEST_01.zip
[2026-07-10 01:13:50] [INFO] Subiendo: ERP_TEST_02.zip
[2026-07-10 01:13:50] [INFO] Subiendo: ERP_TEST_03.zip
[2026-07-10 01:13:50] [INFO] Subiendo: ERP_TEST_04.bak
[2026-07-10 01:13:50] [INFO] Subiendo: ERP_TEST_05.7z
[2026-07-10 01:13:50] [INFO] Subiendo: ERP_TEST_06.zip
[2026-07-10 01:13:50] [INFO] Subiendo: ERP_TEST_07.zip
[2026-07-10 01:13:50] [INFO] Subiendo: ERP_TEST_08.zip
[2026-07-10 01:13:50] [INFO] Subiendo: ERP_TEST_09.bak
[2026-07-10 01:13:50] [INFO] Subiendo: ERP_TEST_10.7z
[2026-07-10 01:13:50] [INFO] Subiendo: ERP_TEST_11.zip
[2026-07-10 01:13:50] [INFO] Subiendo: ERP_TEST_13.zip
[2026-07-10 01:13:50] [INFO] Subiendo: ERP_TEST_14.zip
[2026-07-10 01:13:50] [INFO] Subiendo: ERP_TEST_15.zip
[2026-07-10 01:13:50] [INFO] Subiendo: ERP_TEST_16.zip
[2026-07-10 01:13:50] [INFO] Subiendo: ERP_TEST_17.zip
[2026-07-10 01:13:50] [INFO] Subiendo: ERP_TEST_18.zip
[2026-07-10 01:13:50] [INFO] Subiendo: ERP_TEST_19.zip
[2026-07-10 01:13:50] [INFO] Subiendo: ERP_TEST_20.zip
[2026-07-10 01:13:50] [INFO] Subiendo: ERP_TEST_21.zip
[2026-07-10 01:13:50] [SUCCESS] Proceso finalizado.
[2026-07-10 01:14:00] [INFO] Ejecutando trabajo: ERP SQL
[2026-07-10 01:14:00] [INFO] === Backup Center iniciado ===
[2026-07-10 01:14:00] [INFO] Subiendo: ERP_TEST.zip
[2026-07-10 01:14:00] [INFO] Subiendo: ERP_TEST_01.zip
[2026-07-10 01:14:00] [INFO] Subiendo: ERP_TEST_02.zip
[2026-07-10 01:14:00] [INFO] Subiendo: ERP_TEST_03.zip
[2026-07-10 01:14:00] [INFO] Subiendo: ERP_TEST_04.bak
[2026-07-10 01:14:00] [INFO] Subiendo: ERP_TEST_05.7z
[2026-07-10 01:14:00] [INFO] Subiendo: ERP_TEST_06.zip
[2026-07-10 01:14:00] [INFO] Subiendo: ERP_TEST_07.zip
[2026-07-10 01:14:00] [INFO] Subiendo: ERP_TEST_08.zip
[2026-07-10 01:14:00] [INFO] Subiendo: ERP_TEST_09.bak
[2026-07-10 01:14:00] [INFO] Subiendo: ERP_TEST_10.7z
[2026-07-10 01:14:00] [INFO] Subiendo: ERP_TEST_11.zip
[2026-07-10 01:14:00] [INFO] Subiendo: ERP_TEST_13.zip
[2026-07-10 01:14:00] [INFO] Subiendo: ERP_TEST_14.zip
[2026-07-10 01:14:00] [INFO] Subiendo: ERP_TEST_15.zip
[2026-07-10 01:14:00] [INFO] Subiendo: ERP_TEST_16.zip
[2026-07-10 01:14:00] [INFO] Subiendo: ERP_TEST_17.zip
[2026-07-10 01:14:00] [INFO] Subiendo: ERP_TEST_18.zip
[2026-07-10 01:14:00] [INFO] Subiendo: ERP_TEST_19.zip
[2026-07-10 01:14:00] [INFO] Subiendo: ERP_TEST_20.zip
[2026-07-10 01:14:00] [INFO] Subiendo: ERP_TEST_21.zip
[2026-07-10 01:14:00] [SUCCESS] Proceso finalizado.
[2026-07-10 01:14:10] [INFO] Ejecutando trabajo: ERP SQL
[2026-07-10 01:14:10] [INFO] === Backup Center iniciado ===
[2026-07-10 01:14:10] [INFO] Subiendo: ERP_TEST.zip
[2026-07-10 01:14:10] [INFO] Subiendo: ERP_TEST_01.zip
[2026-07-10 01:14:10] [INFO] Subiendo: ERP_TEST_02.zip
[2026-07-10 01:14:10] [INFO] Subiendo: ERP_TEST_03.zip
[2026-07-10 01:14:10] [INFO] Subiendo: ERP_TEST_04.bak
[2026-07-10 01:14:10] [INFO] Subiendo: ERP_TEST_05.7z
[2026-07-10 01:14:10] [INFO] Subiendo: ERP_TEST_06.zip
[2026-07-10 01:14:10] [INFO] Subiendo: ERP_TEST_07.zip
[2026-07-10 01:14:10] [INFO] Subiendo: ERP_TEST_08.zip
[2026-07-10 01:14:10] [INFO] Subiendo: ERP_TEST_09.bak
[2026-07-10 01:14:10] [INFO] Subiendo: ERP_TEST_10.7z
[2026-07-10 01:14:10] [INFO] Subiendo: ERP_TEST_11.zip
[2026-07-10 01:14:10] [INFO] Subiendo: ERP_TEST_13.zip
[2026-07-10 01:14:10] [INFO] Subiendo: ERP_TEST_14.zip
[2026-07-10 01:14:10] [INFO] Subiendo: ERP_TEST_15.zip
[2026-07-10 01:14:10] [INFO] Subiendo: ERP_TEST_16.zip
[2026-07-10 01:14:10] [INFO] Subiendo: ERP_TEST_17.zip
[2026-07-10 01:14:10] [INFO] Subiendo: ERP_TEST_18.zip
[2026-07-10 01:14:10] [INFO] Subiendo: ERP_TEST_19.zip
[2026-07-10 01:14:10] [INFO] Subiendo: ERP_TEST_20.zip
[2026-07-10 01:14:10] [INFO] Subiendo: ERP_TEST_21.zip
[2026-07-10 01:14:10] [SUCCESS] Proceso finalizado.
[2026-07-10 01:14:20] [INFO] Ejecutando trabajo: ERP SQL
[2026-07-10 01:14:20] [INFO] === Backup Center iniciado ===
[2026-07-10 01:14:20] [INFO] Subiendo: ERP_TEST.zip
[2026-07-10 01:14:20] [INFO] Subiendo: ERP_TEST_01.zip
[2026-07-10 01:14:20] [INFO] Subiendo: ERP_TEST_02.zip
[2026-07-10 01:14:20] [INFO] Subiendo: ERP_TEST_03.zip
[2026-07-10 01:14:20] [INFO] Subiendo: ERP_TEST_04.bak
[2026-07-10 01:14:20] [INFO] Subiendo: ERP_TEST_05.7z
[2026-07-10 01:14:20] [INFO] Subiendo: ERP_TEST_06.zip
[2026-07-10 01:14:20] [INFO] Subiendo: ERP_TEST_07.zip
[2026-07-10 01:14:20] [INFO] Subiendo: ERP_TEST_08.zip
[2026-07-10 01:14:20] [INFO] Subiendo: ERP_TEST_09.bak
[2026-07-10 01:14:20] [INFO] Subiendo: ERP_TEST_10.7z
[2026-07-10 01:14:20] [INFO] Subiendo: ERP_TEST_11.zip
[2026-07-10 01:14:20] [INFO] Subiendo: ERP_TEST_13.zip
[2026-07-10 01:14:20] [INFO] Subiendo: ERP_TEST_14.zip
[2026-07-10 01:14:20] [INFO] Subiendo: ERP_TEST_15.zip
[2026-07-10 01:14:20] [INFO] Subiendo: ERP_TEST_16.zip
[2026-07-10 01:14:20] [INFO] Subiendo: ERP_TEST_17.zip
[2026-07-10 01:14:20] [INFO] Subiendo: ERP_TEST_18.zip
[2026-07-10 01:14:20] [INFO] Subiendo: ERP_TEST_19.zip
[2026-07-10 01:14:20] [INFO] Subiendo: ERP_TEST_20.zip
[2026-07-10 01:14:20] [INFO] Subiendo: ERP_TEST_21.zip
[2026-07-10 01:14:20] [SUCCESS] Proceso finalizado.
[2026-07-10 01:14:30] [INFO] Ejecutando trabajo: ERP SQL
[2026-07-10 01:14:30] [INFO] === Backup Center iniciado ===
[2026-07-10 01:14:30] [INFO] Subiendo: ERP_TEST.zip
[2026-07-10 01:14:30] [INFO] Subiendo: ERP_TEST_01.zip
[2026-07-10 01:14:30] [INFO] Subiendo: ERP_TEST_02.zip
[2026-07-10 01:14:30] [INFO] Subiendo: ERP_TEST_03.zip
[2026-07-10 01:14:30] [INFO] Subiendo: ERP_TEST_04.bak
[2026-07-10 01:14:30] [INFO] Subiendo: ERP_TEST_05.7z
[2026-07-10 01:14:30] [INFO] Subiendo: ERP_TEST_06.zip
[2026-07-10 01:14:30] [INFO] Subiendo: ERP_TEST_07.zip
[2026-07-10 01:14:30] [INFO] Subiendo: ERP_TEST_08.zip
[2026-07-10 01:14:30] [INFO] Subiendo: ERP_TEST_09.bak
[2026-07-10 01:14:30] [INFO] Subiendo: ERP_TEST_10.7z
[2026-07-10 01:14:30] [INFO] Subiendo: ERP_TEST_11.zip
[2026-07-10 01:14:30] [INFO] Subiendo: ERP_TEST_13.zip
[2026-07-10 01:14:30] [INFO] Subiendo: ERP_TEST_14.zip
[2026-07-10 01:14:30] [INFO] Subiendo: ERP_TEST_15.zip
[2026-07-10 01:14:30] [INFO] Subiendo: ERP_TEST_16.zip
[2026-07-10 01:14:30] [INFO] Subiendo: ERP_TEST_17.zip
[2026-07-10 01:14:30] [INFO] Subiendo: ERP_TEST_18.zip
[2026-07-10 01:14:30] [INFO] Subiendo: ERP_TEST_19.zip
[2026-07-10 01:14:30] [INFO] Subiendo: ERP_TEST_20.zip
[2026-07-10 01:14:30] [INFO] Subiendo: ERP_TEST_21.zip
[2026-07-10 01:14:30] [SUCCESS] Proceso finalizado.
[2026-07-10 01:14:41] [INFO] Ejecutando trabajo: ERP SQL
[2026-07-10 01:14:41] [INFO] === Backup Center iniciado ===
[2026-07-10 01:14:41] [INFO] Subiendo: ERP_TEST.zip
[2026-07-10 01:14:41] [INFO] Subiendo: ERP_TEST_01.zip
[2026-07-10 01:14:41] [INFO] Subiendo: ERP_TEST_02.zip
[2026-07-10 01:14:41] [INFO] Subiendo: ERP_TEST_03.zip
[2026-07-10 01:14:41] [INFO] Subiendo: ERP_TEST_04.bak
[2026-07-10 01:14:41] [INFO] Subiendo: ERP_TEST_05.7z
[2026-07-10 01:14:41] [INFO] Subiendo: ERP_TEST_06.zip
[2026-07-10 01:14:41] [INFO] Subiendo: ERP_TEST_07.zip
[2026-07-10 01:14:41] [INFO] Subiendo: ERP_TEST_08.zip
[2026-07-10 01:14:41] [INFO] Subiendo: ERP_TEST_09.bak
[2026-07-10 01:14:41] [INFO] Subiendo: ERP_TEST_10.7z
[2026-07-10 01:14:41] [INFO] Subiendo: ERP_TEST_11.zip
[2026-07-10 01:14:41] [INFO] Subiendo: ERP_TEST_13.zip
[2026-07-10 01:14:41] [INFO] Subiendo: ERP_TEST_14.zip
[2026-07-10 01:14:41] [INFO] Subiendo: ERP_TEST_15.zip
[2026-07-10 01:14:41] [INFO] Subiendo: ERP_TEST_16.zip
[2026-07-10 01:14:41] [INFO] Subiendo: ERP_TEST_17.zip
[2026-07-10 01:14:41] [INFO] Subiendo: ERP_TEST_18.zip
[2026-07-10 01:14:41] [INFO] Subiendo: ERP_TEST_19.zip
[2026-07-10 01:14:41] [INFO] Subiendo: ERP_TEST_20.zip
[2026-07-10 01:14:41] [INFO] Subiendo: ERP_TEST_21.zip
[2026-07-10 01:14:41] [SUCCESS] Proceso finalizado.
[2026-07-10 01:14:51] [INFO] Ejecutando trabajo: ERP SQL
[2026-07-10 01:14:51] [INFO] === Backup Center iniciado ===
[2026-07-10 01:14:51] [INFO] Subiendo: ERP_TEST.zip
[2026-07-10 01:14:51] [INFO] Subiendo: ERP_TEST_01.zip
[2026-07-10 01:14:51] [INFO] Subiendo: ERP_TEST_02.zip
[2026-07-10 01:14:51] [INFO] Subiendo: ERP_TEST_03.zip
[2026-07-10 01:14:51] [INFO] Subiendo: ERP_TEST_04.bak
[2026-07-10 01:14:51] [INFO] Subiendo: ERP_TEST_05.7z
[2026-07-10 01:14:51] [INFO] Subiendo: ERP_TEST_06.zip
[2026-07-10 01:14:51] [INFO] Subiendo: ERP_TEST_07.zip
[2026-07-10 01:14:51] [INFO] Subiendo: ERP_TEST_08.zip
[2026-07-10 01:14:51] [INFO] Subiendo: ERP_TEST_09.bak
[2026-07-10 01:14:51] [INFO] Subiendo: ERP_TEST_10.7z
[2026-07-10 01:14:51] [INFO] Subiendo: ERP_TEST_11.zip
[2026-07-10 01:14:51] [INFO] Subiendo: ERP_TEST_13.zip
[2026-07-10 01:14:51] [INFO] Subiendo: ERP_TEST_14.zip
[2026-07-10 01:14:51] [INFO] Subiendo: ERP_TEST_15.zip
[2026-07-10 01:14:51] [INFO] Subiendo: ERP_TEST_16.zip
[2026-07-10 01:14:51] [INFO] Subiendo: ERP_TEST_17.zip
[2026-07-10 01:14:51] [INFO] Subiendo: ERP_TEST_18.zip
[2026-07-10 01:14:51] [INFO] Subiendo: ERP_TEST_19.zip
[2026-07-10 01:14:51] [INFO] Subiendo: ERP_TEST_20.zip
[2026-07-10 01:14:51] [INFO] Subiendo: ERP_TEST_21.zip
[2026-07-10 01:14:51] [SUCCESS] Proceso finalizado.
[2026-07-10 01:15:01] [INFO] Ejecutando trabajo: ERP SQL
[2026-07-10 01:15:01] [INFO] === Backup Center iniciado ===
[2026-07-10 01:15:01] [INFO] Subiendo: ERP_TEST.zip
[2026-07-10 01:15:01] [INFO] Subiendo: ERP_TEST_01.zip
[2026-07-10 01:15:01] [INFO] Subiendo: ERP_TEST_02.zip
[2026-07-10 01:15:01] [INFO] Subiendo: ERP_TEST_03.zip
[2026-07-10 01:15:01] [INFO] Subiendo: ERP_TEST_04.bak
[2026-07-10 01:15:01] [INFO] Subiendo: ERP_TEST_05.7z
[2026-07-10 01:15:01] [INFO] Subiendo: ERP_TEST_06.zip
[2026-07-10 01:15:01] [INFO] Subiendo: ERP_TEST_07.zip
[2026-07-10 01:15:01] [INFO] Subiendo: ERP_TEST_08.zip
[2026-07-10 01:15:01] [INFO] Subiendo: ERP_TEST_09.bak
[2026-07-10 01:15:01] [INFO] Subiendo: ERP_TEST_10.7z
[2026-07-10 01:15:01] [INFO] Subiendo: ERP_TEST_11.zip
[2026-07-10 01:15:01] [INFO] Subiendo: ERP_TEST_13.zip
[2026-07-10 01:15:01] [INFO] Subiendo: ERP_TEST_14.zip
[2026-07-10 01:15:01] [INFO] Subiendo: ERP_TEST_15.zip
[2026-07-10 01:15:01] [INFO] Subiendo: ERP_TEST_16.zip
[2026-07-10 01:15:01] [INFO] Subiendo: ERP_TEST_17.zip
[2026-07-10 01:15:01] [INFO] Subiendo: ERP_TEST_18.zip
[2026-07-10 01:15:01] [INFO] Subiendo: ERP_TEST_19.zip
[2026-07-10 01:15:01] [INFO] Subiendo: ERP_TEST_20.zip
[2026-07-10 01:15:01] [INFO] Subiendo: ERP_TEST_21.zip
[2026-07-10 01:15:01] [SUCCESS] Proceso finalizado.
[2026-07-10 01:15:11] [INFO] Ejecutando trabajo: ERP SQL
[2026-07-10 01:15:11] [INFO] === Backup Center iniciado ===
[2026-07-10 01:15:11] [INFO] Subiendo: ERP_TEST.zip
[2026-07-10 01:15:11] [INFO] Subiendo: ERP_TEST_01.zip
[2026-07-10 01:15:11] [INFO] Subiendo: ERP_TEST_02.zip
[2026-07-10 01:15:11] [INFO] Subiendo: ERP_TEST_03.zip
[2026-07-10 01:15:11] [INFO] Subiendo: ERP_TEST_04.bak
[2026-07-10 01:15:11] [INFO] Subiendo: ERP_TEST_05.7z
[2026-07-10 01:15:11] [INFO] Subiendo: ERP_TEST_06.zip
[2026-07-10 01:15:11] [INFO] Subiendo: ERP_TEST_07.zip
[2026-07-10 01:15:11] [INFO] Subiendo: ERP_TEST_08.zip
[2026-07-10 01:15:11] [INFO] Subiendo: ERP_TEST_09.bak
[2026-07-10 01:15:11] [INFO] Subiendo: ERP_TEST_10.7z
[2026-07-10 01:15:11] [INFO] Subiendo: ERP_TEST_11.zip
[2026-07-10 01:15:11] [INFO] Subiendo: ERP_TEST_13.zip
[2026-07-10 01:15:11] [INFO] Subiendo: ERP_TEST_14.zip
[2026-07-10 01:15:11] [INFO] Subiendo: ERP_TEST_15.zip
[2026-07-10 01:15:11] [INFO] Subiendo: ERP_TEST_16.zip
[2026-07-10 01:15:11] [INFO] Subiendo: ERP_TEST_17.zip
[2026-07-10 01:15:11] [INFO] Subiendo: ERP_TEST_18.zip
[2026-07-10 01:15:11] [INFO] Subiendo: ERP_TEST_19.zip
[2026-07-10 01:15:11] [INFO] Subiendo: ERP_TEST_20.zip
[2026-07-10 01:15:11] [INFO] Subiendo: ERP_TEST_21.zip
[2026-07-10 01:15:11] [SUCCESS] Proceso finalizado.
[2026-07-10 01:15:21] [INFO] Ejecutando trabajo: ERP SQL
[2026-07-10 01:15:21] [INFO] === Backup Center iniciado ===
[2026-07-10 01:15:21] [INFO] Subiendo: ERP_TEST.zip
[2026-07-10 01:15:21] [INFO] Subiendo: ERP_TEST_01.zip
[2026-07-10 01:15:21] [INFO] Subiendo: ERP_TEST_02.zip
[2026-07-10 01:15:21] [INFO] Subiendo: ERP_TEST_03.zip
[2026-07-10 01:15:21] [INFO] Subiendo: ERP_TEST_04.bak
[2026-07-10 01:15:21] [INFO] Subiendo: ERP_TEST_05.7z
[2026-07-10 01:15:21] [INFO] Subiendo: ERP_TEST_06.zip
[2026-07-10 01:15:21] [INFO] Subiendo: ERP_TEST_07.zip
[2026-07-10 01:15:21] [INFO] Subiendo: ERP_TEST_08.zip
[2026-07-10 01:15:21] [INFO] Subiendo: ERP_TEST_09.bak
[2026-07-10 01:15:21] [INFO] Subiendo: ERP_TEST_10.7z
[2026-07-10 01:15:21] [INFO] Subiendo: ERP_TEST_11.zip
[2026-07-10 01:15:21] [INFO] Subiendo: ERP_TEST_13.zip
[2026-07-10 01:15:21] [INFO] Subiendo: ERP_TEST_14.zip
[2026-07-10 01:15:21] [INFO] Subiendo: ERP_TEST_15.zip
[2026-07-10 01:15:21] [INFO] Subiendo: ERP_TEST_16.zip
[2026-07-10 01:15:21] [INFO] Subiendo: ERP_TEST_17.zip
[2026-07-10 01:15:21] [INFO] Subiendo: ERP_TEST_18.zip
[2026-07-10 01:15:21] [INFO] Subiendo: ERP_TEST_19.zip
[2026-07-10 01:15:21] [INFO] Subiendo: ERP_TEST_20.zip
[2026-07-10 01:15:21] [INFO] Subiendo: ERP_TEST_21.zip
[2026-07-10 01:15:21] [SUCCESS] Proceso finalizado.
[2026-07-10 01:15:31] [INFO] Ejecutando trabajo: ERP SQL
[2026-07-10 01:15:31] [INFO] === Backup Center iniciado ===
[2026-07-10 01:15:31] [INFO] Subiendo: ERP_TEST.zip
[2026-07-10 01:15:31] [INFO] Subiendo: ERP_TEST_01.zip
[2026-07-10 01:15:31] [INFO] Subiendo: ERP_TEST_02.zip
[2026-07-10 01:15:31] [INFO] Subiendo: ERP_TEST_03.zip
[2026-07-10 01:15:31] [INFO] Subiendo: ERP_TEST_04.bak
[2026-07-10 01:15:31] [INFO] Subiendo: ERP_TEST_05.7z
[2026-07-10 01:15:31] [INFO] Subiendo: ERP_TEST_06.zip
[2026-07-10 01:15:31] [INFO] Subiendo: ERP_TEST_07.zip
[2026-07-10 01:15:31] [INFO] Subiendo: ERP_TEST_08.zip
[2026-07-10 01:15:31] [INFO] Subiendo: ERP_TEST_09.bak
[2026-07-10 01:15:31] [INFO] Subiendo: ERP_TEST_10.7z
[2026-07-10 01:15:31] [INFO] Subiendo: ERP_TEST_11.zip
[2026-07-10 01:15:31] [INFO] Subiendo: ERP_TEST_13.zip
[2026-07-10 01:15:31] [INFO] Subiendo: ERP_TEST_14.zip
[2026-07-10 01:15:31] [INFO] Subiendo: ERP_TEST_15.zip
[2026-07-10 01:15:31] [INFO] Subiendo: ERP_TEST_16.zip
[2026-07-10 01:15:31] [INFO] Subiendo: ERP_TEST_17.zip
[2026-07-10 01:15:31] [INFO] Subiendo: ERP_TEST_18.zip
[2026-07-10 01:15:31] [INFO] Subiendo: ERP_TEST_19.zip
[2026-07-10 01:15:31] [INFO] Subiendo: ERP_TEST_20.zip
[2026-07-10 01:15:31] [INFO] Subiendo: ERP_TEST_21.zip
[2026-07-10 01:15:31] [SUCCESS] Proceso finalizado.
[2026-07-10 01:15:41] [INFO] Ejecutando trabajo: ERP SQL
[2026-07-10 01:15:41] [INFO] === Backup Center iniciado ===
[2026-07-10 01:15:41] [INFO] Subiendo: ERP_TEST.zip
[2026-07-10 01:15:41] [INFO] Subiendo: ERP_TEST_01.zip
[2026-07-10 01:15:41] [INFO] Subiendo: ERP_TEST_02.zip
[2026-07-10 01:15:41] [INFO] Subiendo: ERP_TEST_03.zip
[2026-07-10 01:15:41] [INFO] Subiendo: ERP_TEST_04.bak
[2026-07-10 01:15:41] [INFO] Subiendo: ERP_TEST_05.7z
[2026-07-10 01:15:41] [INFO] Subiendo: ERP_TEST_06.zip
[2026-07-10 01:15:41] [INFO] Subiendo: ERP_TEST_07.zip
[2026-07-10 01:15:41] [INFO] Subiendo: ERP_TEST_08.zip
[2026-07-10 01:15:41] [INFO] Subiendo: ERP_TEST_09.bak
[2026-07-10 01:15:41] [INFO] Subiendo: ERP_TEST_10.7z
[2026-07-10 01:15:41] [INFO] Subiendo: ERP_TEST_11.zip
[2026-07-10 01:15:41] [INFO] Subiendo: ERP_TEST_13.zip
[2026-07-10 01:15:41] [INFO] Subiendo: ERP_TEST_14.zip
[2026-07-10 01:15:41] [INFO] Subiendo: ERP_TEST_15.zip
[2026-07-10 01:15:41] [INFO] Subiendo: ERP_TEST_16.zip
[2026-07-10 01:15:41] [INFO] Subiendo: ERP_TEST_17.zip
[2026-07-10 01:15:41] [INFO] Subiendo: ERP_TEST_18.zip
[2026-07-10 01:15:41] [INFO] Subiendo: ERP_TEST_19.zip
[2026-07-10 01:15:41] [INFO] Subiendo: ERP_TEST_20.zip
[2026-07-10 01:15:41] [INFO] Subiendo: ERP_TEST_21.zip
[2026-07-10 01:15:41] [SUCCESS] Proceso finalizado.
[2026-07-10 01:15:51] [INFO] Ejecutando trabajo: ERP SQL
[2026-07-10 01:15:51] [INFO] === Backup Center iniciado ===
[2026-07-10 01:15:51] [INFO] Subiendo: ERP_TEST.zip
[2026-07-10 01:15:51] [INFO] Subiendo: ERP_TEST_01.zip
[2026-07-10 01:15:51] [INFO] Subiendo: ERP_TEST_02.zip
[2026-07-10 01:15:51] [INFO] Subiendo: ERP_TEST_03.zip
[2026-07-10 01:15:51] [INFO] Subiendo: ERP_TEST_04.bak
[2026-07-10 01:15:51] [INFO] Subiendo: ERP_TEST_05.7z
[2026-07-10 01:15:51] [INFO] Subiendo: ERP_TEST_06.zip
[2026-07-10 01:15:51] [INFO] Subiendo: ERP_TEST_07.zip
[2026-07-10 01:15:51] [INFO] Subiendo: ERP_TEST_08.zip
[2026-07-10 01:15:51] [INFO] Subiendo: ERP_TEST_09.bak
[2026-07-10 01:15:51] [INFO] Subiendo: ERP_TEST_10.7z
[2026-07-10 01:15:51] [INFO] Subiendo: ERP_TEST_11.zip
[2026-07-10 01:15:51] [INFO] Subiendo: ERP_TEST_13.zip
[2026-07-10 01:15:51] [INFO] Subiendo: ERP_TEST_14.zip
[2026-07-10 01:15:51] [INFO] Subiendo: ERP_TEST_15.zip
[2026-07-10 01:15:51] [INFO] Subiendo: ERP_TEST_16.zip
[2026-07-10 01:15:51] [INFO] Subiendo: ERP_TEST_17.zip
[2026-07-10 01:15:51] [INFO] Subiendo: ERP_TEST_18.zip
[2026-07-10 01:15:51] [INFO] Subiendo: ERP_TEST_19.zip
[2026-07-10 01:15:51] [INFO] Subiendo: ERP_TEST_20.zip
[2026-07-10 01:15:51] [INFO] Subiendo: ERP_TEST_21.zip
[2026-07-10 01:15:51] [SUCCESS] Proceso finalizado.
[2026-07-10 01:16:01] [INFO] Ejecutando trabajo: ERP SQL
[2026-07-10 01:16:01] [INFO] === Backup Center iniciado ===
[2026-07-10 01:16:01] [INFO] Subiendo: ERP_TEST.zip
[2026-07-10 01:16:01] [INFO] Subiendo: ERP_TEST_01.zip
[2026-07-10 01:16:01] [INFO] Subiendo: ERP_TEST_02.zip
[2026-07-10 01:16:01] [INFO] Subiendo: ERP_TEST_03.zip
[2026-07-10 01:16:01] [INFO] Subiendo: ERP_TEST_04.bak
[2026-07-10 01:16:01] [INFO] Subiendo: ERP_TEST_05.7z
[2026-07-10 01:16:01] [INFO] Subiendo: ERP_TEST_06.zip
[2026-07-10 01:16:01] [INFO] Subiendo: ERP_TEST_07.zip
[2026-07-10 01:16:01] [INFO] Subiendo: ERP_TEST_08.zip
[2026-07-10 01:16:01] [INFO] Subiendo: ERP_TEST_09.bak
[2026-07-10 01:16:01] [INFO] Subiendo: ERP_TEST_10.7z
[2026-07-10 01:16:01] [INFO] Subiendo: ERP_TEST_11.zip
[2026-07-10 01:16:01] [INFO] Subiendo: ERP_TEST_13.zip
[2026-07-10 01:16:01] [INFO] Subiendo: ERP_TEST_14.zip
[2026-07-10 01:16:01] [INFO] Subiendo: ERP_TEST_15.zip
[2026-07-10 01:16:01] [INFO] Subiendo: ERP_TEST_16.zip
[2026-07-10 01:16:01] [INFO] Subiendo: ERP_TEST_17.zip
[2026-07-10 01:16:01] [INFO] Subiendo: ERP_TEST_18.zip
[2026-07-10 01:16:01] [INFO] Subiendo: ERP_TEST_19.zip
[2026-07-10 01:16:01] [INFO] Subiendo: ERP_TEST_20.zip
[2026-07-10 01:16:01] [INFO] Subiendo: ERP_TEST_21.zip
[2026-07-10 01:16:01] [SUCCESS] Proceso finalizado.
[2026-07-10 01:16:12] [INFO] Ejecutando trabajo: ERP SQL
[2026-07-10 01:16:12] [INFO] === Backup Center iniciado ===
[2026-07-10 01:16:12] [INFO] Subiendo: ERP_TEST.zip
[2026-07-10 01:16:12] [INFO] Subiendo: ERP_TEST_01.zip
[2026-07-10 01:16:12] [INFO] Subiendo: ERP_TEST_02.zip
[2026-07-10 01:16:12] [INFO] Subiendo: ERP_TEST_03.zip
[2026-07-10 01:16:12] [INFO] Subiendo: ERP_TEST_04.bak
[2026-07-10 01:16:12] [INFO] Subiendo: ERP_TEST_05.7z
[2026-07-10 01:16:12] [INFO] Subiendo: ERP_TEST_06.zip
[2026-07-10 01:16:12] [INFO] Subiendo: ERP_TEST_07.zip
[2026-07-10 01:16:12] [INFO] Subiendo: ERP_TEST_08.zip
[2026-07-10 01:16:12] [INFO] Subiendo: ERP_TEST_09.bak
[2026-07-10 01:16:12] [INFO] Subiendo: ERP_TEST_10.7z
[2026-07-10 01:16:12] [INFO] Subiendo: ERP_TEST_11.zip
[2026-07-10 01:16:12] [INFO] Subiendo: ERP_TEST_13.zip
[2026-07-10 01:16:12] [INFO] Subiendo: ERP_TEST_14.zip
[2026-07-10 01:16:12] [INFO] Subiendo: ERP_TEST_15.zip
[2026-07-10 01:16:12] [INFO] Subiendo: ERP_TEST_16.zip
[2026-07-10 01:16:12] [INFO] Subiendo: ERP_TEST_17.zip
[2026-07-10 01:16:12] [INFO] Subiendo: ERP_TEST_18.zip
[2026-07-10 01:16:12] [INFO] Subiendo: ERP_TEST_19.zip
[2026-07-10 01:16:12] [INFO] Subiendo: ERP_TEST_20.zip
[2026-07-10 01:16:12] [INFO] Subiendo: ERP_TEST_21.zip
[2026-07-10 01:16:12] [SUCCESS] Proceso finalizado.
[2026-07-10 01:16:22] [INFO] Ejecutando trabajo: ERP SQL
[2026-07-10 01:16:22] [INFO] === Backup Center iniciado ===
[2026-07-10 01:16:22] [INFO] Subiendo: ERP_TEST.zip
[2026-07-10 01:16:22] [INFO] Subiendo: ERP_TEST_01.zip
[2026-07-10 01:16:22] [INFO] Subiendo: ERP_TEST_02.zip
[2026-07-10 01:16:22] [INFO] Subiendo: ERP_TEST_03.zip
[2026-07-10 01:16:22] [INFO] Subiendo: ERP_TEST_04.bak
[2026-07-10 01:16:22] [INFO] Subiendo: ERP_TEST_05.7z
[2026-07-10 01:16:22] [INFO] Subiendo: ERP_TEST_06.zip
[2026-07-10 01:16:22] [INFO] Subiendo: ERP_TEST_07.zip
[2026-07-10 01:16:22] [INFO] Subiendo: ERP_TEST_08.zip
[2026-07-10 01:16:22] [INFO] Subiendo: ERP_TEST_09.bak
[2026-07-10 01:16:22] [INFO] Subiendo: ERP_TEST_10.7z
[2026-07-10 01:16:22] [INFO] Subiendo: ERP_TEST_11.zip
[2026-07-10 01:16:22] [INFO] Subiendo: ERP_TEST_13.zip
[2026-07-10 01:16:22] [INFO] Subiendo: ERP_TEST_14.zip
[2026-07-10 01:16:22] [INFO] Subiendo: ERP_TEST_15.zip
[2026-07-10 01:16:22] [INFO] Subiendo: ERP_TEST_16.zip
[2026-07-10 01:16:22] [INFO] Subiendo: ERP_TEST_17.zip
[2026-07-10 01:16:22] [INFO] Subiendo: ERP_TEST_18.zip
[2026-07-10 01:16:22] [INFO] Subiendo: ERP_TEST_19.zip
[2026-07-10 01:16:22] [INFO] Subiendo: ERP_TEST_20.zip
[2026-07-10 01:16:22] [INFO] Subiendo: ERP_TEST_21.zip
[2026-07-10 01:16:22] [SUCCESS] Proceso finalizado.
[2026-07-10 01:16:32] [INFO] Ejecutando trabajo: ERP SQL
[2026-07-10 01:16:32] [INFO] === Backup Center iniciado ===
[2026-07-10 01:16:32] [INFO] Subiendo: ERP_TEST.zip
[2026-07-10 01:16:32] [INFO] Subiendo: ERP_TEST_01.zip
[2026-07-10 01:16:32] [INFO] Subiendo: ERP_TEST_02.zip
[2026-07-10 01:16:32] [INFO] Subiendo: ERP_TEST_03.zip
[2026-07-10 01:16:32] [INFO] Subiendo: ERP_TEST_04.bak
[2026-07-10 01:16:32] [INFO] Subiendo: ERP_TEST_05.7z
[2026-07-10 01:16:32] [INFO] Subiendo: ERP_TEST_06.zip
[2026-07-10 01:16:32] [INFO] Subiendo: ERP_TEST_07.zip
[2026-07-10 01:16:32] [INFO] Subiendo: ERP_TEST_08.zip
[2026-07-10 01:16:32] [INFO] Subiendo: ERP_TEST_09.bak
[2026-07-10 01:16:32] [INFO] Subiendo: ERP_TEST_10.7z
[2026-07-10 01:16:32] [INFO] Subiendo: ERP_TEST_11.zip
[2026-07-10 01:16:32] [INFO] Subiendo: ERP_TEST_13.zip
[2026-07-10 01:16:32] [INFO] Subiendo: ERP_TEST_14.zip
[2026-07-10 01:16:32] [INFO] Subiendo: ERP_TEST_15.zip
[2026-07-10 01:16:32] [INFO] Subiendo: ERP_TEST_16.zip
[2026-07-10 01:16:32] [INFO] Subiendo: ERP_TEST_17.zip
[2026-07-10 01:16:32] [INFO] Subiendo: ERP_TEST_18.zip
[2026-07-10 01:16:32] [INFO] Subiendo: ERP_TEST_19.zip
[2026-07-10 01:16:32] [INFO] Subiendo: ERP_TEST_20.zip
[2026-07-10 01:16:32] [INFO] Subiendo: ERP_TEST_21.zip
[2026-07-10 01:16:32] [SUCCESS] Proceso finalizado.
[2026-07-10 01:16:40] [INFO] Ejecutando trabajo: ERP SQL
[2026-07-10 01:16:40] [INFO] === Backup Center iniciado ===
[2026-07-10 01:16:40] [INFO] Subiendo: ERP_TEST.zip
[2026-07-10 01:16:40] [INFO] Subiendo: ERP_TEST_01.zip
[2026-07-10 01:16:40] [INFO] Subiendo: ERP_TEST_02.zip
[2026-07-10 01:16:40] [INFO] Subiendo: ERP_TEST_03.zip
[2026-07-10 01:16:40] [INFO] Subiendo: ERP_TEST_04.bak
[2026-07-10 01:16:40] [INFO] Subiendo: ERP_TEST_05.7z
[2026-07-10 01:16:40] [INFO] Subiendo: ERP_TEST_06.zip
[2026-07-10 01:16:40] [INFO] Subiendo: ERP_TEST_07.zip
[2026-07-10 01:16:40] [INFO] Subiendo: ERP_TEST_08.zip
[2026-07-10 01:16:40] [INFO] Subiendo: ERP_TEST_09.bak
[2026-07-10 01:16:40] [INFO] Subiendo: ERP_TEST_10.7z
[2026-07-10 01:16:40] [INFO] Subiendo: ERP_TEST_11.zip
[2026-07-10 01:16:40] [INFO] Subiendo: ERP_TEST_13.zip
[2026-07-10 01:16:40] [INFO] Subiendo: ERP_TEST_14.zip
[2026-07-10 01:16:40] [INFO] Subiendo: ERP_TEST_15.zip
[2026-07-10 01:16:40] [INFO] Subiendo: ERP_TEST_16.zip
[2026-07-10 01:16:40] [INFO] Subiendo: ERP_TEST_17.zip
[2026-07-10 01:16:40] [INFO] Subiendo: ERP_TEST_18.zip
[2026-07-10 01:16:40] [INFO] Subiendo: ERP_TEST_19.zip
[2026-07-10 01:16:40] [INFO] Subiendo: ERP_TEST_20.zip
[2026-07-10 01:16:40] [INFO] Subiendo: ERP_TEST_21.zip
[2026-07-10 01:16:40] [SUCCESS] Proceso finalizado.
[2026-07-10 01:16:50] [INFO] Ejecutando trabajo: ERP SQL
[2026-07-10 01:16:50] [INFO] === Backup Center iniciado ===
[2026-07-10 01:16:50] [INFO] Subiendo: ERP_TEST.zip
[2026-07-10 01:16:50] [INFO] Subiendo: ERP_TEST_01.zip
[2026-07-10 01:16:50] [INFO] Subiendo: ERP_TEST_02.zip
[2026-07-10 01:16:50] [INFO] Subiendo: ERP_TEST_03.zip
[2026-07-10 01:16:50] [INFO] Subiendo: ERP_TEST_04.bak
[2026-07-10 01:16:50] [INFO] Subiendo: ERP_TEST_05.7z
[2026-07-10 01:16:50] [INFO] Subiendo: ERP_TEST_06.zip
[2026-07-10 01:16:50] [INFO] Subiendo: ERP_TEST_07.zip
[2026-07-10 01:16:50] [INFO] Subiendo: ERP_TEST_08.zip
[2026-07-10 01:16:50] [INFO] Subiendo: ERP_TEST_09.bak
[2026-07-10 01:16:50] [INFO] Subiendo: ERP_TEST_10.7z
[2026-07-10 01:16:50] [INFO] Subiendo: ERP_TEST_11.zip
[2026-07-10 01:16:50] [INFO] Subiendo: ERP_TEST_13.zip
[2026-07-10 01:16:50] [INFO] Subiendo: ERP_TEST_14.zip
[2026-07-10 01:16:50] [INFO] Subiendo: ERP_TEST_15.zip
[2026-07-10 01:16:50] [INFO] Subiendo: ERP_TEST_16.zip
[2026-07-10 01:16:50] [INFO] Subiendo: ERP_TEST_17.zip
[2026-07-10 01:16:50] [INFO] Subiendo: ERP_TEST_18.zip
[2026-07-10 01:16:50] [INFO] Subiendo: ERP_TEST_19.zip
[2026-07-10 01:16:50] [INFO] Subiendo: ERP_TEST_20.zip
[2026-07-10 01:16:50] [INFO] Subiendo: ERP_TEST_21.zip
[2026-07-10 01:16:50] [SUCCESS] Proceso finalizado.
[2026-07-10 01:17:00] [INFO] Ejecutando trabajo: ERP SQL
[2026-07-10 01:17:00] [INFO] === Backup Center iniciado ===
[2026-07-10 01:17:00] [INFO] Subiendo: ERP_TEST.zip
[2026-07-10 01:17:00] [INFO] Subiendo: ERP_TEST_01.zip
[2026-07-10 01:17:00] [INFO] Subiendo: ERP_TEST_02.zip
[2026-07-10 01:17:00] [INFO] Subiendo: ERP_TEST_03.zip
[2026-07-10 01:17:00] [INFO] Subiendo: ERP_TEST_04.bak
[2026-07-10 01:17:00] [INFO] Subiendo: ERP_TEST_05.7z
[2026-07-10 01:17:00] [INFO] Subiendo: ERP_TEST_06.zip
[2026-07-10 01:17:00] [INFO] Subiendo: ERP_TEST_07.zip
[2026-07-10 01:17:00] [INFO] Subiendo: ERP_TEST_08.zip
[2026-07-10 01:17:00] [INFO] Subiendo: ERP_TEST_09.bak
[2026-07-10 01:17:00] [INFO] Subiendo: ERP_TEST_10.7z
[2026-07-10 01:17:00] [INFO] Subiendo: ERP_TEST_11.zip
[2026-07-10 01:17:00] [INFO] Subiendo: ERP_TEST_13.zip
[2026-07-10 01:17:00] [INFO] Subiendo: ERP_TEST_14.zip
[2026-07-10 01:17:00] [INFO] Subiendo: ERP_TEST_15.zip
[2026-07-10 01:17:00] [INFO] Subiendo: ERP_TEST_16.zip
[2026-07-10 01:17:00] [INFO] Subiendo: ERP_TEST_17.zip
[2026-07-10 01:17:00] [INFO] Subiendo: ERP_TEST_18.zip
[2026-07-10 01:17:00] [INFO] Subiendo: ERP_TEST_19.zip
[2026-07-10 01:17:00] [INFO] Subiendo: ERP_TEST_20.zip
[2026-07-10 01:17:00] [INFO] Subiendo: ERP_TEST_21.zip
[2026-07-10 01:17:00] [SUCCESS] Proceso finalizado.
[2026-07-10 01:17:10] [INFO] Ejecutando trabajo: ERP SQL
[2026-07-10 01:17:10] [INFO] === Backup Center iniciado ===
[2026-07-10 01:17:10] [INFO] Subiendo: ERP_TEST.zip
[2026-07-10 01:17:10] [INFO] Subiendo: ERP_TEST_01.zip
[2026-07-10 01:17:10] [INFO] Subiendo: ERP_TEST_02.zip
[2026-07-10 01:17:10] [INFO] Subiendo: ERP_TEST_03.zip
[2026-07-10 01:17:10] [INFO] Subiendo: ERP_TEST_04.bak
[2026-07-10 01:17:10] [INFO] Subiendo: ERP_TEST_05.7z
[2026-07-10 01:17:10] [INFO] Subiendo: ERP_TEST_06.zip
[2026-07-10 01:17:10] [INFO] Subiendo: ERP_TEST_07.zip
[2026-07-10 01:17:10] [INFO] Subiendo: ERP_TEST_08.zip
[2026-07-10 01:17:10] [INFO] Subiendo: ERP_TEST_09.bak
[2026-07-10 01:17:10] [INFO] Subiendo: ERP_TEST_10.7z
[2026-07-10 01:17:10] [INFO] Subiendo: ERP_TEST_11.zip
[2026-07-10 01:17:10] [INFO] Subiendo: ERP_TEST_13.zip
[2026-07-10 01:17:10] [INFO] Subiendo: ERP_TEST_14.zip
[2026-07-10 01:17:10] [INFO] Subiendo: ERP_TEST_15.zip
[2026-07-10 01:17:10] [INFO] Subiendo: ERP_TEST_16.zip
[2026-07-10 01:17:10] [INFO] Subiendo: ERP_TEST_17.zip
[2026-07-10 01:17:10] [INFO] Subiendo: ERP_TEST_18.zip
[2026-07-10 01:17:10] [INFO] Subiendo: ERP_TEST_19.zip
[2026-07-10 01:17:10] [INFO] Subiendo: ERP_TEST_20.zip
[2026-07-10 01:17:10] [INFO] Subiendo: ERP_TEST_21.zip
[2026-07-10 01:17:10] [SUCCESS] Proceso finalizado.
[2026-07-10 01:17:20] [INFO] Ejecutando trabajo: ERP SQL
[2026-07-10 01:17:20] [INFO] === Backup Center iniciado ===
[2026-07-10 01:17:20] [INFO] Subiendo: ERP_TEST.zip
[2026-07-10 01:17:20] [INFO] Subiendo: ERP_TEST_01.zip
[2026-07-10 01:17:20] [INFO] Subiendo: ERP_TEST_02.zip
[2026-07-10 01:17:20] [INFO] Subiendo: ERP_TEST_03.zip
[2026-07-10 01:17:20] [INFO] Subiendo: ERP_TEST_04.bak
[2026-07-10 01:17:20] [INFO] Subiendo: ERP_TEST_05.7z
[2026-07-10 01:17:20] [INFO] Subiendo: ERP_TEST_06.zip
[2026-07-10 01:17:20] [INFO] Subiendo: ERP_TEST_07.zip
[2026-07-10 01:17:20] [INFO] Subiendo: ERP_TEST_08.zip
[2026-07-10 01:17:20] [INFO] Subiendo: ERP_TEST_09.bak
[2026-07-10 01:17:20] [INFO] Subiendo: ERP_TEST_10.7z
[2026-07-10 01:17:20] [INFO] Subiendo: ERP_TEST_11.zip
[2026-07-10 01:17:20] [INFO] Subiendo: ERP_TEST_13.zip
[2026-07-10 01:17:20] [INFO] Subiendo: ERP_TEST_14.zip
[2026-07-10 01:17:20] [INFO] Subiendo: ERP_TEST_15.zip
[2026-07-10 01:17:20] [INFO] Subiendo: ERP_TEST_16.zip
[2026-07-10 01:17:20] [INFO] Subiendo: ERP_TEST_17.zip
[2026-07-10 01:17:20] [INFO] Subiendo: ERP_TEST_18.zip
[2026-07-10 01:17:20] [INFO] Subiendo: ERP_TEST_19.zip
[2026-07-10 01:17:20] [INFO] Subiendo: ERP_TEST_20.zip
[2026-07-10 01:17:20] [INFO] Subiendo: ERP_TEST_21.zip
[2026-07-10 01:17:20] [SUCCESS] Proceso finalizado.
[2026-07-10 01:17:30] [INFO] Ejecutando trabajo: ERP SQL
[2026-07-10 01:17:30] [INFO] === Backup Center iniciado ===
[2026-07-10 01:17:30] [INFO] Subiendo: ERP_TEST.zip
[2026-07-10 01:17:30] [INFO] Subiendo: ERP_TEST_01.zip
[2026-07-10 01:17:30] [INFO] Subiendo: ERP_TEST_02.zip
[2026-07-10 01:17:30] [INFO] Subiendo: ERP_TEST_03.zip
[2026-07-10 01:17:30] [INFO] Subiendo: ERP_TEST_04.bak
[2026-07-10 01:17:30] [INFO] Subiendo: ERP_TEST_05.7z
[2026-07-10 01:17:30] [INFO] Subiendo: ERP_TEST_06.zip
[2026-07-10 01:17:30] [INFO] Subiendo: ERP_TEST_07.zip
[2026-07-10 01:17:30] [INFO] Subiendo: ERP_TEST_08.zip
[2026-07-10 01:17:30] [INFO] Subiendo: ERP_TEST_09.bak
[2026-07-10 01:17:30] [INFO] Subiendo: ERP_TEST_10.7z
[2026-07-10 01:17:30] [INFO] Subiendo: ERP_TEST_11.zip
[2026-07-10 01:17:30] [INFO] Subiendo: ERP_TEST_13.zip
[2026-07-10 01:17:30] [INFO] Subiendo: ERP_TEST_14.zip
[2026-07-10 01:17:30] [INFO] Subiendo: ERP_TEST_15.zip
[2026-07-10 01:17:30] [INFO] Subiendo: ERP_TEST_16.zip
[2026-07-10 01:17:30] [INFO] Subiendo: ERP_TEST_17.zip
[2026-07-10 01:17:30] [INFO] Subiendo: ERP_TEST_18.zip
[2026-07-10 01:17:30] [INFO] Subiendo: ERP_TEST_19.zip
[2026-07-10 01:17:30] [INFO] Subiendo: ERP_TEST_20.zip
[2026-07-10 01:17:30] [INFO] Subiendo: ERP_TEST_21.zip
[2026-07-10 01:17:30] [SUCCESS] Proceso finalizado.
[2026-07-10 01:17:40] [INFO] Ejecutando trabajo: ERP SQL
[2026-07-10 01:17:40] [INFO] === Backup Center iniciado ===
[2026-07-10 01:17:40] [INFO] Subiendo: ERP_TEST.zip
[2026-07-10 01:17:40] [INFO] Subiendo: ERP_TEST_01.zip
[2026-07-10 01:17:40] [INFO] Subiendo: ERP_TEST_02.zip
[2026-07-10 01:17:40] [INFO] Subiendo: ERP_TEST_03.zip
[2026-07-10 01:17:40] [INFO] Subiendo: ERP_TEST_04.bak
[2026-07-10 01:17:40] [INFO] Subiendo: ERP_TEST_05.7z
[2026-07-10 01:17:40] [INFO] Subiendo: ERP_TEST_06.zip
[2026-07-10 01:17:40] [INFO] Subiendo: ERP_TEST_07.zip
[2026-07-10 01:17:40] [INFO] Subiendo: ERP_TEST_08.zip
[2026-07-10 01:17:40] [INFO] Subiendo: ERP_TEST_09.bak
[2026-07-10 01:17:40] [INFO] Subiendo: ERP_TEST_10.7z
[2026-07-10 01:17:40] [INFO] Subiendo: ERP_TEST_11.zip
[2026-07-10 01:17:40] [INFO] Subiendo: ERP_TEST_13.zip
[2026-07-10 01:17:40] [INFO] Subiendo: ERP_TEST_14.zip
[2026-07-10 01:17:40] [INFO] Subiendo: ERP_TEST_15.zip
[2026-07-10 01:17:40] [INFO] Subiendo: ERP_TEST_16.zip
[2026-07-10 01:17:40] [INFO] Subiendo: ERP_TEST_17.zip
[2026-07-10 01:17:40] [INFO] Subiendo: ERP_TEST_18.zip
[2026-07-10 01:17:40] [INFO] Subiendo: ERP_TEST_19.zip
[2026-07-10 01:17:40] [INFO] Subiendo: ERP_TEST_20.zip
[2026-07-10 01:17:40] [INFO] Subiendo: ERP_TEST_21.zip
[2026-07-10 01:17:40] [SUCCESS] Proceso finalizado.
[2026-07-10 01:17:50] [INFO] Ejecutando trabajo: ERP SQL
[2026-07-10 01:17:50] [INFO] === Backup Center iniciado ===
[2026-07-10 01:17:50] [INFO] Subiendo: ERP_TEST.zip
[2026-07-10 01:17:50] [INFO] Subiendo: ERP_TEST_01.zip
[2026-07-10 01:17:50] [INFO] Subiendo: ERP_TEST_02.zip
[2026-07-10 01:17:50] [INFO] Subiendo: ERP_TEST_03.zip
[2026-07-10 01:17:50] [INFO] Subiendo: ERP_TEST_04.bak
[2026-07-10 01:17:50] [INFO] Subiendo: ERP_TEST_05.7z
[2026-07-10 01:17:50] [INFO] Subiendo: ERP_TEST_06.zip
[2026-07-10 01:17:50] [INFO] Subiendo: ERP_TEST_07.zip
[2026-07-10 01:17:50] [INFO] Subiendo: ERP_TEST_08.zip
[2026-07-10 01:17:50] [INFO] Subiendo: ERP_TEST_09.bak
[2026-07-10 01:17:50] [INFO] Subiendo: ERP_TEST_10.7z
[2026-07-10 01:17:50] [INFO] Subiendo: ERP_TEST_11.zip
[2026-07-10 01:17:50] [INFO] Subiendo: ERP_TEST_13.zip
[2026-07-10 01:17:50] [INFO] Subiendo: ERP_TEST_14.zip
[2026-07-10 01:17:50] [INFO] Subiendo: ERP_TEST_15.zip
[2026-07-10 01:17:50] [INFO] Subiendo: ERP_TEST_16.zip
[2026-07-10 01:17:50] [INFO] Subiendo: ERP_TEST_17.zip
[2026-07-10 01:17:50] [INFO] Subiendo: ERP_TEST_18.zip
[2026-07-10 01:17:50] [INFO] Subiendo: ERP_TEST_19.zip
[2026-07-10 01:17:50] [INFO] Subiendo: ERP_TEST_20.zip
[2026-07-10 01:17:50] [INFO] Subiendo: ERP_TEST_21.zip
[2026-07-10 01:17:50] [SUCCESS] Proceso finalizado.
[2026-07-10 01:18:01] [INFO] Ejecutando trabajo: ERP SQL
[2026-07-10 01:18:01] [INFO] === Backup Center iniciado ===
[2026-07-10 01:18:01] [INFO] Subiendo: ERP_TEST.zip
[2026-07-10 01:18:01] [INFO] Subiendo: ERP_TEST_01.zip
[2026-07-10 01:18:01] [INFO] Subiendo: ERP_TEST_02.zip
[2026-07-10 01:18:01] [INFO] Subiendo: ERP_TEST_03.zip
[2026-07-10 01:18:01] [INFO] Subiendo: ERP_TEST_04.bak
[2026-07-10 01:18:01] [INFO] Subiendo: ERP_TEST_05.7z
[2026-07-10 01:18:01] [INFO] Subiendo: ERP_TEST_06.zip
[2026-07-10 01:18:01] [INFO] Subiendo: ERP_TEST_07.zip
[2026-07-10 01:18:01] [INFO] Subiendo: ERP_TEST_08.zip
[2026-07-10 01:18:01] [INFO] Subiendo: ERP_TEST_09.bak
[2026-07-10 01:18:01] [INFO] Subiendo: ERP_TEST_10.7z
[2026-07-10 01:18:01] [INFO] Subiendo: ERP_TEST_11.zip
[2026-07-10 01:18:01] [INFO] Subiendo: ERP_TEST_13.zip
[2026-07-10 01:18:01] [INFO] Subiendo: ERP_TEST_14.zip
[2026-07-10 01:18:01] [INFO] Subiendo: ERP_TEST_15.zip
[2026-07-10 01:18:01] [INFO] Subiendo: ERP_TEST_16.zip
[2026-07-10 01:18:01] [INFO] Subiendo: ERP_TEST_17.zip
[2026-07-10 01:18:01] [INFO] Subiendo: ERP_TEST_18.zip
[2026-07-10 01:18:01] [INFO] Subiendo: ERP_TEST_19.zip
[2026-07-10 01:18:01] [INFO] Subiendo: ERP_TEST_20.zip
[2026-07-10 01:18:01] [INFO] Subiendo: ERP_TEST_21.zip
[2026-07-10 01:18:01] [SUCCESS] Proceso finalizado.
[2026-07-10 01:18:11] [INFO] Ejecutando trabajo: ERP SQL
[2026-07-10 01:18:11] [INFO] === Backup Center iniciado ===
[2026-07-10 01:18:11] [INFO] Subiendo: ERP_TEST.zip
[2026-07-10 01:18:11] [INFO] Subiendo: ERP_TEST_01.zip
[2026-07-10 01:18:11] [INFO] Subiendo: ERP_TEST_02.zip
[2026-07-10 01:18:11] [INFO] Subiendo: ERP_TEST_03.zip
[2026-07-10 01:18:11] [INFO] Subiendo: ERP_TEST_04.bak
[2026-07-10 01:18:11] [INFO] Subiendo: ERP_TEST_05.7z
[2026-07-10 01:18:11] [INFO] Subiendo: ERP_TEST_06.zip
[2026-07-10 01:18:11] [INFO] Subiendo: ERP_TEST_07.zip
[2026-07-10 01:18:11] [INFO] Subiendo: ERP_TEST_08.zip
[2026-07-10 01:18:11] [INFO] Subiendo: ERP_TEST_09.bak
[2026-07-10 01:18:11] [INFO] Subiendo: ERP_TEST_10.7z
[2026-07-10 01:18:11] [INFO] Subiendo: ERP_TEST_11.zip
[2026-07-10 01:18:11] [INFO] Subiendo: ERP_TEST_13.zip
[2026-07-10 01:18:11] [INFO] Subiendo: ERP_TEST_14.zip
[2026-07-10 01:18:11] [INFO] Subiendo: ERP_TEST_15.zip
[2026-07-10 01:18:11] [INFO] Subiendo: ERP_TEST_16.zip
[2026-07-10 01:18:11] [INFO] Subiendo: ERP_TEST_17.zip
[2026-07-10 01:18:11] [INFO] Subiendo: ERP_TEST_18.zip
[2026-07-10 01:18:11] [INFO] Subiendo: ERP_TEST_19.zip
[2026-07-10 01:18:11] [INFO] Subiendo: ERP_TEST_20.zip
[2026-07-10 01:18:11] [INFO] Subiendo: ERP_TEST_21.zip
[2026-07-10 01:18:11] [SUCCESS] Proceso finalizado.
[2026-07-10 01:18:21] [INFO] Ejecutando trabajo: ERP SQL
[2026-07-10 01:18:21] [INFO] === Backup Center iniciado ===
[2026-07-10 01:18:21] [INFO] Subiendo: ERP_TEST.zip
[2026-07-10 01:18:21] [INFO] Subiendo: ERP_TEST_01.zip
[2026-07-10 01:18:21] [INFO] Subiendo: ERP_TEST_02.zip
[2026-07-10 01:18:21] [INFO] Subiendo: ERP_TEST_03.zip
[2026-07-10 01:18:21] [INFO] Subiendo: ERP_TEST_04.bak
[2026-07-10 01:18:21] [INFO] Subiendo: ERP_TEST_05.7z
[2026-07-10 01:18:21] [INFO] Subiendo: ERP_TEST_06.zip
[2026-07-10 01:18:21] [INFO] Subiendo: ERP_TEST_07.zip
[2026-07-10 01:18:21] [INFO] Subiendo: ERP_TEST_08.zip
[2026-07-10 01:18:21] [INFO] Subiendo: ERP_TEST_09.bak
[2026-07-10 01:18:21] [INFO] Subiendo: ERP_TEST_10.7z
[2026-07-10 01:18:21] [INFO] Subiendo: ERP_TEST_11.zip
[2026-07-10 01:18:21] [INFO] Subiendo: ERP_TEST_13.zip
[2026-07-10 01:18:21] [INFO] Subiendo: ERP_TEST_14.zip
[2026-07-10 01:18:21] [INFO] Subiendo: ERP_TEST_15.zip
[2026-07-10 01:18:21] [INFO] Subiendo: ERP_TEST_16.zip
[2026-07-10 01:18:21] [INFO] Subiendo: ERP_TEST_17.zip
[2026-07-10 01:18:21] [INFO] Subiendo: ERP_TEST_18.zip
[2026-07-10 01:18:21] [INFO] Subiendo: ERP_TEST_19.zip
[2026-07-10 01:18:21] [INFO] Subiendo: ERP_TEST_20.zip
[2026-07-10 01:18:21] [INFO] Subiendo: ERP_TEST_21.zip
[2026-07-10 01:18:21] [SUCCESS] Proceso finalizado.
[2026-07-10 01:18:31] [INFO] Ejecutando trabajo: ERP SQL
[2026-07-10 01:18:31] [INFO] === Backup Center iniciado ===
[2026-07-10 01:18:31] [INFO] Subiendo: ERP_TEST.zip
[2026-07-10 01:18:31] [INFO] Subiendo: ERP_TEST_01.zip
[2026-07-10 01:18:31] [INFO] Subiendo: ERP_TEST_02.zip
[2026-07-10 01:18:31] [INFO] Subiendo: ERP_TEST_03.zip
[2026-07-10 01:18:31] [INFO] Subiendo: ERP_TEST_04.bak
[2026-07-10 01:18:31] [INFO] Subiendo: ERP_TEST_05.7z
[2026-07-10 01:18:31] [INFO] Subiendo: ERP_TEST_06.zip
[2026-07-10 01:18:31] [INFO] Subiendo: ERP_TEST_07.zip
[2026-07-10 01:18:31] [INFO] Subiendo: ERP_TEST_08.zip
[2026-07-10 01:18:31] [INFO] Subiendo: ERP_TEST_09.bak
[2026-07-10 01:18:31] [INFO] Subiendo: ERP_TEST_10.7z
[2026-07-10 01:18:31] [INFO] Subiendo: ERP_TEST_11.zip
[2026-07-10 01:18:31] [INFO] Subiendo: ERP_TEST_13.zip
[2026-07-10 01:18:31] [INFO] Subiendo: ERP_TEST_14.zip
[2026-07-10 01:18:31] [INFO] Subiendo: ERP_TEST_15.zip
[2026-07-10 01:18:31] [INFO] Subiendo: ERP_TEST_16.zip
[2026-07-10 01:18:31] [INFO] Subiendo: ERP_TEST_17.zip
[2026-07-10 01:18:31] [INFO] Subiendo: ERP_TEST_18.zip
[2026-07-10 01:18:31] [INFO] Subiendo: ERP_TEST_19.zip
[2026-07-10 01:18:31] [INFO] Subiendo: ERP_TEST_20.zip
[2026-07-10 01:18:31] [INFO] Subiendo: ERP_TEST_21.zip
[2026-07-10 01:18:31] [SUCCESS] Proceso finalizado.
[2026-07-10 01:18:41] [INFO] Ejecutando trabajo: ERP SQL
[2026-07-10 01:18:41] [INFO] === Backup Center iniciado ===
[2026-07-10 01:18:41] [INFO] Subiendo: ERP_TEST.zip
[2026-07-10 01:18:41] [INFO] Subiendo: ERP_TEST_01.zip
[2026-07-10 01:18:41] [INFO] Subiendo: ERP_TEST_02.zip
[2026-07-10 01:18:41] [INFO] Subiendo: ERP_TEST_03.zip
[2026-07-10 01:18:41] [INFO] Subiendo: ERP_TEST_04.bak
[2026-07-10 01:18:41] [INFO] Subiendo: ERP_TEST_05.7z
[2026-07-10 01:18:41] [INFO] Subiendo: ERP_TEST_06.zip
[2026-07-10 01:18:41] [INFO] Subiendo: ERP_TEST_07.zip
[2026-07-10 01:18:41] [INFO] Subiendo: ERP_TEST_08.zip
[2026-07-10 01:18:41] [INFO] Subiendo: ERP_TEST_09.bak
[2026-07-10 01:18:41] [INFO] Subiendo: ERP_TEST_10.7z
[2026-07-10 01:18:41] [INFO] Subiendo: ERP_TEST_11.zip
[2026-07-10 01:18:41] [INFO] Subiendo: ERP_TEST_13.zip
[2026-07-10 01:18:41] [INFO] Subiendo: ERP_TEST_14.zip
[2026-07-10 01:18:41] [INFO] Subiendo: ERP_TEST_15.zip
[2026-07-10 01:18:41] [INFO] Subiendo: ERP_TEST_16.zip
[2026-07-10 01:18:41] [INFO] Subiendo: ERP_TEST_17.zip
[2026-07-10 01:18:41] [INFO] Subiendo: ERP_TEST_18.zip
[2026-07-10 01:18:41] [INFO] Subiendo: ERP_TEST_19.zip
[2026-07-10 01:18:41] [INFO] Subiendo: ERP_TEST_20.zip
[2026-07-10 01:18:41] [INFO] Subiendo: ERP_TEST_21.zip
[2026-07-10 01:18:41] [SUCCESS] Proceso finalizado.
[2026-07-10 01:18:51] [INFO] Ejecutando trabajo: ERP SQL
[2026-07-10 01:18:51] [INFO] === Backup Center iniciado ===
[2026-07-10 01:18:51] [INFO] Subiendo: ERP_TEST.zip
[2026-07-10 01:18:51] [INFO] Subiendo: ERP_TEST_01.zip
[2026-07-10 01:18:51] [INFO] Subiendo: ERP_TEST_02.zip
[2026-07-10 01:18:51] [INFO] Subiendo: ERP_TEST_03.zip
[2026-07-10 01:18:51] [INFO] Subiendo: ERP_TEST_04.bak
[2026-07-10 01:18:51] [INFO] Subiendo: ERP_TEST_05.7z
[2026-07-10 01:18:51] [INFO] Subiendo: ERP_TEST_06.zip
[2026-07-10 01:18:51] [INFO] Subiendo: ERP_TEST_07.zip
[2026-07-10 01:18:51] [INFO] Subiendo: ERP_TEST_08.zip
[2026-07-10 01:18:51] [INFO] Subiendo: ERP_TEST_09.bak
[2026-07-10 01:18:51] [INFO] Subiendo: ERP_TEST_10.7z
[2026-07-10 01:18:51] [INFO] Subiendo: ERP_TEST_11.zip
[2026-07-10 01:18:51] [INFO] Subiendo: ERP_TEST_13.zip
[2026-07-10 01:18:51] [INFO] Subiendo: ERP_TEST_14.zip
[2026-07-10 01:18:51] [INFO] Subiendo: ERP_TEST_15.zip
[2026-07-10 01:18:51] [INFO] Subiendo: ERP_TEST_16.zip
[2026-07-10 01:18:51] [INFO] Subiendo: ERP_TEST_17.zip
[2026-07-10 01:18:51] [INFO] Subiendo: ERP_TEST_18.zip
[2026-07-10 01:18:51] [INFO] Subiendo: ERP_TEST_19.zip
[2026-07-10 01:18:51] [INFO] Subiendo: ERP_TEST_20.zip
[2026-07-10 01:18:51] [INFO] Subiendo: ERP_TEST_21.zip
[2026-07-10 01:18:51] [SUCCESS] Proceso finalizado.
[2026-07-10 01:19:01] [INFO] Ejecutando trabajo: ERP SQL
[2026-07-10 01:19:01] [INFO] === Backup Center iniciado ===
[2026-07-10 01:19:01] [INFO] Subiendo: ERP_TEST.zip
[2026-07-10 01:19:01] [INFO] Subiendo: ERP_TEST_01.zip
[2026-07-10 01:19:01] [INFO] Subiendo: ERP_TEST_02.zip
[2026-07-10 01:19:01] [INFO] Subiendo: ERP_TEST_03.zip
[2026-07-10 01:19:01] [INFO] Subiendo: ERP_TEST_04.bak
[2026-07-10 01:19:01] [INFO] Subiendo: ERP_TEST_05.7z
[2026-07-10 01:19:01] [INFO] Subiendo: ERP_TEST_06.zip
[2026-07-10 01:19:01] [INFO] Subiendo: ERP_TEST_07.zip
[2026-07-10 01:19:01] [INFO] Subiendo: ERP_TEST_08.zip
[2026-07-10 01:19:01] [INFO] Subiendo: ERP_TEST_09.bak
[2026-07-10 01:19:01] [INFO] Subiendo: ERP_TEST_10.7z
[2026-07-10 01:19:01] [INFO] Subiendo: ERP_TEST_11.zip
[2026-07-10 01:19:01] [INFO] Subiendo: ERP_TEST_13.zip
[2026-07-10 01:19:01] [INFO] Subiendo: ERP_TEST_14.zip
[2026-07-10 01:19:01] [INFO] Subiendo: ERP_TEST_15.zip
[2026-07-10 01:19:01] [INFO] Subiendo: ERP_TEST_16.zip
[2026-07-10 01:19:01] [INFO] Subiendo: ERP_TEST_17.zip
[2026-07-10 01:19:01] [INFO] Subiendo: ERP_TEST_18.zip
[2026-07-10 01:19:01] [INFO] Subiendo: ERP_TEST_19.zip
[2026-07-10 01:19:01] [INFO] Subiendo: ERP_TEST_20.zip
[2026-07-10 01:19:01] [INFO] Subiendo: ERP_TEST_21.zip
[2026-07-10 01:19:01] [SUCCESS] Proceso finalizado.
[2026-07-10 01:19:11] [INFO] Ejecutando trabajo: ERP SQL
[2026-07-10 01:19:11] [INFO] === Backup Center iniciado ===
[2026-07-10 01:19:11] [INFO] Subiendo: ERP_TEST.zip
[2026-07-10 01:19:11] [INFO] Subiendo: ERP_TEST_01.zip
[2026-07-10 01:19:11] [INFO] Subiendo: ERP_TEST_02.zip
[2026-07-10 01:19:11] [INFO] Subiendo: ERP_TEST_03.zip
[2026-07-10 01:19:11] [INFO] Subiendo: ERP_TEST_04.bak
[2026-07-10 01:19:11] [INFO] Subiendo: ERP_TEST_05.7z
[2026-07-10 01:19:11] [INFO] Subiendo: ERP_TEST_06.zip
[2026-07-10 01:19:11] [INFO] Subiendo: ERP_TEST_07.zip
[2026-07-10 01:19:11] [INFO] Subiendo: ERP_TEST_08.zip
[2026-07-10 01:19:11] [INFO] Subiendo: ERP_TEST_09.bak
[2026-07-10 01:19:11] [INFO] Subiendo: ERP_TEST_10.7z
[2026-07-10 01:19:11] [INFO] Subiendo: ERP_TEST_11.zip
[2026-07-10 01:19:11] [INFO] Subiendo: ERP_TEST_13.zip
[2026-07-10 01:19:11] [INFO] Subiendo: ERP_TEST_14.zip
[2026-07-10 01:19:11] [INFO] Subiendo: ERP_TEST_15.zip
[2026-07-10 01:19:11] [INFO] Subiendo: ERP_TEST_16.zip
[2026-07-10 01:19:11] [INFO] Subiendo: ERP_TEST_17.zip
[2026-07-10 01:19:11] [INFO] Subiendo: ERP_TEST_18.zip
[2026-07-10 01:19:11] [INFO] Subiendo: ERP_TEST_19.zip
[2026-07-10 01:19:11] [INFO] Subiendo: ERP_TEST_20.zip
[2026-07-10 01:19:11] [INFO] Subiendo: ERP_TEST_21.zip
[2026-07-10 01:19:11] [SUCCESS] Proceso finalizado.
[2026-07-10 01:19:21] [INFO] Ejecutando trabajo: ERP SQL
[2026-07-10 01:19:21] [INFO] === Backup Center iniciado ===
[2026-07-10 01:19:21] [INFO] Subiendo: ERP_TEST.zip
[2026-07-10 01:19:21] [INFO] Subiendo: ERP_TEST_01.zip
[2026-07-10 01:19:21] [INFO] Subiendo: ERP_TEST_02.zip
[2026-07-10 01:19:21] [INFO] Subiendo: ERP_TEST_03.zip
[2026-07-10 01:19:21] [INFO] Subiendo: ERP_TEST_04.bak
[2026-07-10 01:19:21] [INFO] Subiendo: ERP_TEST_05.7z
[2026-07-10 01:19:21] [INFO] Subiendo: ERP_TEST_06.zip
[2026-07-10 01:19:21] [INFO] Subiendo: ERP_TEST_07.zip
[2026-07-10 01:19:21] [INFO] Subiendo: ERP_TEST_08.zip
[2026-07-10 01:19:21] [INFO] Subiendo: ERP_TEST_09.bak
[2026-07-10 01:19:21] [INFO] Subiendo: ERP_TEST_10.7z
[2026-07-10 01:19:21] [INFO] Subiendo: ERP_TEST_11.zip
[2026-07-10 01:19:21] [INFO] Subiendo: ERP_TEST_13.zip
[2026-07-10 01:19:21] [INFO] Subiendo: ERP_TEST_14.zip
[2026-07-10 01:19:21] [INFO] Subiendo: ERP_TEST_15.zip
[2026-07-10 01:19:21] [INFO] Subiendo: ERP_TEST_16.zip
[2026-07-10 01:19:21] [INFO] Subiendo: ERP_TEST_17.zip
[2026-07-10 01:19:21] [INFO] Subiendo: ERP_TEST_18.zip
[2026-07-10 01:19:21] [INFO] Subiendo: ERP_TEST_19.zip
[2026-07-10 01:19:21] [INFO] Subiendo: ERP_TEST_20.zip
[2026-07-10 01:19:21] [INFO] Subiendo: ERP_TEST_21.zip
[2026-07-10 01:19:21] [SUCCESS] Proceso finalizado.
[2026-07-10 01:19:31] [INFO] Ejecutando trabajo: ERP SQL
[2026-07-10 01:19:31] [INFO] === Backup Center iniciado ===
[2026-07-10 01:19:31] [INFO] Subiendo: ERP_TEST.zip
[2026-07-10 01:19:31] [INFO] Subiendo: ERP_TEST_01.zip
[2026-07-10 01:19:31] [INFO] Subiendo: ERP_TEST_02.zip
[2026-07-10 01:19:31] [INFO] Subiendo: ERP_TEST_03.zip
[2026-07-10 01:19:31] [INFO] Subiendo: ERP_TEST_04.bak
[2026-07-10 01:19:31] [INFO] Subiendo: ERP_TEST_05.7z
[2026-07-10 01:19:31] [INFO] Subiendo: ERP_TEST_06.zip
[2026-07-10 01:19:31] [INFO] Subiendo: ERP_TEST_07.zip
[2026-07-10 01:19:31] [INFO] Subiendo: ERP_TEST_08.zip
[2026-07-10 01:19:31] [INFO] Subiendo: ERP_TEST_09.bak
[2026-07-10 01:19:31] [INFO] Subiendo: ERP_TEST_10.7z
[2026-07-10 01:19:31] [INFO] Subiendo: ERP_TEST_11.zip
[2026-07-10 01:19:31] [INFO] Subiendo: ERP_TEST_13.zip
[2026-07-10 01:19:31] [INFO] Subiendo: ERP_TEST_14.zip
[2026-07-10 01:19:31] [INFO] Subiendo: ERP_TEST_15.zip
[2026-07-10 01:19:31] [INFO] Subiendo: ERP_TEST_16.zip
[2026-07-10 01:19:31] [INFO] Subiendo: ERP_TEST_17.zip
[2026-07-10 01:19:31] [INFO] Subiendo: ERP_TEST_18.zip
[2026-07-10 01:19:31] [INFO] Subiendo: ERP_TEST_19.zip
[2026-07-10 01:19:31] [INFO] Subiendo: ERP_TEST_20.zip
[2026-07-10 01:19:31] [INFO] Subiendo: ERP_TEST_21.zip
[2026-07-10 01:19:31] [SUCCESS] Proceso finalizado.
[2026-07-10 01:19:41] [INFO] Ejecutando trabajo: ERP SQL
[2026-07-10 01:19:41] [INFO] === Backup Center iniciado ===
[2026-07-10 01:19:41] [INFO] Subiendo: ERP_TEST.zip
[2026-07-10 01:19:41] [INFO] Subiendo: ERP_TEST_01.zip
[2026-07-10 01:19:41] [INFO] Subiendo: ERP_TEST_02.zip
[2026-07-10 01:19:41] [INFO] Subiendo: ERP_TEST_03.zip
[2026-07-10 01:19:41] [INFO] Subiendo: ERP_TEST_04.bak
[2026-07-10 01:19:41] [INFO] Subiendo: ERP_TEST_05.7z
[2026-07-10 01:19:41] [INFO] Subiendo: ERP_TEST_06.zip
[2026-07-10 01:19:41] [INFO] Subiendo: ERP_TEST_07.zip
[2026-07-10 01:19:41] [INFO] Subiendo: ERP_TEST_08.zip
[2026-07-10 01:19:41] [INFO] Subiendo: ERP_TEST_09.bak
[2026-07-10 01:19:41] [INFO] Subiendo: ERP_TEST_10.7z
[2026-07-10 01:19:41] [INFO] Subiendo: ERP_TEST_11.zip
[2026-07-10 01:19:41] [INFO] Subiendo: ERP_TEST_13.zip
[2026-07-10 01:19:41] [INFO] Subiendo: ERP_TEST_14.zip
[2026-07-10 01:19:41] [INFO] Subiendo: ERP_TEST_15.zip
[2026-07-10 01:19:41] [INFO] Subiendo: ERP_TEST_16.zip
[2026-07-10 01:19:41] [INFO] Subiendo: ERP_TEST_17.zip
[2026-07-10 01:19:41] [INFO] Subiendo: ERP_TEST_18.zip
[2026-07-10 01:19:41] [INFO] Subiendo: ERP_TEST_19.zip
[2026-07-10 01:19:41] [INFO] Subiendo: ERP_TEST_20.zip
[2026-07-10 01:19:41] [INFO] Subiendo: ERP_TEST_21.zip
[2026-07-10 01:19:41] [SUCCESS] Proceso finalizado.
[2026-07-10 01:19:52] [INFO] Ejecutando trabajo: ERP SQL
[2026-07-10 01:19:52] [INFO] === Backup Center iniciado ===
[2026-07-10 01:19:52] [INFO] Subiendo: ERP_TEST.zip
[2026-07-10 01:19:52] [INFO] Subiendo: ERP_TEST_01.zip
[2026-07-10 01:19:52] [INFO] Subiendo: ERP_TEST_02.zip
[2026-07-10 01:19:52] [INFO] Subiendo: ERP_TEST_03.zip
[2026-07-10 01:19:52] [INFO] Subiendo: ERP_TEST_04.bak
[2026-07-10 01:19:52] [INFO] Subiendo: ERP_TEST_05.7z
[2026-07-10 01:19:52] [INFO] Subiendo: ERP_TEST_06.zip
[2026-07-10 01:19:52] [INFO] Subiendo: ERP_TEST_07.zip
[2026-07-10 01:19:52] [INFO] Subiendo: ERP_TEST_08.zip
[2026-07-10 01:19:52] [INFO] Subiendo: ERP_TEST_09.bak
[2026-07-10 01:19:52] [INFO] Subiendo: ERP_TEST_10.7z
[2026-07-10 01:19:52] [INFO] Subiendo: ERP_TEST_11.zip
[2026-07-10 01:19:52] [INFO] Subiendo: ERP_TEST_13.zip
[2026-07-10 01:19:52] [INFO] Subiendo: ERP_TEST_14.zip
[2026-07-10 01:19:52] [INFO] Subiendo: ERP_TEST_15.zip
[2026-07-10 01:19:52] [INFO] Subiendo: ERP_TEST_16.zip
[2026-07-10 01:19:52] [INFO] Subiendo: ERP_TEST_17.zip
[2026-07-10 01:19:52] [INFO] Subiendo: ERP_TEST_18.zip
[2026-07-10 01:19:52] [INFO] Subiendo: ERP_TEST_19.zip
[2026-07-10 01:19:52] [INFO] Subiendo: ERP_TEST_20.zip
[2026-07-10 01:19:52] [INFO] Subiendo: ERP_TEST_21.zip
[2026-07-10 01:19:52] [SUCCESS] Proceso finalizado.
[2026-07-10 01:20:02] [INFO] Ejecutando trabajo: ERP SQL
[2026-07-10 01:20:02] [INFO] === Backup Center iniciado ===
[2026-07-10 01:20:02] [INFO] Subiendo: ERP_TEST.zip
[2026-07-10 01:20:02] [INFO] Subiendo: ERP_TEST_01.zip
[2026-07-10 01:20:02] [INFO] Subiendo: ERP_TEST_02.zip
[2026-07-10 01:20:02] [INFO] Subiendo: ERP_TEST_03.zip
[2026-07-10 01:20:02] [INFO] Subiendo: ERP_TEST_04.bak
[2026-07-10 01:20:02] [INFO] Subiendo: ERP_TEST_05.7z
[2026-07-10 01:20:02] [INFO] Subiendo: ERP_TEST_06.zip
[2026-07-10 01:20:02] [INFO] Subiendo: ERP_TEST_07.zip
[2026-07-10 01:20:02] [INFO] Subiendo: ERP_TEST_08.zip
[2026-07-10 01:20:02] [INFO] Subiendo: ERP_TEST_09.bak
[2026-07-10 01:20:02] [INFO] Subiendo: ERP_TEST_10.7z
[2026-07-10 01:20:02] [INFO] Subiendo: ERP_TEST_11.zip
[2026-07-10 01:20:02] [INFO] Subiendo: ERP_TEST_13.zip
[2026-07-10 01:20:02] [INFO] Subiendo: ERP_TEST_14.zip
[2026-07-10 01:20:02] [INFO] Subiendo: ERP_TEST_15.zip
[2026-07-10 01:20:02] [INFO] Subiendo: ERP_TEST_16.zip
[2026-07-10 01:20:02] [INFO] Subiendo: ERP_TEST_17.zip
[2026-07-10 01:20:02] [INFO] Subiendo: ERP_TEST_18.zip
[2026-07-10 01:20:02] [INFO] Subiendo: ERP_TEST_19.zip
[2026-07-10 01:20:02] [INFO] Subiendo: ERP_TEST_20.zip
[2026-07-10 01:20:02] [INFO] Subiendo: ERP_TEST_21.zip
[2026-07-10 01:20:02] [SUCCESS] Proceso finalizado.
[2026-07-10 01:20:12] [INFO] Ejecutando trabajo: ERP SQL
[2026-07-10 01:20:12] [INFO] === Backup Center iniciado ===
[2026-07-10 01:20:12] [INFO] Subiendo: ERP_TEST.zip
[2026-07-10 01:20:12] [INFO] Subiendo: ERP_TEST_01.zip
[2026-07-10 01:20:12] [INFO] Subiendo: ERP_TEST_02.zip
[2026-07-10 01:20:12] [INFO] Subiendo: ERP_TEST_03.zip
[2026-07-10 01:20:12] [INFO] Subiendo: ERP_TEST_04.bak
[2026-07-10 01:20:12] [INFO] Subiendo: ERP_TEST_05.7z
[2026-07-10 01:20:12] [INFO] Subiendo: ERP_TEST_06.zip
[2026-07-10 01:20:12] [INFO] Subiendo: ERP_TEST_07.zip
[2026-07-10 01:20:12] [INFO] Subiendo: ERP_TEST_08.zip
[2026-07-10 01:20:12] [INFO] Subiendo: ERP_TEST_09.bak
[2026-07-10 01:20:12] [INFO] Subiendo: ERP_TEST_10.7z
[2026-07-10 01:20:12] [INFO] Subiendo: ERP_TEST_11.zip
[2026-07-10 01:20:12] [INFO] Subiendo: ERP_TEST_13.zip
[2026-07-10 01:20:12] [INFO] Subiendo: ERP_TEST_14.zip
[2026-07-10 01:20:12] [INFO] Subiendo: ERP_TEST_15.zip
[2026-07-10 01:20:12] [INFO] Subiendo: ERP_TEST_16.zip
[2026-07-10 01:20:12] [INFO] Subiendo: ERP_TEST_17.zip
[2026-07-10 01:20:12] [INFO] Subiendo: ERP_TEST_18.zip
[2026-07-10 01:20:12] [INFO] Subiendo: ERP_TEST_19.zip
[2026-07-10 01:20:12] [INFO] Subiendo: ERP_TEST_20.zip
[2026-07-10 01:20:12] [INFO] Subiendo: ERP_TEST_21.zip
[2026-07-10 01:20:12] [SUCCESS] Proceso finalizado.
[2026-07-10 01:20:22] [INFO] Ejecutando trabajo: ERP SQL
[2026-07-10 01:20:22] [INFO] === Backup Center iniciado ===
[2026-07-10 01:20:22] [INFO] Subiendo: ERP_TEST.zip
[2026-07-10 01:20:22] [INFO] Subiendo: ERP_TEST_01.zip
[2026-07-10 01:20:22] [INFO] Subiendo: ERP_TEST_02.zip
[2026-07-10 01:20:22] [INFO] Subiendo: ERP_TEST_03.zip
[2026-07-10 01:20:22] [INFO] Subiendo: ERP_TEST_04.bak
[2026-07-10 01:20:22] [INFO] Subiendo: ERP_TEST_05.7z
[2026-07-10 01:20:22] [INFO] Subiendo: ERP_TEST_06.zip
[2026-07-10 01:20:22] [INFO] Subiendo: ERP_TEST_07.zip
[2026-07-10 01:20:22] [INFO] Subiendo: ERP_TEST_08.zip
[2026-07-10 01:20:22] [INFO] Subiendo: ERP_TEST_09.bak
[2026-07-10 01:20:22] [INFO] Subiendo: ERP_TEST_10.7z
[2026-07-10 01:20:22] [INFO] Subiendo: ERP_TEST_11.zip
[2026-07-10 01:20:22] [INFO] Subiendo: ERP_TEST_13.zip
[2026-07-10 01:20:22] [INFO] Subiendo: ERP_TEST_14.zip
[2026-07-10 01:20:22] [INFO] Subiendo: ERP_TEST_15.zip
[2026-07-10 01:20:22] [INFO] Subiendo: ERP_TEST_16.zip
[2026-07-10 01:20:22] [INFO] Subiendo: ERP_TEST_17.zip
[2026-07-10 01:20:22] [INFO] Subiendo: ERP_TEST_18.zip
[2026-07-10 01:20:22] [INFO] Subiendo: ERP_TEST_19.zip
[2026-07-10 01:20:22] [INFO] Subiendo: ERP_TEST_20.zip
[2026-07-10 01:20:22] [INFO] Subiendo: ERP_TEST_21.zip
[2026-07-10 01:20:22] [SUCCESS] Proceso finalizado.
[2026-07-10 01:20:32] [INFO] Ejecutando trabajo: ERP SQL
[2026-07-10 01:20:32] [INFO] === Backup Center iniciado ===
[2026-07-10 01:20:32] [INFO] Subiendo: ERP_TEST.zip
[2026-07-10 01:20:32] [INFO] Subiendo: ERP_TEST_01.zip
[2026-07-10 01:20:32] [INFO] Subiendo: ERP_TEST_02.zip
[2026-07-10 01:20:32] [INFO] Subiendo: ERP_TEST_03.zip
[2026-07-10 01:20:32] [INFO] Subiendo: ERP_TEST_04.bak
[2026-07-10 01:20:32] [INFO] Subiendo: ERP_TEST_05.7z
[2026-07-10 01:20:32] [INFO] Subiendo: ERP_TEST_06.zip
[2026-07-10 01:20:32] [INFO] Subiendo: ERP_TEST_07.zip
[2026-07-10 01:20:32] [INFO] Subiendo: ERP_TEST_08.zip
[2026-07-10 01:20:32] [INFO] Subiendo: ERP_TEST_09.bak
[2026-07-10 01:20:32] [INFO] Subiendo: ERP_TEST_10.7z
[2026-07-10 01:20:32] [INFO] Subiendo: ERP_TEST_11.zip
[2026-07-10 01:20:32] [INFO] Subiendo: ERP_TEST_13.zip
[2026-07-10 01:20:32] [INFO] Subiendo: ERP_TEST_14.zip
[2026-07-10 01:20:32] [INFO] Subiendo: ERP_TEST_15.zip
[2026-07-10 01:20:32] [INFO] Subiendo: ERP_TEST_16.zip
[2026-07-10 01:20:32] [INFO] Subiendo: ERP_TEST_17.zip
[2026-07-10 01:20:32] [INFO] Subiendo: ERP_TEST_18.zip
[2026-07-10 01:20:32] [INFO] Subiendo: ERP_TEST_19.zip
[2026-07-10 01:20:32] [INFO] Subiendo: ERP_TEST_20.zip
[2026-07-10 01:20:32] [INFO] Subiendo: ERP_TEST_21.zip
[2026-07-10 01:20:32] [SUCCESS] Proceso finalizado.
[2026-07-10 01:20:42] [INFO] Ejecutando trabajo: ERP SQL
[2026-07-10 01:20:42] [INFO] === Backup Center iniciado ===
[2026-07-10 01:20:42] [INFO] Subiendo: ERP_TEST.zip
[2026-07-10 01:20:42] [INFO] Subiendo: ERP_TEST_01.zip
[2026-07-10 01:20:42] [INFO] Subiendo: ERP_TEST_02.zip
[2026-07-10 01:20:42] [INFO] Subiendo: ERP_TEST_03.zip
[2026-07-10 01:20:42] [INFO] Subiendo: ERP_TEST_04.bak
[2026-07-10 01:20:42] [INFO] Subiendo: ERP_TEST_05.7z
[2026-07-10 01:20:42] [INFO] Subiendo: ERP_TEST_06.zip
[2026-07-10 01:20:42] [INFO] Subiendo: ERP_TEST_07.zip
[2026-07-10 01:20:42] [INFO] Subiendo: ERP_TEST_08.zip
[2026-07-10 01:20:42] [INFO] Subiendo: ERP_TEST_09.bak
[2026-07-10 01:20:42] [INFO] Subiendo: ERP_TEST_10.7z
[2026-07-10 01:20:42] [INFO] Subiendo: ERP_TEST_11.zip
[2026-07-10 01:20:42] [INFO] Subiendo: ERP_TEST_13.zip
[2026-07-10 01:20:42] [INFO] Subiendo: ERP_TEST_14.zip
[2026-07-10 01:20:42] [INFO] Subiendo: ERP_TEST_15.zip
[2026-07-10 01:20:42] [INFO] Subiendo: ERP_TEST_16.zip
[2026-07-10 01:20:42] [INFO] Subiendo: ERP_TEST_17.zip
[2026-07-10 01:20:42] [INFO] Subiendo: ERP_TEST_18.zip
[2026-07-10 01:20:42] [INFO] Subiendo: ERP_TEST_19.zip
[2026-07-10 01:20:42] [INFO] Subiendo: ERP_TEST_20.zip
[2026-07-10 01:20:42] [INFO] Subiendo: ERP_TEST_21.zip
[2026-07-10 01:20:42] [SUCCESS] Proceso finalizado.
[2026-07-10 01:20:52] [INFO] Ejecutando trabajo: ERP SQL
[2026-07-10 01:20:52] [INFO] === Backup Center iniciado ===
[2026-07-10 01:20:52] [INFO] Subiendo: ERP_TEST.zip
[2026-07-10 01:20:52] [INFO] Subiendo: ERP_TEST_01.zip
[2026-07-10 01:20:52] [INFO] Subiendo: ERP_TEST_02.zip
[2026-07-10 01:20:52] [INFO] Subiendo: ERP_TEST_03.zip
[2026-07-10 01:20:52] [INFO] Subiendo: ERP_TEST_04.bak
[2026-07-10 01:20:52] [INFO] Subiendo: ERP_TEST_05.7z
[2026-07-10 01:20:52] [INFO] Subiendo: ERP_TEST_06.zip
[2026-07-10 01:20:52] [INFO] Subiendo: ERP_TEST_07.zip
[2026-07-10 01:20:52] [INFO] Subiendo: ERP_TEST_08.zip
[2026-07-10 01:20:52] [INFO] Subiendo: ERP_TEST_09.bak
[2026-07-10 01:20:52] [INFO] Subiendo: ERP_TEST_10.7z
[2026-07-10 01:20:52] [INFO] Subiendo: ERP_TEST_11.zip
[2026-07-10 01:20:52] [INFO] Subiendo: ERP_TEST_13.zip
[2026-07-10 01:20:52] [INFO] Subiendo: ERP_TEST_14.zip
[2026-07-10 01:20:52] [INFO] Subiendo: ERP_TEST_15.zip
[2026-07-10 01:20:52] [INFO] Subiendo: ERP_TEST_16.zip
[2026-07-10 01:20:52] [INFO] Subiendo: ERP_TEST_17.zip
[2026-07-10 01:20:52] [INFO] Subiendo: ERP_TEST_18.zip
[2026-07-10 01:20:52] [INFO] Subiendo: ERP_TEST_19.zip
[2026-07-10 01:20:52] [INFO] Subiendo: ERP_TEST_20.zip
[2026-07-10 01:20:52] [INFO] Subiendo: ERP_TEST_21.zip
[2026-07-10 01:20:52] [SUCCESS] Proceso finalizado.
[2026-07-10 01:21:02] [INFO] Ejecutando trabajo: ERP SQL
[2026-07-10 01:21:02] [INFO] === Backup Center iniciado ===
[2026-07-10 01:21:02] [INFO] Subiendo: ERP_TEST.zip
[2026-07-10 01:21:02] [INFO] Subiendo: ERP_TEST_01.zip
[2026-07-10 01:21:02] [INFO] Subiendo: ERP_TEST_02.zip
[2026-07-10 01:21:02] [INFO] Subiendo: ERP_TEST_03.zip
[2026-07-10 01:21:02] [INFO] Subiendo: ERP_TEST_04.bak
[2026-07-10 01:21:02] [INFO] Subiendo: ERP_TEST_05.7z
[2026-07-10 01:21:02] [INFO] Subiendo: ERP_TEST_06.zip
[2026-07-10 01:21:02] [INFO] Subiendo: ERP_TEST_07.zip
[2026-07-10 01:21:02] [INFO] Subiendo: ERP_TEST_08.zip
[2026-07-10 01:21:02] [INFO] Subiendo: ERP_TEST_09.bak
[2026-07-10 01:21:02] [INFO] Subiendo: ERP_TEST_10.7z
[2026-07-10 01:21:02] [INFO] Subiendo: ERP_TEST_11.zip
[2026-07-10 01:21:02] [INFO] Subiendo: ERP_TEST_13.zip
[2026-07-10 01:21:02] [INFO] Subiendo: ERP_TEST_14.zip
[2026-07-10 01:21:02] [INFO] Subiendo: ERP_TEST_15.zip
[2026-07-10 01:21:02] [INFO] Subiendo: ERP_TEST_16.zip
[2026-07-10 01:21:02] [INFO] Subiendo: ERP_TEST_17.zip
[2026-07-10 01:21:02] [INFO] Subiendo: ERP_TEST_18.zip
[2026-07-10 01:21:02] [INFO] Subiendo: ERP_TEST_19.zip
[2026-07-10 01:21:02] [INFO] Subiendo: ERP_TEST_20.zip
[2026-07-10 01:21:02] [INFO] Subiendo: ERP_TEST_21.zip
[2026-07-10 01:21:02] [SUCCESS] Proceso finalizado.
[2026-07-10 01:21:12] [INFO] Ejecutando trabajo: ERP SQL
[2026-07-10 01:21:12] [INFO] === Backup Center iniciado ===
[2026-07-10 01:21:12] [INFO] Subiendo: ERP_TEST.zip
[2026-07-10 01:21:12] [INFO] Subiendo: ERP_TEST_01.zip
[2026-07-10 01:21:12] [INFO] Subiendo: ERP_TEST_02.zip
[2026-07-10 01:21:12] [INFO] Subiendo: ERP_TEST_03.zip
[2026-07-10 01:21:12] [INFO] Subiendo: ERP_TEST_04.bak
[2026-07-10 01:21:12] [INFO] Subiendo: ERP_TEST_05.7z
[2026-07-10 01:21:12] [INFO] Subiendo: ERP_TEST_06.zip
[2026-07-10 01:21:12] [INFO] Subiendo: ERP_TEST_07.zip
[2026-07-10 01:21:12] [INFO] Subiendo: ERP_TEST_08.zip
[2026-07-10 01:21:12] [INFO] Subiendo: ERP_TEST_09.bak
[2026-07-10 01:21:12] [INFO] Subiendo: ERP_TEST_10.7z
[2026-07-10 01:21:12] [INFO] Subiendo: ERP_TEST_11.zip
[2026-07-10 01:21:12] [INFO] Subiendo: ERP_TEST_13.zip
[2026-07-10 01:21:12] [INFO] Subiendo: ERP_TEST_14.zip
[2026-07-10 01:21:12] [INFO] Subiendo: ERP_TEST_15.zip
[2026-07-10 01:21:12] [INFO] Subiendo: ERP_TEST_16.zip
[2026-07-10 01:21:12] [INFO] Subiendo: ERP_TEST_17.zip
[2026-07-10 01:21:12] [INFO] Subiendo: ERP_TEST_18.zip
[2026-07-10 01:21:12] [INFO] Subiendo: ERP_TEST_19.zip
[2026-07-10 01:21:12] [INFO] Subiendo: ERP_TEST_20.zip
[2026-07-10 01:21:12] [INFO] Subiendo: ERP_TEST_21.zip
[2026-07-10 01:21:12] [SUCCESS] Proceso finalizado.
[2026-07-10 01:21:22] [INFO] Ejecutando trabajo: ERP SQL
[2026-07-10 01:21:22] [INFO] === Backup Center iniciado ===
[2026-07-10 01:21:22] [INFO] Subiendo: ERP_TEST.zip
[2026-07-10 01:21:22] [INFO] Subiendo: ERP_TEST_01.zip
[2026-07-10 01:21:22] [INFO] Subiendo: ERP_TEST_02.zip
[2026-07-10 01:21:22] [INFO] Subiendo: ERP_TEST_03.zip
[2026-07-10 01:21:22] [INFO] Subiendo: ERP_TEST_04.bak
[2026-07-10 01:21:22] [INFO] Subiendo: ERP_TEST_05.7z
[2026-07-10 01:21:22] [INFO] Subiendo: ERP_TEST_06.zip
[2026-07-10 01:21:22] [INFO] Subiendo: ERP_TEST_07.zip
[2026-07-10 01:21:22] [INFO] Subiendo: ERP_TEST_08.zip
[2026-07-10 01:21:22] [INFO] Subiendo: ERP_TEST_09.bak
[2026-07-10 01:21:22] [INFO] Subiendo: ERP_TEST_10.7z
[2026-07-10 01:21:22] [INFO] Subiendo: ERP_TEST_11.zip
[2026-07-10 01:21:22] [INFO] Subiendo: ERP_TEST_13.zip
[2026-07-10 01:21:22] [INFO] Subiendo: ERP_TEST_14.zip
[2026-07-10 01:21:22] [INFO] Subiendo: ERP_TEST_15.zip
[2026-07-10 01:21:22] [INFO] Subiendo: ERP_TEST_16.zip
[2026-07-10 01:21:22] [INFO] Subiendo: ERP_TEST_17.zip
[2026-07-10 01:21:22] [INFO] Subiendo: ERP_TEST_18.zip
[2026-07-10 01:21:22] [INFO] Subiendo: ERP_TEST_19.zip
[2026-07-10 01:21:22] [INFO] Subiendo: ERP_TEST_20.zip
[2026-07-10 01:21:22] [INFO] Subiendo: ERP_TEST_21.zip
[2026-07-10 01:21:22] [SUCCESS] Proceso finalizado.
[2026-07-10 01:21:32] [INFO] Ejecutando trabajo: ERP SQL
[2026-07-10 01:21:32] [INFO] === Backup Center iniciado ===
[2026-07-10 01:21:32] [INFO] Subiendo: ERP_TEST.zip
[2026-07-10 01:21:32] [INFO] Subiendo: ERP_TEST_01.zip
[2026-07-10 01:21:32] [INFO] Subiendo: ERP_TEST_02.zip
[2026-07-10 01:21:32] [INFO] Subiendo: ERP_TEST_03.zip
[2026-07-10 01:21:32] [INFO] Subiendo: ERP_TEST_04.bak
[2026-07-10 01:21:32] [INFO] Subiendo: ERP_TEST_05.7z
[2026-07-10 01:21:32] [INFO] Subiendo: ERP_TEST_06.zip
[2026-07-10 01:21:32] [INFO] Subiendo: ERP_TEST_07.zip
[2026-07-10 01:21:32] [INFO] Subiendo: ERP_TEST_08.zip
[2026-07-10 01:21:32] [INFO] Subiendo: ERP_TEST_09.bak
[2026-07-10 01:21:32] [INFO] Subiendo: ERP_TEST_10.7z
[2026-07-10 01:21:32] [INFO] Subiendo: ERP_TEST_11.zip
[2026-07-10 01:21:32] [INFO] Subiendo: ERP_TEST_13.zip
[2026-07-10 01:21:32] [INFO] Subiendo: ERP_TEST_14.zip
[2026-07-10 01:21:32] [INFO] Subiendo: ERP_TEST_15.zip
[2026-07-10 01:21:32] [INFO] Subiendo: ERP_TEST_16.zip
[2026-07-10 01:21:32] [INFO] Subiendo: ERP_TEST_17.zip
[2026-07-10 01:21:32] [INFO] Subiendo: ERP_TEST_18.zip
[2026-07-10 01:21:32] [INFO] Subiendo: ERP_TEST_19.zip
[2026-07-10 01:21:32] [INFO] Subiendo: ERP_TEST_20.zip
[2026-07-10 01:21:32] [INFO] Subiendo: ERP_TEST_21.zip
[2026-07-10 01:21:32] [SUCCESS] Proceso finalizado.
[2026-07-10 01:21:42] [INFO] Ejecutando trabajo: ERP SQL
[2026-07-10 01:21:42] [INFO] === Backup Center iniciado ===
[2026-07-10 01:21:42] [INFO] Subiendo: ERP_TEST.zip
[2026-07-10 01:21:42] [INFO] Subiendo: ERP_TEST_01.zip
[2026-07-10 01:21:42] [INFO] Subiendo: ERP_TEST_02.zip
[2026-07-10 01:21:42] [INFO] Subiendo: ERP_TEST_03.zip
[2026-07-10 01:21:42] [INFO] Subiendo: ERP_TEST_04.bak
[2026-07-10 01:21:42] [INFO] Subiendo: ERP_TEST_05.7z
[2026-07-10 01:21:42] [INFO] Subiendo: ERP_TEST_06.zip
[2026-07-10 01:21:42] [INFO] Subiendo: ERP_TEST_07.zip
[2026-07-10 01:21:42] [INFO] Subiendo: ERP_TEST_08.zip
[2026-07-10 01:21:42] [INFO] Subiendo: ERP_TEST_09.bak
[2026-07-10 01:21:42] [INFO] Subiendo: ERP_TEST_10.7z
[2026-07-10 01:21:42] [INFO] Subiendo: ERP_TEST_11.zip
[2026-07-10 01:21:42] [INFO] Subiendo: ERP_TEST_13.zip
[2026-07-10 01:21:42] [INFO] Subiendo: ERP_TEST_14.zip
[2026-07-10 01:21:42] [INFO] Subiendo: ERP_TEST_15.zip
[2026-07-10 01:21:42] [INFO] Subiendo: ERP_TEST_16.zip
[2026-07-10 01:21:42] [INFO] Subiendo: ERP_TEST_17.zip
[2026-07-10 01:21:42] [INFO] Subiendo: ERP_TEST_18.zip
[2026-07-10 01:21:42] [INFO] Subiendo: ERP_TEST_19.zip
[2026-07-10 01:21:42] [INFO] Subiendo: ERP_TEST_20.zip
[2026-07-10 01:21:42] [INFO] Subiendo: ERP_TEST_21.zip
[2026-07-10 01:21:42] [SUCCESS] Proceso finalizado.
[2026-07-10 01:21:52] [INFO] Ejecutando trabajo: ERP SQL
[2026-07-10 01:21:52] [INFO] === Backup Center iniciado ===
[2026-07-10 01:21:52] [INFO] Subiendo: ERP_TEST.zip
[2026-07-10 01:21:52] [INFO] Subiendo: ERP_TEST_01.zip
[2026-07-10 01:21:52] [INFO] Subiendo: ERP_TEST_02.zip
[2026-07-10 01:21:52] [INFO] Subiendo: ERP_TEST_03.zip
[2026-07-10 01:21:52] [INFO] Subiendo: ERP_TEST_04.bak
[2026-07-10 01:21:52] [INFO] Subiendo: ERP_TEST_05.7z
[2026-07-10 01:21:52] [INFO] Subiendo: ERP_TEST_06.zip
[2026-07-10 01:21:52] [INFO] Subiendo: ERP_TEST_07.zip
[2026-07-10 01:21:52] [INFO] Subiendo: ERP_TEST_08.zip
[2026-07-10 01:21:52] [INFO] Subiendo: ERP_TEST_09.bak
[2026-07-10 01:21:52] [INFO] Subiendo: ERP_TEST_10.7z
[2026-07-10 01:21:52] [INFO] Subiendo: ERP_TEST_11.zip
[2026-07-10 01:21:52] [INFO] Subiendo: ERP_TEST_13.zip
[2026-07-10 01:21:52] [INFO] Subiendo: ERP_TEST_14.zip
[2026-07-10 01:21:52] [INFO] Subiendo: ERP_TEST_15.zip
[2026-07-10 01:21:52] [INFO] Subiendo: ERP_TEST_16.zip
[2026-07-10 01:21:52] [INFO] Subiendo: ERP_TEST_17.zip
[2026-07-10 01:21:52] [INFO] Subiendo: ERP_TEST_18.zip
[2026-07-10 01:21:52] [INFO] Subiendo: ERP_TEST_19.zip
[2026-07-10 01:21:52] [INFO] Subiendo: ERP_TEST_20.zip
[2026-07-10 01:21:52] [INFO] Subiendo: ERP_TEST_21.zip
[2026-07-10 01:21:52] [SUCCESS] Proceso finalizado.
[2026-07-10 01:22:00] [INFO] Ejecutando trabajo: ERP SQL
[2026-07-10 01:22:00] [INFO] === Backup Center iniciado ===
[2026-07-10 01:22:00] [INFO] Subiendo: ERP_TEST.zip
[2026-07-10 01:22:00] [INFO] Subiendo: ERP_TEST_01.zip
[2026-07-10 01:22:00] [INFO] Subiendo: ERP_TEST_02.zip
[2026-07-10 01:22:00] [INFO] Subiendo: ERP_TEST_03.zip
[2026-07-10 01:22:00] [INFO] Subiendo: ERP_TEST_04.bak
[2026-07-10 01:22:00] [INFO] Subiendo: ERP_TEST_05.7z
[2026-07-10 01:22:00] [INFO] Subiendo: ERP_TEST_06.zip
[2026-07-10 01:22:00] [INFO] Subiendo: ERP_TEST_07.zip
[2026-07-10 01:22:00] [INFO] Subiendo: ERP_TEST_08.zip
[2026-07-10 01:22:00] [INFO] Subiendo: ERP_TEST_09.bak
[2026-07-10 01:22:00] [INFO] Subiendo: ERP_TEST_10.7z
[2026-07-10 01:22:00] [INFO] Subiendo: ERP_TEST_11.zip
[2026-07-10 01:22:00] [INFO] Subiendo: ERP_TEST_13.zip
[2026-07-10 01:22:00] [INFO] Subiendo: ERP_TEST_14.zip
[2026-07-10 01:22:00] [INFO] Subiendo: ERP_TEST_15.zip
[2026-07-10 01:22:00] [INFO] Subiendo: ERP_TEST_16.zip
[2026-07-10 01:22:00] [INFO] Subiendo: ERP_TEST_17.zip
[2026-07-10 01:22:00] [INFO] Subiendo: ERP_TEST_18.zip
[2026-07-10 01:22:00] [INFO] Subiendo: ERP_TEST_19.zip
[2026-07-10 01:22:00] [INFO] Subiendo: ERP_TEST_20.zip
[2026-07-10 01:22:00] [INFO] Subiendo: ERP_TEST_21.zip
[2026-07-10 01:22:00] [SUCCESS] Proceso finalizado.
[2026-07-10 01:22:10] [INFO] Ejecutando trabajo: ERP SQL
[2026-07-10 01:22:10] [INFO] === Backup Center iniciado ===
[2026-07-10 01:22:10] [INFO] Subiendo: ERP_TEST.zip
[2026-07-10 01:22:10] [INFO] Subiendo: ERP_TEST_01.zip
[2026-07-10 01:22:10] [INFO] Subiendo: ERP_TEST_02.zip
[2026-07-10 01:22:10] [INFO] Subiendo: ERP_TEST_03.zip
[2026-07-10 01:22:10] [INFO] Subiendo: ERP_TEST_04.bak
[2026-07-10 01:22:10] [INFO] Subiendo: ERP_TEST_05.7z
[2026-07-10 01:22:10] [INFO] Subiendo: ERP_TEST_06.zip
[2026-07-10 01:22:10] [INFO] Subiendo: ERP_TEST_07.zip
[2026-07-10 01:22:10] [INFO] Subiendo: ERP_TEST_08.zip
[2026-07-10 01:22:10] [INFO] Subiendo: ERP_TEST_09.bak
[2026-07-10 01:22:10] [INFO] Subiendo: ERP_TEST_10.7z
[2026-07-10 01:22:10] [INFO] Subiendo: ERP_TEST_11.zip
[2026-07-10 01:22:10] [INFO] Subiendo: ERP_TEST_13.zip
[2026-07-10 01:22:10] [INFO] Subiendo: ERP_TEST_14.zip
[2026-07-10 01:22:10] [INFO] Subiendo: ERP_TEST_15.zip
[2026-07-10 01:22:10] [INFO] Subiendo: ERP_TEST_16.zip
[2026-07-10 01:22:10] [INFO] Subiendo: ERP_TEST_17.zip
[2026-07-10 01:22:10] [INFO] Subiendo: ERP_TEST_18.zip
[2026-07-10 01:22:10] [INFO] Subiendo: ERP_TEST_19.zip
[2026-07-10 01:22:10] [INFO] Subiendo: ERP_TEST_20.zip
[2026-07-10 01:22:10] [INFO] Subiendo: ERP_TEST_21.zip
[2026-07-10 01:22:11] [SUCCESS] Proceso finalizado.
[2026-07-10 01:22:21] [INFO] Ejecutando trabajo: ERP SQL
[2026-07-10 01:22:21] [INFO] === Backup Center iniciado ===
[2026-07-10 01:22:21] [INFO] Subiendo: ERP_TEST.zip
[2026-07-10 01:22:21] [INFO] Subiendo: ERP_TEST_01.zip
[2026-07-10 01:22:21] [INFO] Subiendo: ERP_TEST_02.zip
[2026-07-10 01:22:21] [INFO] Subiendo: ERP_TEST_03.zip
[2026-07-10 01:22:21] [INFO] Subiendo: ERP_TEST_04.bak
[2026-07-10 01:22:21] [INFO] Subiendo: ERP_TEST_05.7z
[2026-07-10 01:22:21] [INFO] Subiendo: ERP_TEST_06.zip
[2026-07-10 01:22:21] [INFO] Subiendo: ERP_TEST_07.zip
[2026-07-10 01:22:21] [INFO] Subiendo: ERP_TEST_08.zip
[2026-07-10 01:22:21] [INFO] Subiendo: ERP_TEST_09.bak
[2026-07-10 01:22:21] [INFO] Subiendo: ERP_TEST_10.7z
[2026-07-10 01:22:21] [INFO] Subiendo: ERP_TEST_11.zip
[2026-07-10 01:22:21] [INFO] Subiendo: ERP_TEST_13.zip
[2026-07-10 01:22:21] [INFO] Subiendo: ERP_TEST_14.zip
[2026-07-10 01:22:21] [INFO] Subiendo: ERP_TEST_15.zip
[2026-07-10 01:22:21] [INFO] Subiendo: ERP_TEST_16.zip
[2026-07-10 01:22:21] [INFO] Subiendo: ERP_TEST_17.zip
[2026-07-10 01:22:21] [INFO] Subiendo: ERP_TEST_18.zip
[2026-07-10 01:22:21] [INFO] Subiendo: ERP_TEST_19.zip
[2026-07-10 01:22:21] [INFO] Subiendo: ERP_TEST_20.zip
[2026-07-10 01:22:21] [INFO] Subiendo: ERP_TEST_21.zip
[2026-07-10 01:22:21] [SUCCESS] Proceso finalizado.
[2026-07-10 01:22:31] [INFO] Ejecutando trabajo: ERP SQL
[2026-07-10 01:22:31] [INFO] === Backup Center iniciado ===
[2026-07-10 01:22:31] [INFO] Subiendo: ERP_TEST.zip
[2026-07-10 01:22:31] [INFO] Subiendo: ERP_TEST_01.zip
[2026-07-10 01:22:31] [INFO] Subiendo: ERP_TEST_02.zip
[2026-07-10 01:22:31] [INFO] Subiendo: ERP_TEST_03.zip
[2026-07-10 01:22:31] [INFO] Subiendo: ERP_TEST_04.bak
[2026-07-10 01:22:31] [INFO] Subiendo: ERP_TEST_05.7z
[2026-07-10 01:22:31] [INFO] Subiendo: ERP_TEST_06.zip
[2026-07-10 01:22:31] [INFO] Subiendo: ERP_TEST_07.zip
[2026-07-10 01:22:31] [INFO] Subiendo: ERP_TEST_08.zip
[2026-07-10 01:22:31] [INFO] Subiendo: ERP_TEST_09.bak
[2026-07-10 01:22:31] [INFO] Subiendo: ERP_TEST_10.7z
[2026-07-10 01:22:31] [INFO] Subiendo: ERP_TEST_11.zip
[2026-07-10 01:22:31] [INFO] Subiendo: ERP_TEST_13.zip
[2026-07-10 01:22:31] [INFO] Subiendo: ERP_TEST_14.zip
[2026-07-10 01:22:31] [INFO] Subiendo: ERP_TEST_15.zip
[2026-07-10 01:22:31] [INFO] Subiendo: ERP_TEST_16.zip
[2026-07-10 01:22:31] [INFO] Subiendo: ERP_TEST_17.zip
[2026-07-10 01:22:31] [INFO] Subiendo: ERP_TEST_18.zip
[2026-07-10 01:22:31] [INFO] Subiendo: ERP_TEST_19.zip
[2026-07-10 01:22:31] [INFO] Subiendo: ERP_TEST_20.zip
[2026-07-10 01:22:31] [INFO] Subiendo: ERP_TEST_21.zip
[2026-07-10 01:22:31] [SUCCESS] Proceso finalizado.
[2026-07-10 01:22:41] [INFO] Ejecutando trabajo: ERP SQL
[2026-07-10 01:22:41] [INFO] === Backup Center iniciado ===
[2026-07-10 01:22:41] [INFO] Subiendo: ERP_TEST.zip
[2026-07-10 01:22:41] [INFO] Subiendo: ERP_TEST_01.zip
[2026-07-10 01:22:41] [INFO] Subiendo: ERP_TEST_02.zip
[2026-07-10 01:22:41] [INFO] Subiendo: ERP_TEST_03.zip
[2026-07-10 01:22:41] [INFO] Subiendo: ERP_TEST_04.bak
[2026-07-10 01:22:41] [INFO] Subiendo: ERP_TEST_05.7z
[2026-07-10 01:22:41] [INFO] Subiendo: ERP_TEST_06.zip
[2026-07-10 01:22:41] [INFO] Subiendo: ERP_TEST_07.zip
[2026-07-10 01:22:41] [INFO] Subiendo: ERP_TEST_08.zip
[2026-07-10 01:22:41] [INFO] Subiendo: ERP_TEST_09.bak
[2026-07-10 01:22:41] [INFO] Subiendo: ERP_TEST_10.7z
[2026-07-10 01:22:41] [INFO] Subiendo: ERP_TEST_11.zip
[2026-07-10 01:22:41] [INFO] Subiendo: ERP_TEST_13.zip
[2026-07-10 01:22:41] [INFO] Subiendo: ERP_TEST_14.zip
[2026-07-10 01:22:41] [INFO] Subiendo: ERP_TEST_15.zip
[2026-07-10 01:22:41] [INFO] Subiendo: ERP_TEST_16.zip
[2026-07-10 01:22:41] [INFO] Subiendo: ERP_TEST_17.zip
[2026-07-10 01:22:41] [INFO] Subiendo: ERP_TEST_18.zip
[2026-07-10 01:22:41] [INFO] Subiendo: ERP_TEST_19.zip
[2026-07-10 01:22:41] [INFO] Subiendo: ERP_TEST_20.zip
[2026-07-10 01:22:41] [INFO] Subiendo: ERP_TEST_21.zip
[2026-07-10 01:22:41] [SUCCESS] Proceso finalizado.
[2026-07-10 01:22:51] [INFO] Ejecutando trabajo: ERP SQL
[2026-07-10 01:22:51] [INFO] === Backup Center iniciado ===
[2026-07-10 01:22:51] [INFO] Subiendo: ERP_TEST.zip
[2026-07-10 01:22:51] [INFO] Subiendo: ERP_TEST_01.zip
[2026-07-10 01:22:51] [INFO] Subiendo: ERP_TEST_02.zip
[2026-07-10 01:22:51] [INFO] Subiendo: ERP_TEST_03.zip
[2026-07-10 01:22:51] [INFO] Subiendo: ERP_TEST_04.bak
[2026-07-10 01:22:51] [INFO] Subiendo: ERP_TEST_05.7z
[2026-07-10 01:22:51] [INFO] Subiendo: ERP_TEST_06.zip
[2026-07-10 01:22:51] [INFO] Subiendo: ERP_TEST_07.zip
[2026-07-10 01:22:51] [INFO] Subiendo: ERP_TEST_08.zip
[2026-07-10 01:22:51] [INFO] Subiendo: ERP_TEST_09.bak
[2026-07-10 01:22:51] [INFO] Subiendo: ERP_TEST_10.7z
[2026-07-10 01:22:51] [INFO] Subiendo: ERP_TEST_11.zip
[2026-07-10 01:22:51] [INFO] Subiendo: ERP_TEST_13.zip
[2026-07-10 01:22:51] [INFO] Subiendo: ERP_TEST_14.zip
[2026-07-10 01:22:51] [INFO] Subiendo: ERP_TEST_15.zip
[2026-07-10 01:22:51] [INFO] Subiendo: ERP_TEST_16.zip
[2026-07-10 01:22:51] [INFO] Subiendo: ERP_TEST_17.zip
[2026-07-10 01:22:51] [INFO] Subiendo: ERP_TEST_18.zip
[2026-07-10 01:22:51] [INFO] Subiendo: ERP_TEST_19.zip
[2026-07-10 01:22:51] [INFO] Subiendo: ERP_TEST_20.zip
[2026-07-10 01:22:51] [INFO] Subiendo: ERP_TEST_21.zip
[2026-07-10 01:22:51] [SUCCESS] Proceso finalizado.
[2026-07-10 01:23:01] [INFO] Ejecutando trabajo: ERP SQL
[2026-07-10 01:23:01] [INFO] === Backup Center iniciado ===
[2026-07-10 01:23:01] [INFO] Subiendo: ERP_TEST.zip
[2026-07-10 01:23:01] [INFO] Subiendo: ERP_TEST_01.zip
[2026-07-10 01:23:01] [INFO] Subiendo: ERP_TEST_02.zip
[2026-07-10 01:23:01] [INFO] Subiendo: ERP_TEST_03.zip
[2026-07-10 01:23:01] [INFO] Subiendo: ERP_TEST_04.bak
[2026-07-10 01:23:01] [INFO] Subiendo: ERP_TEST_05.7z
[2026-07-10 01:23:01] [INFO] Subiendo: ERP_TEST_06.zip
[2026-07-10 01:23:01] [INFO] Subiendo: ERP_TEST_07.zip
[2026-07-10 01:23:01] [INFO] Subiendo: ERP_TEST_08.zip
[2026-07-10 01:23:01] [INFO] Subiendo: ERP_TEST_09.bak
[2026-07-10 01:23:01] [INFO] Subiendo: ERP_TEST_10.7z
[2026-07-10 01:23:01] [INFO] Subiendo: ERP_TEST_11.zip
[2026-07-10 01:23:01] [INFO] Subiendo: ERP_TEST_13.zip
[2026-07-10 01:23:01] [INFO] Subiendo: ERP_TEST_14.zip
[2026-07-10 01:23:01] [INFO] Subiendo: ERP_TEST_15.zip
[2026-07-10 01:23:01] [INFO] Subiendo: ERP_TEST_16.zip
[2026-07-10 01:23:01] [INFO] Subiendo: ERP_TEST_17.zip
[2026-07-10 01:23:01] [INFO] Subiendo: ERP_TEST_18.zip
[2026-07-10 01:23:01] [INFO] Subiendo: ERP_TEST_19.zip
[2026-07-10 01:23:01] [INFO] Subiendo: ERP_TEST_20.zip
[2026-07-10 01:23:01] [INFO] Subiendo: ERP_TEST_21.zip
[2026-07-10 01:23:01] [SUCCESS] Proceso finalizado.
[2026-07-10 01:23:11] [INFO] Ejecutando trabajo: ERP SQL
[2026-07-10 01:23:11] [INFO] === Backup Center iniciado ===
[2026-07-10 01:23:11] [INFO] Subiendo: ERP_TEST.zip
[2026-07-10 01:23:11] [INFO] Subiendo: ERP_TEST_01.zip
[2026-07-10 01:23:11] [INFO] Subiendo: ERP_TEST_02.zip
[2026-07-10 01:23:11] [INFO] Subiendo: ERP_TEST_03.zip
[2026-07-10 01:23:11] [INFO] Subiendo: ERP_TEST_04.bak
[2026-07-10 01:23:11] [INFO] Subiendo: ERP_TEST_05.7z
[2026-07-10 01:23:11] [INFO] Subiendo: ERP_TEST_06.zip
[2026-07-10 01:23:11] [INFO] Subiendo: ERP_TEST_07.zip
[2026-07-10 01:23:11] [INFO] Subiendo: ERP_TEST_08.zip
[2026-07-10 01:23:11] [INFO] Subiendo: ERP_TEST_09.bak
[2026-07-10 01:23:11] [INFO] Subiendo: ERP_TEST_10.7z
[2026-07-10 01:23:11] [INFO] Subiendo: ERP_TEST_11.zip
[2026-07-10 01:23:11] [INFO] Subiendo: ERP_TEST_13.zip
[2026-07-10 01:23:11] [INFO] Subiendo: ERP_TEST_14.zip
[2026-07-10 01:23:11] [INFO] Subiendo: ERP_TEST_15.zip
[2026-07-10 01:23:11] [INFO] Subiendo: ERP_TEST_16.zip
[2026-07-10 01:23:11] [INFO] Subiendo: ERP_TEST_17.zip
[2026-07-10 01:23:11] [INFO] Subiendo: ERP_TEST_18.zip
[2026-07-10 01:23:11] [INFO] Subiendo: ERP_TEST_19.zip
[2026-07-10 01:23:11] [INFO] Subiendo: ERP_TEST_20.zip
[2026-07-10 01:23:11] [INFO] Subiendo: ERP_TEST_21.zip
[2026-07-10 01:23:11] [SUCCESS] Proceso finalizado.
[2026-07-10 01:23:21] [INFO] Ejecutando trabajo: ERP SQL
[2026-07-10 01:23:21] [INFO] === Backup Center iniciado ===
[2026-07-10 01:23:21] [INFO] Subiendo: ERP_TEST.zip
[2026-07-10 01:23:21] [INFO] Subiendo: ERP_TEST_01.zip
[2026-07-10 01:23:21] [INFO] Subiendo: ERP_TEST_02.zip
[2026-07-10 01:23:21] [INFO] Subiendo: ERP_TEST_03.zip
[2026-07-10 01:23:21] [INFO] Subiendo: ERP_TEST_04.bak
[2026-07-10 01:23:21] [INFO] Subiendo: ERP_TEST_05.7z
[2026-07-10 01:23:21] [INFO] Subiendo: ERP_TEST_06.zip
[2026-07-10 01:23:21] [INFO] Subiendo: ERP_TEST_07.zip
[2026-07-10 01:23:21] [INFO] Subiendo: ERP_TEST_08.zip
[2026-07-10 01:23:21] [INFO] Subiendo: ERP_TEST_09.bak
[2026-07-10 01:23:21] [INFO] Subiendo: ERP_TEST_10.7z
[2026-07-10 01:23:21] [INFO] Subiendo: ERP_TEST_11.zip
[2026-07-10 01:23:21] [INFO] Subiendo: ERP_TEST_13.zip
[2026-07-10 01:23:21] [INFO] Subiendo: ERP_TEST_14.zip
[2026-07-10 01:23:21] [INFO] Subiendo: ERP_TEST_15.zip
[2026-07-10 01:23:21] [INFO] Subiendo: ERP_TEST_16.zip
[2026-07-10 01:23:21] [INFO] Subiendo: ERP_TEST_17.zip
[2026-07-10 01:23:21] [INFO] Subiendo: ERP_TEST_18.zip
[2026-07-10 01:23:21] [INFO] Subiendo: ERP_TEST_19.zip
[2026-07-10 01:23:21] [INFO] Subiendo: ERP_TEST_20.zip
[2026-07-10 01:23:21] [INFO] Subiendo: ERP_TEST_21.zip
[2026-07-10 01:23:21] [SUCCESS] Proceso finalizado.
[2026-07-10 01:23:31] [INFO] Ejecutando trabajo: ERP SQL
[2026-07-10 01:23:31] [INFO] === Backup Center iniciado ===
[2026-07-10 01:23:31] [INFO] Subiendo: ERP_TEST.zip
[2026-07-10 01:23:31] [INFO] Subiendo: ERP_TEST_01.zip
[2026-07-10 01:23:31] [INFO] Subiendo: ERP_TEST_02.zip
[2026-07-10 01:23:31] [INFO] Subiendo: ERP_TEST_03.zip
[2026-07-10 01:23:31] [INFO] Subiendo: ERP_TEST_04.bak
[2026-07-10 01:23:31] [INFO] Subiendo: ERP_TEST_05.7z
[2026-07-10 01:23:31] [INFO] Subiendo: ERP_TEST_06.zip
[2026-07-10 01:23:31] [INFO] Subiendo: ERP_TEST_07.zip
[2026-07-10 01:23:31] [INFO] Subiendo: ERP_TEST_08.zip
[2026-07-10 01:23:31] [INFO] Subiendo: ERP_TEST_09.bak
[2026-07-10 01:23:31] [INFO] Subiendo: ERP_TEST_10.7z
[2026-07-10 01:23:31] [INFO] Subiendo: ERP_TEST_11.zip
[2026-07-10 01:23:31] [INFO] Subiendo: ERP_TEST_13.zip
[2026-07-10 01:23:31] [INFO] Subiendo: ERP_TEST_14.zip
[2026-07-10 01:23:31] [INFO] Subiendo: ERP_TEST_15.zip
[2026-07-10 01:23:31] [INFO] Subiendo: ERP_TEST_16.zip
[2026-07-10 01:23:31] [INFO] Subiendo: ERP_TEST_17.zip
[2026-07-10 01:23:31] [INFO] Subiendo: ERP_TEST_18.zip
[2026-07-10 01:23:31] [INFO] Subiendo: ERP_TEST_19.zip
[2026-07-10 01:23:31] [INFO] Subiendo: ERP_TEST_20.zip
[2026-07-10 01:23:31] [INFO] Subiendo: ERP_TEST_21.zip
[2026-07-10 01:23:32] [SUCCESS] Proceso finalizado.
[2026-07-10 01:23:42] [INFO] Ejecutando trabajo: ERP SQL
[2026-07-10 01:23:42] [INFO] === Backup Center iniciado ===
[2026-07-10 01:23:42] [INFO] Subiendo: ERP_TEST.zip
[2026-07-10 01:23:42] [INFO] Subiendo: ERP_TEST_01.zip
[2026-07-10 01:23:42] [INFO] Subiendo: ERP_TEST_02.zip
[2026-07-10 01:23:42] [INFO] Subiendo: ERP_TEST_03.zip
[2026-07-10 01:23:42] [INFO] Subiendo: ERP_TEST_04.bak
[2026-07-10 01:23:42] [INFO] Subiendo: ERP_TEST_05.7z
[2026-07-10 01:23:42] [INFO] Subiendo: ERP_TEST_06.zip
[2026-07-10 01:23:42] [INFO] Subiendo: ERP_TEST_07.zip
[2026-07-10 01:23:42] [INFO] Subiendo: ERP_TEST_08.zip
[2026-07-10 01:23:42] [INFO] Subiendo: ERP_TEST_09.bak
[2026-07-10 01:23:42] [INFO] Subiendo: ERP_TEST_10.7z
[2026-07-10 01:23:42] [INFO] Subiendo: ERP_TEST_11.zip
[2026-07-10 01:23:42] [INFO] Subiendo: ERP_TEST_13.zip
[2026-07-10 01:23:42] [INFO] Subiendo: ERP_TEST_14.zip
[2026-07-10 01:23:42] [INFO] Subiendo: ERP_TEST_15.zip
[2026-07-10 01:23:42] [INFO] Subiendo: ERP_TEST_16.zip
[2026-07-10 01:23:42] [INFO] Subiendo: ERP_TEST_17.zip
[2026-07-10 01:23:42] [INFO] Subiendo: ERP_TEST_18.zip
[2026-07-10 01:23:42] [INFO] Subiendo: ERP_TEST_19.zip
[2026-07-10 01:23:42] [INFO] Subiendo: ERP_TEST_20.zip
[2026-07-10 01:23:42] [INFO] Subiendo: ERP_TEST_21.zip
[2026-07-10 01:23:42] [SUCCESS] Proceso finalizado.
[2026-07-10 01:23:52] [INFO] Ejecutando trabajo: ERP SQL
[2026-07-10 01:23:52] [INFO] === Backup Center iniciado ===
[2026-07-10 01:23:52] [INFO] Subiendo: ERP_TEST.zip
[2026-07-10 01:23:52] [INFO] Subiendo: ERP_TEST_01.zip
[2026-07-10 01:23:52] [INFO] Subiendo: ERP_TEST_02.zip
[2026-07-10 01:23:52] [INFO] Subiendo: ERP_TEST_03.zip
[2026-07-10 01:23:52] [INFO] Subiendo: ERP_TEST_04.bak
[2026-07-10 01:23:52] [INFO] Subiendo: ERP_TEST_05.7z
[2026-07-10 01:23:52] [INFO] Subiendo: ERP_TEST_06.zip
[2026-07-10 01:23:52] [INFO] Subiendo: ERP_TEST_07.zip
[2026-07-10 01:23:52] [INFO] Subiendo: ERP_TEST_08.zip
[2026-07-10 01:23:52] [INFO] Subiendo: ERP_TEST_09.bak
[2026-07-10 01:23:52] [INFO] Subiendo: ERP_TEST_10.7z
[2026-07-10 01:23:52] [INFO] Subiendo: ERP_TEST_11.zip
[2026-07-10 01:23:52] [INFO] Subiendo: ERP_TEST_13.zip
[2026-07-10 01:23:52] [INFO] Subiendo: ERP_TEST_14.zip
[2026-07-10 01:23:52] [INFO] Subiendo: ERP_TEST_15.zip
[2026-07-10 01:23:52] [INFO] Subiendo: ERP_TEST_16.zip
[2026-07-10 01:23:52] [INFO] Subiendo: ERP_TEST_17.zip
[2026-07-10 01:23:52] [INFO] Subiendo: ERP_TEST_18.zip
[2026-07-10 01:23:52] [INFO] Subiendo: ERP_TEST_19.zip
[2026-07-10 01:23:52] [INFO] Subiendo: ERP_TEST_20.zip
[2026-07-10 01:23:52] [INFO] Subiendo: ERP_TEST_21.zip
[2026-07-10 01:23:52] [SUCCESS] Proceso finalizado.
[2026-07-10 01:24:02] [INFO] Ejecutando trabajo: ERP SQL
[2026-07-10 01:24:02] [INFO] === Backup Center iniciado ===
[2026-07-10 01:24:02] [INFO] Subiendo: ERP_TEST.zip
[2026-07-10 01:24:02] [INFO] Subiendo: ERP_TEST_01.zip
[2026-07-10 01:24:02] [INFO] Subiendo: ERP_TEST_02.zip
[2026-07-10 01:24:02] [INFO] Subiendo: ERP_TEST_03.zip
[2026-07-10 01:24:02] [INFO] Subiendo: ERP_TEST_04.bak
[2026-07-10 01:24:02] [INFO] Subiendo: ERP_TEST_05.7z
[2026-07-10 01:24:02] [INFO] Subiendo: ERP_TEST_06.zip
[2026-07-10 01:24:02] [INFO] Subiendo: ERP_TEST_07.zip
[2026-07-10 01:24:02] [INFO] Subiendo: ERP_TEST_08.zip
[2026-07-10 01:24:02] [INFO] Subiendo: ERP_TEST_09.bak
[2026-07-10 01:24:02] [INFO] Subiendo: ERP_TEST_10.7z
[2026-07-10 01:24:02] [INFO] Subiendo: ERP_TEST_11.zip
[2026-07-10 01:24:02] [INFO] Subiendo: ERP_TEST_13.zip
[2026-07-10 01:24:02] [INFO] Subiendo: ERP_TEST_14.zip
[2026-07-10 01:24:02] [INFO] Subiendo: ERP_TEST_15.zip
[2026-07-10 01:24:02] [INFO] Subiendo: ERP_TEST_16.zip
[2026-07-10 01:24:02] [INFO] Subiendo: ERP_TEST_17.zip
[2026-07-10 01:24:02] [INFO] Subiendo: ERP_TEST_18.zip
[2026-07-10 01:24:02] [INFO] Subiendo: ERP_TEST_19.zip
[2026-07-10 01:24:02] [INFO] Subiendo: ERP_TEST_20.zip
[2026-07-10 01:24:02] [INFO] Subiendo: ERP_TEST_21.zip
[2026-07-10 01:24:02] [SUCCESS] Proceso finalizado.
[2026-07-10 01:24:12] [INFO] Ejecutando trabajo: ERP SQL
[2026-07-10 01:24:12] [INFO] === Backup Center iniciado ===
[2026-07-10 01:24:12] [INFO] Subiendo: ERP_TEST.zip
[2026-07-10 01:24:12] [INFO] Subiendo: ERP_TEST_01.zip
[2026-07-10 01:24:12] [INFO] Subiendo: ERP_TEST_02.zip
[2026-07-10 01:24:12] [INFO] Subiendo: ERP_TEST_03.zip
[2026-07-10 01:24:12] [INFO] Subiendo: ERP_TEST_04.bak
[2026-07-10 01:24:12] [INFO] Subiendo: ERP_TEST_05.7z
[2026-07-10 01:24:12] [INFO] Subiendo: ERP_TEST_06.zip
[2026-07-10 01:24:12] [INFO] Subiendo: ERP_TEST_07.zip
[2026-07-10 01:24:12] [INFO] Subiendo: ERP_TEST_08.zip
[2026-07-10 01:24:12] [INFO] Subiendo: ERP_TEST_09.bak
[2026-07-10 01:24:12] [INFO] Subiendo: ERP_TEST_10.7z
[2026-07-10 01:24:12] [INFO] Subiendo: ERP_TEST_11.zip
[2026-07-10 01:24:12] [INFO] Subiendo: ERP_TEST_13.zip
[2026-07-10 01:24:12] [INFO] Subiendo: ERP_TEST_14.zip
[2026-07-10 01:24:12] [INFO] Subiendo: ERP_TEST_15.zip
[2026-07-10 01:24:12] [INFO] Subiendo: ERP_TEST_16.zip
[2026-07-10 01:24:12] [INFO] Subiendo: ERP_TEST_17.zip
[2026-07-10 01:24:12] [INFO] Subiendo: ERP_TEST_18.zip
[2026-07-10 01:24:12] [INFO] Subiendo: ERP_TEST_19.zip
[2026-07-10 01:24:12] [INFO] Subiendo: ERP_TEST_20.zip
[2026-07-10 01:24:12] [INFO] Subiendo: ERP_TEST_21.zip
[2026-07-10 01:24:12] [SUCCESS] Proceso finalizado.
[2026-07-10 01:24:22] [INFO] Ejecutando trabajo: ERP SQL
[2026-07-10 01:24:22] [INFO] === Backup Center iniciado ===
[2026-07-10 01:24:22] [INFO] Subiendo: ERP_TEST.zip
[2026-07-10 01:24:22] [INFO] Subiendo: ERP_TEST_01.zip
[2026-07-10 01:24:22] [INFO] Subiendo: ERP_TEST_02.zip
[2026-07-10 01:24:22] [INFO] Subiendo: ERP_TEST_03.zip
[2026-07-10 01:24:22] [INFO] Subiendo: ERP_TEST_04.bak
[2026-07-10 01:24:22] [INFO] Subiendo: ERP_TEST_05.7z
[2026-07-10 01:24:22] [INFO] Subiendo: ERP_TEST_06.zip
[2026-07-10 01:24:22] [INFO] Subiendo: ERP_TEST_07.zip
[2026-07-10 01:24:22] [INFO] Subiendo: ERP_TEST_08.zip
[2026-07-10 01:24:22] [INFO] Subiendo: ERP_TEST_09.bak
[2026-07-10 01:24:22] [INFO] Subiendo: ERP_TEST_10.7z
[2026-07-10 01:24:22] [INFO] Subiendo: ERP_TEST_11.zip
[2026-07-10 01:24:22] [INFO] Subiendo: ERP_TEST_13.zip
[2026-07-10 01:24:22] [INFO] Subiendo: ERP_TEST_14.zip
[2026-07-10 01:24:22] [INFO] Subiendo: ERP_TEST_15.zip
[2026-07-10 01:24:22] [INFO] Subiendo: ERP_TEST_16.zip
[2026-07-10 01:24:22] [INFO] Subiendo: ERP_TEST_17.zip
[2026-07-10 01:24:22] [INFO] Subiendo: ERP_TEST_18.zip
[2026-07-10 01:24:22] [INFO] Subiendo: ERP_TEST_19.zip
[2026-07-10 01:24:22] [INFO] Subiendo: ERP_TEST_20.zip
[2026-07-10 01:24:22] [INFO] Subiendo: ERP_TEST_21.zip
[2026-07-10 01:24:22] [SUCCESS] Proceso finalizado.
[2026-07-10 01:24:32] [INFO] Ejecutando trabajo: ERP SQL
[2026-07-10 01:24:32] [INFO] === Backup Center iniciado ===
[2026-07-10 01:24:32] [INFO] Subiendo: ERP_TEST.zip
[2026-07-10 01:24:32] [INFO] Subiendo: ERP_TEST_01.zip
[2026-07-10 01:24:32] [INFO] Subiendo: ERP_TEST_02.zip
[2026-07-10 01:24:32] [INFO] Subiendo: ERP_TEST_03.zip
[2026-07-10 01:24:32] [INFO] Subiendo: ERP_TEST_04.bak
[2026-07-10 01:24:32] [INFO] Subiendo: ERP_TEST_05.7z
[2026-07-10 01:24:32] [INFO] Subiendo: ERP_TEST_06.zip
[2026-07-10 01:24:32] [INFO] Subiendo: ERP_TEST_07.zip
[2026-07-10 01:24:32] [INFO] Subiendo: ERP_TEST_08.zip
[2026-07-10 01:24:32] [INFO] Subiendo: ERP_TEST_09.bak
[2026-07-10 01:24:32] [INFO] Subiendo: ERP_TEST_10.7z
[2026-07-10 01:24:32] [INFO] Subiendo: ERP_TEST_11.zip
[2026-07-10 01:24:32] [INFO] Subiendo: ERP_TEST_13.zip
[2026-07-10 01:24:32] [INFO] Subiendo: ERP_TEST_14.zip
[2026-07-10 01:24:32] [INFO] Subiendo: ERP_TEST_15.zip
[2026-07-10 01:24:32] [INFO] Subiendo: ERP_TEST_16.zip
[2026-07-10 01:24:32] [INFO] Subiendo: ERP_TEST_17.zip
[2026-07-10 01:24:32] [INFO] Subiendo: ERP_TEST_18.zip
[2026-07-10 01:24:32] [INFO] Subiendo: ERP_TEST_19.zip
[2026-07-10 01:24:32] [INFO] Subiendo: ERP_TEST_20.zip
[2026-07-10 01:24:32] [INFO] Subiendo: ERP_TEST_21.zip
[2026-07-10 01:24:32] [SUCCESS] Proceso finalizado.
[2026-07-10 01:24:42] [INFO] Ejecutando trabajo: ERP SQL
[2026-07-10 01:24:42] [INFO] === Backup Center iniciado ===
[2026-07-10 01:24:42] [INFO] Subiendo: ERP_TEST.zip
[2026-07-10 01:24:42] [INFO] Subiendo: ERP_TEST_01.zip
[2026-07-10 01:24:42] [INFO] Subiendo: ERP_TEST_02.zip
[2026-07-10 01:24:42] [INFO] Subiendo: ERP_TEST_03.zip
[2026-07-10 01:24:42] [INFO] Subiendo: ERP_TEST_04.bak
[2026-07-10 01:24:42] [INFO] Subiendo: ERP_TEST_05.7z
[2026-07-10 01:24:42] [INFO] Subiendo: ERP_TEST_06.zip
[2026-07-10 01:24:42] [INFO] Subiendo: ERP_TEST_07.zip
[2026-07-10 01:24:42] [INFO] Subiendo: ERP_TEST_08.zip
[2026-07-10 01:24:42] [INFO] Subiendo: ERP_TEST_09.bak
[2026-07-10 01:24:42] [INFO] Subiendo: ERP_TEST_10.7z
[2026-07-10 01:24:42] [INFO] Subiendo: ERP_TEST_11.zip
[2026-07-10 01:24:42] [INFO] Subiendo: ERP_TEST_13.zip
[2026-07-10 01:24:42] [INFO] Subiendo: ERP_TEST_14.zip
[2026-07-10 01:24:42] [INFO] Subiendo: ERP_TEST_15.zip
[2026-07-10 01:24:42] [INFO] Subiendo: ERP_TEST_16.zip
[2026-07-10 01:24:42] [INFO] Subiendo: ERP_TEST_17.zip
[2026-07-10 01:24:42] [INFO] Subiendo: ERP_TEST_18.zip
[2026-07-10 01:24:42] [INFO] Subiendo: ERP_TEST_19.zip
[2026-07-10 01:24:42] [INFO] Subiendo: ERP_TEST_20.zip
[2026-07-10 01:24:42] [INFO] Subiendo: ERP_TEST_21.zip
[2026-07-10 01:24:42] [SUCCESS] Proceso finalizado.
[2026-07-10 01:24:52] [INFO] Ejecutando trabajo: ERP SQL
[2026-07-10 01:24:52] [INFO] === Backup Center iniciado ===
[2026-07-10 01:24:52] [INFO] Subiendo: ERP_TEST.zip
[2026-07-10 01:24:52] [INFO] Subiendo: ERP_TEST_01.zip
[2026-07-10 01:24:52] [INFO] Subiendo: ERP_TEST_02.zip
[2026-07-10 01:24:52] [INFO] Subiendo: ERP_TEST_03.zip
[2026-07-10 01:24:52] [INFO] Subiendo: ERP_TEST_04.bak
[2026-07-10 01:24:52] [INFO] Subiendo: ERP_TEST_05.7z
[2026-07-10 01:24:52] [INFO] Subiendo: ERP_TEST_06.zip
[2026-07-10 01:24:52] [INFO] Subiendo: ERP_TEST_07.zip
[2026-07-10 01:24:52] [INFO] Subiendo: ERP_TEST_08.zip
[2026-07-10 01:24:52] [INFO] Subiendo: ERP_TEST_09.bak
[2026-07-10 01:24:52] [INFO] Subiendo: ERP_TEST_10.7z
[2026-07-10 01:24:52] [INFO] Subiendo: ERP_TEST_11.zip
[2026-07-10 01:24:52] [INFO] Subiendo: ERP_TEST_13.zip
[2026-07-10 01:24:52] [INFO] Subiendo: ERP_TEST_14.zip
[2026-07-10 01:24:52] [INFO] Subiendo: ERP_TEST_15.zip
[2026-07-10 01:24:52] [INFO] Subiendo: ERP_TEST_16.zip
[2026-07-10 01:24:52] [INFO] Subiendo: ERP_TEST_17.zip
[2026-07-10 01:24:52] [INFO] Subiendo: ERP_TEST_18.zip
[2026-07-10 01:24:52] [INFO] Subiendo: ERP_TEST_19.zip
[2026-07-10 01:24:52] [INFO] Subiendo: ERP_TEST_20.zip
[2026-07-10 01:24:52] [INFO] Subiendo: ERP_TEST_21.zip
[2026-07-10 01:24:52] [SUCCESS] Proceso finalizado.
[2026-07-10 01:25:02] [INFO] Ejecutando trabajo: ERP SQL
[2026-07-10 01:25:02] [INFO] === Backup Center iniciado ===
[2026-07-10 01:25:02] [INFO] Subiendo: ERP_TEST.zip
[2026-07-10 01:25:02] [INFO] Subiendo: ERP_TEST_01.zip
[2026-07-10 01:25:02] [INFO] Subiendo: ERP_TEST_02.zip
[2026-07-10 01:25:02] [INFO] Subiendo: ERP_TEST_03.zip
[2026-07-10 01:25:02] [INFO] Subiendo: ERP_TEST_04.bak
[2026-07-10 01:25:02] [INFO] Subiendo: ERP_TEST_05.7z
[2026-07-10 01:25:02] [INFO] Subiendo: ERP_TEST_06.zip
[2026-07-10 01:25:02] [INFO] Subiendo: ERP_TEST_07.zip
[2026-07-10 01:25:03] [INFO] Subiendo: ERP_TEST_08.zip
[2026-07-10 01:25:03] [INFO] Subiendo: ERP_TEST_09.bak
[2026-07-10 01:25:03] [INFO] Subiendo: ERP_TEST_10.7z
[2026-07-10 01:25:03] [INFO] Subiendo: ERP_TEST_11.zip
[2026-07-10 01:25:03] [INFO] Subiendo: ERP_TEST_13.zip
[2026-07-10 01:25:03] [INFO] Subiendo: ERP_TEST_14.zip
[2026-07-10 01:25:03] [INFO] Subiendo: ERP_TEST_15.zip
[2026-07-10 01:25:03] [INFO] Subiendo: ERP_TEST_16.zip
[2026-07-10 01:25:03] [INFO] Subiendo: ERP_TEST_17.zip
[2026-07-10 01:25:03] [INFO] Subiendo: ERP_TEST_18.zip
[2026-07-10 01:25:03] [INFO] Subiendo: ERP_TEST_19.zip
[2026-07-10 01:25:03] [INFO] Subiendo: ERP_TEST_20.zip
[2026-07-10 01:25:03] [INFO] Subiendo: ERP_TEST_21.zip
[2026-07-10 01:25:03] [SUCCESS] Proceso finalizado.
[2026-07-10 01:25:13] [INFO] Ejecutando trabajo: ERP SQL
[2026-07-10 01:25:13] [INFO] === Backup Center iniciado ===
[2026-07-10 01:25:13] [INFO] Subiendo: ERP_TEST.zip
[2026-07-10 01:25:13] [INFO] Subiendo: ERP_TEST_01.zip
[2026-07-10 01:25:13] [INFO] Subiendo: ERP_TEST_02.zip
[2026-07-10 01:25:13] [INFO] Subiendo: ERP_TEST_03.zip
[2026-07-10 01:25:13] [INFO] Subiendo: ERP_TEST_04.bak
[2026-07-10 01:25:13] [INFO] Subiendo: ERP_TEST_05.7z
[2026-07-10 01:25:13] [INFO] Subiendo: ERP_TEST_06.zip
[2026-07-10 01:25:13] [INFO] Subiendo: ERP_TEST_07.zip
[2026-07-10 01:25:13] [INFO] Subiendo: ERP_TEST_08.zip
[2026-07-10 01:25:13] [INFO] Subiendo: ERP_TEST_09.bak
[2026-07-10 01:25:13] [INFO] Subiendo: ERP_TEST_10.7z
[2026-07-10 01:25:13] [INFO] Subiendo: ERP_TEST_11.zip
[2026-07-10 01:25:13] [INFO] Subiendo: ERP_TEST_13.zip
[2026-07-10 01:25:13] [INFO] Subiendo: ERP_TEST_14.zip
[2026-07-10 01:25:13] [INFO] Subiendo: ERP_TEST_15.zip
[2026-07-10 01:25:13] [INFO] Subiendo: ERP_TEST_16.zip
[2026-07-10 01:25:13] [INFO] Subiendo: ERP_TEST_17.zip
[2026-07-10 01:25:13] [INFO] Subiendo: ERP_TEST_18.zip
[2026-07-10 01:25:13] [INFO] Subiendo: ERP_TEST_19.zip
[2026-07-10 01:25:13] [INFO] Subiendo: ERP_TEST_20.zip
[2026-07-10 01:25:13] [INFO] Subiendo: ERP_TEST_21.zip
[2026-07-10 01:25:13] [SUCCESS] Proceso finalizado.
[2026-07-10 01:25:23] [INFO] Ejecutando trabajo: ERP SQL
[2026-07-10 01:25:23] [INFO] === Backup Center iniciado ===
[2026-07-10 01:25:23] [INFO] Subiendo: ERP_TEST.zip
[2026-07-10 01:25:23] [INFO] Subiendo: ERP_TEST_01.zip
[2026-07-10 01:25:23] [INFO] Subiendo: ERP_TEST_02.zip
[2026-07-10 01:25:23] [INFO] Subiendo: ERP_TEST_03.zip
[2026-07-10 01:25:23] [INFO] Subiendo: ERP_TEST_04.bak
[2026-07-10 01:25:23] [INFO] Subiendo: ERP_TEST_05.7z
[2026-07-10 01:25:23] [INFO] Subiendo: ERP_TEST_06.zip
[2026-07-10 01:25:23] [INFO] Subiendo: ERP_TEST_07.zip
[2026-07-10 01:25:23] [INFO] Subiendo: ERP_TEST_08.zip
[2026-07-10 01:25:23] [INFO] Subiendo: ERP_TEST_09.bak
[2026-07-10 01:25:23] [INFO] Subiendo: ERP_TEST_10.7z
[2026-07-10 01:25:23] [INFO] Subiendo: ERP_TEST_11.zip
[2026-07-10 01:25:23] [INFO] Subiendo: ERP_TEST_13.zip
[2026-07-10 01:25:23] [INFO] Subiendo: ERP_TEST_14.zip
[2026-07-10 01:25:23] [INFO] Subiendo: ERP_TEST_15.zip
[2026-07-10 01:25:23] [INFO] Subiendo: ERP_TEST_16.zip
[2026-07-10 01:25:23] [INFO] Subiendo: ERP_TEST_17.zip
[2026-07-10 01:25:23] [INFO] Subiendo: ERP_TEST_18.zip
[2026-07-10 01:25:23] [INFO] Subiendo: ERP_TEST_19.zip
[2026-07-10 01:25:23] [INFO] Subiendo: ERP_TEST_20.zip
[2026-07-10 01:25:23] [INFO] Subiendo: ERP_TEST_21.zip
[2026-07-10 01:25:23] [SUCCESS] Proceso finalizado.
[2026-07-10 01:25:33] [INFO] Ejecutando trabajo: ERP SQL
[2026-07-10 01:25:33] [INFO] === Backup Center iniciado ===
[2026-07-10 01:25:33] [INFO] Subiendo: ERP_TEST.zip
[2026-07-10 01:25:33] [INFO] Subiendo: ERP_TEST_01.zip
[2026-07-10 01:25:33] [INFO] Subiendo: ERP_TEST_02.zip
[2026-07-10 01:25:33] [INFO] Subiendo: ERP_TEST_03.zip
[2026-07-10 01:25:33] [INFO] Subiendo: ERP_TEST_04.bak
[2026-07-10 01:25:33] [INFO] Subiendo: ERP_TEST_05.7z
[2026-07-10 01:25:33] [INFO] Subiendo: ERP_TEST_06.zip
[2026-07-10 01:25:33] [INFO] Subiendo: ERP_TEST_07.zip
[2026-07-10 01:25:33] [INFO] Subiendo: ERP_TEST_08.zip
[2026-07-10 01:25:33] [INFO] Subiendo: ERP_TEST_09.bak
[2026-07-10 01:25:33] [INFO] Subiendo: ERP_TEST_10.7z
[2026-07-10 01:25:33] [INFO] Subiendo: ERP_TEST_11.zip
[2026-07-10 01:25:33] [INFO] Subiendo: ERP_TEST_13.zip
[2026-07-10 01:25:33] [INFO] Subiendo: ERP_TEST_14.zip
[2026-07-10 01:25:33] [INFO] Subiendo: ERP_TEST_15.zip
[2026-07-10 01:25:33] [INFO] Subiendo: ERP_TEST_16.zip
[2026-07-10 01:25:33] [INFO] Subiendo: ERP_TEST_17.zip
[2026-07-10 01:25:33] [INFO] Subiendo: ERP_TEST_18.zip
[2026-07-10 01:25:33] [INFO] Subiendo: ERP_TEST_19.zip
[2026-07-10 01:25:33] [INFO] Subiendo: ERP_TEST_20.zip
[2026-07-10 01:25:33] [INFO] Subiendo: ERP_TEST_21.zip
[2026-07-10 01:25:33] [SUCCESS] Proceso finalizado.
[2026-07-10 01:25:43] [INFO] Ejecutando trabajo: ERP SQL
[2026-07-10 01:25:43] [INFO] === Backup Center iniciado ===
[2026-07-10 01:25:43] [INFO] Subiendo: ERP_TEST.zip
[2026-07-10 01:25:43] [INFO] Subiendo: ERP_TEST_01.zip
[2026-07-10 01:25:43] [INFO] Subiendo: ERP_TEST_02.zip
[2026-07-10 01:25:43] [INFO] Subiendo: ERP_TEST_03.zip
[2026-07-10 01:25:43] [INFO] Subiendo: ERP_TEST_04.bak
[2026-07-10 01:25:43] [INFO] Subiendo: ERP_TEST_05.7z
[2026-07-10 01:25:43] [INFO] Subiendo: ERP_TEST_06.zip
[2026-07-10 01:25:43] [INFO] Subiendo: ERP_TEST_07.zip
[2026-07-10 01:25:43] [INFO] Subiendo: ERP_TEST_08.zip
[2026-07-10 01:25:43] [INFO] Subiendo: ERP_TEST_09.bak
[2026-07-10 01:25:43] [INFO] Subiendo: ERP_TEST_10.7z
[2026-07-10 01:25:43] [INFO] Subiendo: ERP_TEST_11.zip
[2026-07-10 01:25:43] [INFO] Subiendo: ERP_TEST_13.zip
[2026-07-10 01:25:43] [INFO] Subiendo: ERP_TEST_14.zip
[2026-07-10 01:25:43] [INFO] Subiendo: ERP_TEST_15.zip
[2026-07-10 01:25:43] [INFO] Subiendo: ERP_TEST_16.zip
[2026-07-10 01:25:43] [INFO] Subiendo: ERP_TEST_17.zip
[2026-07-10 01:25:43] [INFO] Subiendo: ERP_TEST_18.zip
[2026-07-10 01:25:43] [INFO] Subiendo: ERP_TEST_19.zip
[2026-07-10 01:25:43] [INFO] Subiendo: ERP_TEST_20.zip
[2026-07-10 01:25:43] [INFO] Subiendo: ERP_TEST_21.zip
[2026-07-10 01:25:43] [SUCCESS] Proceso finalizado.
[2026-07-10 01:25:53] [INFO] Ejecutando trabajo: ERP SQL
[2026-07-10 01:25:53] [INFO] === Backup Center iniciado ===
[2026-07-10 01:25:53] [INFO] Subiendo: ERP_TEST.zip
[2026-07-10 01:25:53] [INFO] Subiendo: ERP_TEST_01.zip
[2026-07-10 01:25:53] [INFO] Subiendo: ERP_TEST_02.zip
[2026-07-10 01:25:53] [INFO] Subiendo: ERP_TEST_03.zip
[2026-07-10 01:25:53] [INFO] Subiendo: ERP_TEST_04.bak
[2026-07-10 01:25:53] [INFO] Subiendo: ERP_TEST_05.7z
[2026-07-10 01:25:53] [INFO] Subiendo: ERP_TEST_06.zip
[2026-07-10 01:25:53] [INFO] Subiendo: ERP_TEST_07.zip
[2026-07-10 01:25:53] [INFO] Subiendo: ERP_TEST_08.zip
[2026-07-10 01:25:53] [INFO] Subiendo: ERP_TEST_09.bak
[2026-07-10 01:25:53] [INFO] Subiendo: ERP_TEST_10.7z
[2026-07-10 01:25:53] [INFO] Subiendo: ERP_TEST_11.zip
[2026-07-10 01:25:53] [INFO] Subiendo: ERP_TEST_13.zip
[2026-07-10 01:25:53] [INFO] Subiendo: ERP_TEST_14.zip
[2026-07-10 01:25:53] [INFO] Subiendo: ERP_TEST_15.zip
[2026-07-10 01:25:53] [INFO] Subiendo: ERP_TEST_16.zip
[2026-07-10 01:25:53] [INFO] Subiendo: ERP_TEST_17.zip
[2026-07-10 01:25:53] [INFO] Subiendo: ERP_TEST_18.zip
[2026-07-10 01:25:53] [INFO] Subiendo: ERP_TEST_19.zip
[2026-07-10 01:25:53] [INFO] Subiendo: ERP_TEST_20.zip
[2026-07-10 01:25:53] [INFO] Subiendo: ERP_TEST_21.zip
[2026-07-10 01:25:53] [SUCCESS] Proceso finalizado.
[2026-07-10 01:26:03] [INFO] Ejecutando trabajo: ERP SQL
[2026-07-10 01:26:03] [INFO] === Backup Center iniciado ===
[2026-07-10 01:26:03] [INFO] Subiendo: ERP_TEST.zip
[2026-07-10 01:26:03] [INFO] Subiendo: ERP_TEST_01.zip
[2026-07-10 01:26:03] [INFO] Subiendo: ERP_TEST_02.zip
[2026-07-10 01:26:03] [INFO] Subiendo: ERP_TEST_03.zip
[2026-07-10 01:26:03] [INFO] Subiendo: ERP_TEST_04.bak
[2026-07-10 01:26:03] [INFO] Subiendo: ERP_TEST_05.7z
[2026-07-10 01:26:03] [INFO] Subiendo: ERP_TEST_06.zip
[2026-07-10 01:26:03] [INFO] Subiendo: ERP_TEST_07.zip
[2026-07-10 01:26:03] [INFO] Subiendo: ERP_TEST_08.zip
[2026-07-10 01:26:03] [INFO] Subiendo: ERP_TEST_09.bak
[2026-07-10 01:26:03] [INFO] Subiendo: ERP_TEST_10.7z
[2026-07-10 01:26:03] [INFO] Subiendo: ERP_TEST_11.zip
[2026-07-10 01:26:03] [INFO] Subiendo: ERP_TEST_13.zip
[2026-07-10 01:26:03] [INFO] Subiendo: ERP_TEST_14.zip
[2026-07-10 01:26:03] [INFO] Subiendo: ERP_TEST_15.zip
[2026-07-10 01:26:03] [INFO] Subiendo: ERP_TEST_16.zip
[2026-07-10 01:26:03] [INFO] Subiendo: ERP_TEST_17.zip
[2026-07-10 01:26:03] [INFO] Subiendo: ERP_TEST_18.zip
[2026-07-10 01:26:03] [INFO] Subiendo: ERP_TEST_19.zip
[2026-07-10 01:26:03] [INFO] Subiendo: ERP_TEST_20.zip
[2026-07-10 01:26:03] [INFO] Subiendo: ERP_TEST_21.zip
[2026-07-10 01:26:03] [SUCCESS] Proceso finalizado.
[2026-07-10 01:26:11] [INFO] Ejecutando trabajo: ERP SQL
[2026-07-10 01:26:11] [INFO] === Backup Center iniciado ===
[2026-07-10 01:26:11] [INFO] Subiendo: ERP_TEST.zip
[2026-07-10 01:26:11] [INFO] Subiendo: ERP_TEST_01.zip
[2026-07-10 01:26:11] [INFO] Subiendo: ERP_TEST_02.zip
[2026-07-10 01:26:11] [INFO] Subiendo: ERP_TEST_03.zip
[2026-07-10 01:26:11] [INFO] Subiendo: ERP_TEST_04.bak
[2026-07-10 01:26:11] [INFO] Subiendo: ERP_TEST_05.7z
[2026-07-10 01:26:11] [INFO] Subiendo: ERP_TEST_06.zip
[2026-07-10 01:26:11] [INFO] Subiendo: ERP_TEST_07.zip
[2026-07-10 01:26:11] [INFO] Subiendo: ERP_TEST_08.zip
[2026-07-10 01:26:11] [INFO] Subiendo: ERP_TEST_09.bak
[2026-07-10 01:26:11] [INFO] Subiendo: ERP_TEST_10.7z
[2026-07-10 01:26:11] [INFO] Subiendo: ERP_TEST_11.zip
[2026-07-10 01:26:11] [INFO] Subiendo: ERP_TEST_13.zip
[2026-07-10 01:26:11] [INFO] Subiendo: ERP_TEST_14.zip
[2026-07-10 01:26:11] [INFO] Subiendo: ERP_TEST_15.zip
[2026-07-10 01:26:11] [INFO] Subiendo: ERP_TEST_16.zip
[2026-07-10 01:26:11] [INFO] Subiendo: ERP_TEST_17.zip
[2026-07-10 01:26:11] [INFO] Subiendo: ERP_TEST_18.zip
[2026-07-10 01:26:11] [INFO] Subiendo: ERP_TEST_19.zip
[2026-07-10 01:26:11] [INFO] Subiendo: ERP_TEST_20.zip
[2026-07-10 01:26:11] [INFO] Subiendo: ERP_TEST_21.zip
[2026-07-10 01:26:11] [SUCCESS] Proceso finalizado.
[2026-07-10 01:26:21] [INFO] Ejecutando trabajo: ERP SQL
[2026-07-10 01:26:21] [INFO] === Backup Center iniciado ===
[2026-07-10 01:26:21] [INFO] Subiendo: ERP_TEST.zip
[2026-07-10 01:26:21] [INFO] Subiendo: ERP_TEST_01.zip
[2026-07-10 01:26:21] [INFO] Subiendo: ERP_TEST_02.zip
[2026-07-10 01:26:21] [INFO] Subiendo: ERP_TEST_03.zip
[2026-07-10 01:26:21] [INFO] Subiendo: ERP_TEST_04.bak
[2026-07-10 01:26:21] [INFO] Subiendo: ERP_TEST_05.7z
[2026-07-10 01:26:21] [INFO] Subiendo: ERP_TEST_06.zip
[2026-07-10 01:26:21] [INFO] Subiendo: ERP_TEST_07.zip
[2026-07-10 01:26:21] [INFO] Subiendo: ERP_TEST_08.zip
[2026-07-10 01:26:21] [INFO] Subiendo: ERP_TEST_09.bak
[2026-07-10 01:26:21] [INFO] Subiendo: ERP_TEST_10.7z
[2026-07-10 01:26:21] [INFO] Subiendo: ERP_TEST_11.zip
[2026-07-10 01:26:21] [INFO] Subiendo: ERP_TEST_13.zip
[2026-07-10 01:26:21] [INFO] Subiendo: ERP_TEST_14.zip
[2026-07-10 01:26:21] [INFO] Subiendo: ERP_TEST_15.zip
[2026-07-10 01:26:21] [INFO] Subiendo: ERP_TEST_16.zip
[2026-07-10 01:26:21] [INFO] Subiendo: ERP_TEST_17.zip
[2026-07-10 01:26:21] [INFO] Subiendo: ERP_TEST_18.zip
[2026-07-10 01:26:21] [INFO] Subiendo: ERP_TEST_19.zip
[2026-07-10 01:26:21] [INFO] Subiendo: ERP_TEST_20.zip
[2026-07-10 01:26:21] [INFO] Subiendo: ERP_TEST_21.zip
[2026-07-10 01:26:21] [SUCCESS] Proceso finalizado.
[2026-07-10 01:26:31] [INFO] Ejecutando trabajo: ERP SQL
[2026-07-10 01:26:31] [INFO] === Backup Center iniciado ===
[2026-07-10 01:26:31] [INFO] Subiendo: ERP_TEST.zip
[2026-07-10 01:26:31] [INFO] Subiendo: ERP_TEST_01.zip
[2026-07-10 01:26:31] [INFO] Subiendo: ERP_TEST_02.zip
[2026-07-10 01:26:31] [INFO] Subiendo: ERP_TEST_03.zip
[2026-07-10 01:26:31] [INFO] Subiendo: ERP_TEST_04.bak
[2026-07-10 01:26:31] [INFO] Subiendo: ERP_TEST_05.7z
[2026-07-10 01:26:31] [INFO] Subiendo: ERP_TEST_06.zip
[2026-07-10 01:26:31] [INFO] Subiendo: ERP_TEST_07.zip
[2026-07-10 01:26:31] [INFO] Subiendo: ERP_TEST_08.zip
[2026-07-10 01:26:31] [INFO] Subiendo: ERP_TEST_09.bak
[2026-07-10 01:26:31] [INFO] Subiendo: ERP_TEST_10.7z
[2026-07-10 01:26:31] [INFO] Subiendo: ERP_TEST_11.zip
[2026-07-10 01:26:31] [INFO] Subiendo: ERP_TEST_13.zip
[2026-07-10 01:26:31] [INFO] Subiendo: ERP_TEST_14.zip
[2026-07-10 01:26:31] [INFO] Subiendo: ERP_TEST_15.zip
[2026-07-10 01:26:31] [INFO] Subiendo: ERP_TEST_16.zip
[2026-07-10 01:26:31] [INFO] Subiendo: ERP_TEST_17.zip
[2026-07-10 01:26:31] [INFO] Subiendo: ERP_TEST_18.zip
[2026-07-10 01:26:31] [INFO] Subiendo: ERP_TEST_19.zip
[2026-07-10 01:26:31] [INFO] Subiendo: ERP_TEST_20.zip
[2026-07-10 01:26:31] [INFO] Subiendo: ERP_TEST_21.zip
[2026-07-10 01:26:31] [SUCCESS] Proceso finalizado.
[2026-07-10 01:26:41] [INFO] Ejecutando trabajo: ERP SQL
[2026-07-10 01:26:41] [INFO] === Backup Center iniciado ===
[2026-07-10 01:26:41] [INFO] Subiendo: ERP_TEST.zip
[2026-07-10 01:26:41] [INFO] Subiendo: ERP_TEST_01.zip
[2026-07-10 01:26:41] [INFO] Subiendo: ERP_TEST_02.zip
[2026-07-10 01:26:41] [INFO] Subiendo: ERP_TEST_03.zip
[2026-07-10 01:26:41] [INFO] Subiendo: ERP_TEST_04.bak
[2026-07-10 01:26:41] [INFO] Subiendo: ERP_TEST_05.7z
[2026-07-10 01:26:41] [INFO] Subiendo: ERP_TEST_06.zip
[2026-07-10 01:26:41] [INFO] Subiendo: ERP_TEST_07.zip
[2026-07-10 01:26:41] [INFO] Subiendo: ERP_TEST_08.zip
[2026-07-10 01:26:41] [INFO] Subiendo: ERP_TEST_09.bak
[2026-07-10 01:26:41] [INFO] Subiendo: ERP_TEST_10.7z
[2026-07-10 01:26:42] [INFO] Subiendo: ERP_TEST_11.zip
[2026-07-10 01:26:42] [INFO] Subiendo: ERP_TEST_13.zip
[2026-07-10 01:26:42] [INFO] Subiendo: ERP_TEST_14.zip
[2026-07-10 01:26:42] [INFO] Subiendo: ERP_TEST_15.zip
[2026-07-10 01:26:42] [INFO] Subiendo: ERP_TEST_16.zip
[2026-07-10 01:26:42] [INFO] Subiendo: ERP_TEST_17.zip
[2026-07-10 01:26:42] [INFO] Subiendo: ERP_TEST_18.zip
[2026-07-10 01:26:42] [INFO] Subiendo: ERP_TEST_19.zip
[2026-07-10 01:26:42] [INFO] Subiendo: ERP_TEST_20.zip
[2026-07-10 01:26:42] [INFO] Subiendo: ERP_TEST_21.zip
[2026-07-10 01:26:42] [SUCCESS] Proceso finalizado.
[2026-07-10 01:26:52] [INFO] Ejecutando trabajo: ERP SQL
[2026-07-10 01:26:52] [INFO] === Backup Center iniciado ===
[2026-07-10 01:26:52] [INFO] Subiendo: ERP_TEST.zip
[2026-07-10 01:26:52] [INFO] Subiendo: ERP_TEST_01.zip
[2026-07-10 01:26:52] [INFO] Subiendo: ERP_TEST_02.zip
[2026-07-10 01:26:52] [INFO] Subiendo: ERP_TEST_03.zip
[2026-07-10 01:26:52] [INFO] Subiendo: ERP_TEST_04.bak
[2026-07-10 01:26:52] [INFO] Subiendo: ERP_TEST_05.7z
[2026-07-10 01:26:52] [INFO] Subiendo: ERP_TEST_06.zip
[2026-07-10 01:26:52] [INFO] Subiendo: ERP_TEST_07.zip
[2026-07-10 01:26:52] [INFO] Subiendo: ERP_TEST_08.zip
[2026-07-10 01:26:52] [INFO] Subiendo: ERP_TEST_09.bak
[2026-07-10 01:26:52] [INFO] Subiendo: ERP_TEST_10.7z
[2026-07-10 01:26:52] [INFO] Subiendo: ERP_TEST_11.zip
[2026-07-10 01:26:52] [INFO] Subiendo: ERP_TEST_13.zip
[2026-07-10 01:26:52] [INFO] Subiendo: ERP_TEST_14.zip
[2026-07-10 01:26:52] [INFO] Subiendo: ERP_TEST_15.zip
[2026-07-10 01:26:52] [INFO] Subiendo: ERP_TEST_16.zip
[2026-07-10 01:26:52] [INFO] Subiendo: ERP_TEST_17.zip
[2026-07-10 01:26:52] [INFO] Subiendo: ERP_TEST_18.zip
[2026-07-10 01:26:52] [INFO] Subiendo: ERP_TEST_19.zip
[2026-07-10 01:26:52] [INFO] Subiendo: ERP_TEST_20.zip
[2026-07-10 01:26:52] [INFO] Subiendo: ERP_TEST_21.zip
[2026-07-10 01:26:52] [SUCCESS] Proceso finalizado.
[2026-07-10 01:27:02] [INFO] Ejecutando trabajo: ERP SQL
[2026-07-10 01:27:02] [INFO] === Backup Center iniciado ===
[2026-07-10 01:27:02] [INFO] Subiendo: ERP_TEST.zip
[2026-07-10 01:27:02] [INFO] Subiendo: ERP_TEST_01.zip
[2026-07-10 01:27:02] [INFO] Subiendo: ERP_TEST_02.zip
[2026-07-10 01:27:02] [INFO] Subiendo: ERP_TEST_03.zip
[2026-07-10 01:27:02] [INFO] Subiendo: ERP_TEST_04.bak
[2026-07-10 01:27:02] [INFO] Subiendo: ERP_TEST_05.7z
[2026-07-10 01:27:02] [INFO] Subiendo: ERP_TEST_06.zip
[2026-07-10 01:27:02] [INFO] Subiendo: ERP_TEST_07.zip
[2026-07-10 01:27:02] [INFO] Subiendo: ERP_TEST_08.zip
[2026-07-10 01:27:02] [INFO] Subiendo: ERP_TEST_09.bak
[2026-07-10 01:27:02] [INFO] Subiendo: ERP_TEST_10.7z
[2026-07-10 01:27:02] [INFO] Subiendo: ERP_TEST_11.zip
[2026-07-10 01:27:02] [INFO] Subiendo: ERP_TEST_13.zip
[2026-07-10 01:27:02] [INFO] Subiendo: ERP_TEST_14.zip
[2026-07-10 01:27:02] [INFO] Subiendo: ERP_TEST_15.zip
[2026-07-10 01:27:02] [INFO] Subiendo: ERP_TEST_16.zip
[2026-07-10 01:27:02] [INFO] Subiendo: ERP_TEST_17.zip
[2026-07-10 01:27:02] [INFO] Subiendo: ERP_TEST_18.zip
[2026-07-10 01:27:02] [INFO] Subiendo: ERP_TEST_19.zip
[2026-07-10 01:27:02] [INFO] Subiendo: ERP_TEST_20.zip
[2026-07-10 01:27:02] [INFO] Subiendo: ERP_TEST_21.zip
[2026-07-10 01:27:02] [SUCCESS] Proceso finalizado.
[2026-07-10 01:27:12] [INFO] Ejecutando trabajo: ERP SQL
[2026-07-10 01:27:12] [INFO] === Backup Center iniciado ===
[2026-07-10 01:27:12] [INFO] Subiendo: ERP_TEST.zip
[2026-07-10 01:27:12] [INFO] Subiendo: ERP_TEST_01.zip
[2026-07-10 01:27:12] [INFO] Subiendo: ERP_TEST_02.zip
[2026-07-10 01:27:12] [INFO] Subiendo: ERP_TEST_03.zip
[2026-07-10 01:27:12] [INFO] Subiendo: ERP_TEST_04.bak
[2026-07-10 01:27:12] [INFO] Subiendo: ERP_TEST_05.7z
[2026-07-10 01:27:12] [INFO] Subiendo: ERP_TEST_06.zip
[2026-07-10 01:27:12] [INFO] Subiendo: ERP_TEST_07.zip
[2026-07-10 01:27:12] [INFO] Subiendo: ERP_TEST_08.zip
[2026-07-10 01:27:12] [INFO] Subiendo: ERP_TEST_09.bak
[2026-07-10 01:27:12] [INFO] Subiendo: ERP_TEST_10.7z
[2026-07-10 01:27:12] [INFO] Subiendo: ERP_TEST_11.zip
[2026-07-10 01:27:12] [INFO] Subiendo: ERP_TEST_13.zip
[2026-07-10 01:27:12] [INFO] Subiendo: ERP_TEST_14.zip
[2026-07-10 01:27:12] [INFO] Subiendo: ERP_TEST_15.zip
[2026-07-10 01:27:12] [INFO] Subiendo: ERP_TEST_16.zip
[2026-07-10 01:27:12] [INFO] Subiendo: ERP_TEST_17.zip
[2026-07-10 01:27:12] [INFO] Subiendo: ERP_TEST_18.zip
[2026-07-10 01:27:12] [INFO] Subiendo: ERP_TEST_19.zip
[2026-07-10 01:27:12] [INFO] Subiendo: ERP_TEST_20.zip
[2026-07-10 01:27:12] [INFO] Subiendo: ERP_TEST_21.zip
[2026-07-10 01:27:12] [SUCCESS] Proceso finalizado.
[2026-07-10 01:27:22] [INFO] Ejecutando trabajo: ERP SQL
[2026-07-10 01:27:22] [INFO] === Backup Center iniciado ===
[2026-07-10 01:27:22] [INFO] Subiendo: ERP_TEST.zip
[2026-07-10 01:27:22] [INFO] Subiendo: ERP_TEST_01.zip
[2026-07-10 01:27:22] [INFO] Subiendo: ERP_TEST_02.zip
[2026-07-10 01:27:22] [INFO] Subiendo: ERP_TEST_03.zip
[2026-07-10 01:27:22] [INFO] Subiendo: ERP_TEST_04.bak
[2026-07-10 01:27:22] [INFO] Subiendo: ERP_TEST_05.7z
[2026-07-10 01:27:22] [INFO] Subiendo: ERP_TEST_06.zip
[2026-07-10 01:27:22] [INFO] Subiendo: ERP_TEST_07.zip
[2026-07-10 01:27:22] [INFO] Subiendo: ERP_TEST_08.zip
[2026-07-10 01:27:22] [INFO] Subiendo: ERP_TEST_09.bak
[2026-07-10 01:27:22] [INFO] Subiendo: ERP_TEST_10.7z
[2026-07-10 01:27:22] [INFO] Subiendo: ERP_TEST_11.zip
[2026-07-10 01:27:22] [INFO] Subiendo: ERP_TEST_13.zip
[2026-07-10 01:27:22] [INFO] Subiendo: ERP_TEST_14.zip
[2026-07-10 01:27:22] [INFO] Subiendo: ERP_TEST_15.zip
[2026-07-10 01:27:22] [INFO] Subiendo: ERP_TEST_16.zip
[2026-07-10 01:27:22] [INFO] Subiendo: ERP_TEST_17.zip
[2026-07-10 01:27:22] [INFO] Subiendo: ERP_TEST_18.zip
[2026-07-10 01:27:22] [INFO] Subiendo: ERP_TEST_19.zip
[2026-07-10 01:27:22] [INFO] Subiendo: ERP_TEST_20.zip
[2026-07-10 01:27:22] [INFO] Subiendo: ERP_TEST_21.zip
[2026-07-10 01:27:22] [SUCCESS] Proceso finalizado.
[2026-07-10 01:27:32] [INFO] Ejecutando trabajo: ERP SQL
[2026-07-10 01:27:32] [INFO] === Backup Center iniciado ===
[2026-07-10 01:27:32] [INFO] Subiendo: ERP_TEST.zip
[2026-07-10 01:27:32] [INFO] Subiendo: ERP_TEST_01.zip
[2026-07-10 01:27:32] [INFO] Subiendo: ERP_TEST_02.zip
[2026-07-10 01:27:32] [INFO] Subiendo: ERP_TEST_03.zip
[2026-07-10 01:27:32] [INFO] Subiendo: ERP_TEST_04.bak
[2026-07-10 01:27:32] [INFO] Subiendo: ERP_TEST_05.7z
[2026-07-10 01:27:32] [INFO] Subiendo: ERP_TEST_06.zip
[2026-07-10 01:27:32] [INFO] Subiendo: ERP_TEST_07.zip
[2026-07-10 01:27:32] [INFO] Subiendo: ERP_TEST_08.zip
[2026-07-10 01:27:32] [INFO] Subiendo: ERP_TEST_09.bak
[2026-07-10 01:27:32] [INFO] Subiendo: ERP_TEST_10.7z
[2026-07-10 01:27:32] [INFO] Subiendo: ERP_TEST_11.zip
[2026-07-10 01:27:32] [INFO] Subiendo: ERP_TEST_13.zip
[2026-07-10 01:27:32] [INFO] Subiendo: ERP_TEST_14.zip
[2026-07-10 01:27:32] [INFO] Subiendo: ERP_TEST_15.zip
[2026-07-10 01:27:32] [INFO] Subiendo: ERP_TEST_16.zip
[2026-07-10 01:27:32] [INFO] Subiendo: ERP_TEST_17.zip
[2026-07-10 01:27:32] [INFO] Subiendo: ERP_TEST_18.zip
[2026-07-10 01:27:32] [INFO] Subiendo: ERP_TEST_19.zip
[2026-07-10 01:27:32] [INFO] Subiendo: ERP_TEST_20.zip
[2026-07-10 01:27:32] [INFO] Subiendo: ERP_TEST_21.zip
[2026-07-10 01:27:32] [SUCCESS] Proceso finalizado.
[2026-07-10 01:27:42] [INFO] Ejecutando trabajo: ERP SQL
[2026-07-10 01:27:42] [INFO] === Backup Center iniciado ===
[2026-07-10 01:27:42] [INFO] Subiendo: ERP_TEST.zip
[2026-07-10 01:27:42] [INFO] Subiendo: ERP_TEST_01.zip
[2026-07-10 01:27:42] [INFO] Subiendo: ERP_TEST_02.zip
[2026-07-10 01:27:42] [INFO] Subiendo: ERP_TEST_03.zip
[2026-07-10 01:27:42] [INFO] Subiendo: ERP_TEST_04.bak
[2026-07-10 01:27:42] [INFO] Subiendo: ERP_TEST_05.7z
[2026-07-10 01:27:42] [INFO] Subiendo: ERP_TEST_06.zip
[2026-07-10 01:27:42] [INFO] Subiendo: ERP_TEST_07.zip
[2026-07-10 01:27:42] [INFO] Subiendo: ERP_TEST_08.zip
[2026-07-10 01:27:42] [INFO] Subiendo: ERP_TEST_09.bak
[2026-07-10 01:27:42] [INFO] Subiendo: ERP_TEST_10.7z
[2026-07-10 01:27:42] [INFO] Subiendo: ERP_TEST_11.zip
[2026-07-10 01:27:42] [INFO] Subiendo: ERP_TEST_13.zip
[2026-07-10 01:27:42] [INFO] Subiendo: ERP_TEST_14.zip
[2026-07-10 01:27:42] [INFO] Subiendo: ERP_TEST_15.zip
[2026-07-10 01:27:42] [INFO] Subiendo: ERP_TEST_16.zip
[2026-07-10 01:27:42] [INFO] Subiendo: ERP_TEST_17.zip
[2026-07-10 01:27:42] [INFO] Subiendo: ERP_TEST_18.zip
[2026-07-10 01:27:42] [INFO] Subiendo: ERP_TEST_19.zip
[2026-07-10 01:27:42] [INFO] Subiendo: ERP_TEST_20.zip
[2026-07-10 01:27:42] [INFO] Subiendo: ERP_TEST_21.zip
[2026-07-10 01:27:42] [SUCCESS] Proceso finalizado.
[2026-07-10 01:27:52] [INFO] Ejecutando trabajo: ERP SQL
[2026-07-10 01:27:52] [INFO] === Backup Center iniciado ===
[2026-07-10 01:27:52] [INFO] Subiendo: ERP_TEST.zip
[2026-07-10 01:27:52] [INFO] Subiendo: ERP_TEST_01.zip
[2026-07-10 01:27:52] [INFO] Subiendo: ERP_TEST_02.zip
[2026-07-10 01:27:52] [INFO] Subiendo: ERP_TEST_03.zip
[2026-07-10 01:27:52] [INFO] Subiendo: ERP_TEST_04.bak
[2026-07-10 01:27:52] [INFO] Subiendo: ERP_TEST_05.7z
[2026-07-10 01:27:52] [INFO] Subiendo: ERP_TEST_06.zip
[2026-07-10 01:27:52] [INFO] Subiendo: ERP_TEST_07.zip
[2026-07-10 01:27:52] [INFO] Subiendo: ERP_TEST_08.zip
[2026-07-10 01:27:52] [INFO] Subiendo: ERP_TEST_09.bak
[2026-07-10 01:27:52] [INFO] Subiendo: ERP_TEST_10.7z
[2026-07-10 01:27:52] [INFO] Subiendo: ERP_TEST_11.zip
[2026-07-10 01:27:52] [INFO] Subiendo: ERP_TEST_13.zip
[2026-07-10 01:27:52] [INFO] Subiendo: ERP_TEST_14.zip
[2026-07-10 01:27:52] [INFO] Subiendo: ERP_TEST_15.zip
[2026-07-10 01:27:52] [INFO] Subiendo: ERP_TEST_16.zip
[2026-07-10 01:27:52] [INFO] Subiendo: ERP_TEST_17.zip
[2026-07-10 01:27:52] [INFO] Subiendo: ERP_TEST_18.zip
[2026-07-10 01:27:52] [INFO] Subiendo: ERP_TEST_19.zip
[2026-07-10 01:27:52] [INFO] Subiendo: ERP_TEST_20.zip
[2026-07-10 01:27:52] [INFO] Subiendo: ERP_TEST_21.zip
[2026-07-10 01:27:52] [SUCCESS] Proceso finalizado.
[2026-07-10 01:28:02] [INFO] Ejecutando trabajo: ERP SQL
[2026-07-10 01:28:02] [INFO] === Backup Center iniciado ===
[2026-07-10 01:28:02] [INFO] Subiendo: ERP_TEST.zip
[2026-07-10 01:28:02] [INFO] Subiendo: ERP_TEST_01.zip
[2026-07-10 01:28:02] [INFO] Subiendo: ERP_TEST_02.zip
[2026-07-10 01:28:02] [INFO] Subiendo: ERP_TEST_03.zip
[2026-07-10 01:28:02] [INFO] Subiendo: ERP_TEST_04.bak
[2026-07-10 01:28:02] [INFO] Subiendo: ERP_TEST_05.7z
[2026-07-10 01:28:02] [INFO] Subiendo: ERP_TEST_06.zip
[2026-07-10 01:28:02] [INFO] Subiendo: ERP_TEST_07.zip
[2026-07-10 01:28:02] [INFO] Subiendo: ERP_TEST_08.zip
[2026-07-10 01:28:02] [INFO] Subiendo: ERP_TEST_09.bak
[2026-07-10 01:28:02] [INFO] Subiendo: ERP_TEST_10.7z
[2026-07-10 01:28:02] [INFO] Subiendo: ERP_TEST_11.zip
[2026-07-10 01:28:02] [INFO] Subiendo: ERP_TEST_13.zip
[2026-07-10 01:28:02] [INFO] Subiendo: ERP_TEST_14.zip
[2026-07-10 01:28:02] [INFO] Subiendo: ERP_TEST_15.zip
[2026-07-10 01:28:02] [INFO] Subiendo: ERP_TEST_16.zip
[2026-07-10 01:28:02] [INFO] Subiendo: ERP_TEST_17.zip
[2026-07-10 01:28:02] [INFO] Subiendo: ERP_TEST_18.zip
[2026-07-10 01:28:02] [INFO] Subiendo: ERP_TEST_19.zip
[2026-07-10 01:28:02] [INFO] Subiendo: ERP_TEST_20.zip
[2026-07-10 01:28:02] [INFO] Subiendo: ERP_TEST_21.zip
[2026-07-10 01:28:02] [SUCCESS] Proceso finalizado.
[2026-07-10 01:28:12] [INFO] Ejecutando trabajo: ERP SQL
[2026-07-10 01:28:12] [INFO] === Backup Center iniciado ===
[2026-07-10 01:28:12] [INFO] Subiendo: ERP_TEST.zip
[2026-07-10 01:28:12] [INFO] Subiendo: ERP_TEST_01.zip
[2026-07-10 01:28:12] [INFO] Subiendo: ERP_TEST_02.zip
[2026-07-10 01:28:12] [INFO] Subiendo: ERP_TEST_03.zip
[2026-07-10 01:28:12] [INFO] Subiendo: ERP_TEST_04.bak
[2026-07-10 01:28:12] [INFO] Subiendo: ERP_TEST_05.7z
[2026-07-10 01:28:12] [INFO] Subiendo: ERP_TEST_06.zip
[2026-07-10 01:28:12] [INFO] Subiendo: ERP_TEST_07.zip
[2026-07-10 01:28:12] [INFO] Subiendo: ERP_TEST_08.zip
[2026-07-10 01:28:12] [INFO] Subiendo: ERP_TEST_09.bak
[2026-07-10 01:28:12] [INFO] Subiendo: ERP_TEST_10.7z
[2026-07-10 01:28:12] [INFO] Subiendo: ERP_TEST_11.zip
[2026-07-10 01:28:12] [INFO] Subiendo: ERP_TEST_13.zip
[2026-07-10 01:28:12] [INFO] Subiendo: ERP_TEST_14.zip
[2026-07-10 01:28:12] [INFO] Subiendo: ERP_TEST_15.zip
[2026-07-10 01:28:12] [INFO] Subiendo: ERP_TEST_16.zip
[2026-07-10 01:28:12] [INFO] Subiendo: ERP_TEST_17.zip
[2026-07-10 01:28:12] [INFO] Subiendo: ERP_TEST_18.zip
[2026-07-10 01:28:12] [INFO] Subiendo: ERP_TEST_19.zip
[2026-07-10 01:28:12] [INFO] Subiendo: ERP_TEST_20.zip
[2026-07-10 01:28:12] [INFO] Subiendo: ERP_TEST_21.zip
[2026-07-10 01:28:12] [SUCCESS] Proceso finalizado.
[2026-07-10 01:28:22] [INFO] Ejecutando trabajo: ERP SQL
[2026-07-10 01:28:22] [INFO] === Backup Center iniciado ===
[2026-07-10 01:28:22] [INFO] Subiendo: ERP_TEST.zip
[2026-07-10 01:28:22] [INFO] Subiendo: ERP_TEST_01.zip
[2026-07-10 01:28:22] [INFO] Subiendo: ERP_TEST_02.zip
[2026-07-10 01:28:22] [INFO] Subiendo: ERP_TEST_03.zip
[2026-07-10 01:28:22] [INFO] Subiendo: ERP_TEST_04.bak
[2026-07-10 01:28:22] [INFO] Subiendo: ERP_TEST_05.7z
[2026-07-10 01:28:22] [INFO] Subiendo: ERP_TEST_06.zip
[2026-07-10 01:28:22] [INFO] Subiendo: ERP_TEST_07.zip
[2026-07-10 01:28:22] [INFO] Subiendo: ERP_TEST_08.zip
[2026-07-10 01:28:22] [INFO] Subiendo: ERP_TEST_09.bak
[2026-07-10 01:28:22] [INFO] Subiendo: ERP_TEST_10.7z
[2026-07-10 01:28:22] [INFO] Subiendo: ERP_TEST_11.zip
[2026-07-10 01:28:22] [INFO] Subiendo: ERP_TEST_13.zip
[2026-07-10 01:28:22] [INFO] Subiendo: ERP_TEST_14.zip
[2026-07-10 01:28:22] [INFO] Subiendo: ERP_TEST_15.zip
[2026-07-10 01:28:22] [INFO] Subiendo: ERP_TEST_16.zip
[2026-07-10 01:28:22] [INFO] Subiendo: ERP_TEST_17.zip
[2026-07-10 01:28:22] [INFO] Subiendo: ERP_TEST_18.zip
[2026-07-10 01:28:22] [INFO] Subiendo: ERP_TEST_19.zip
[2026-07-10 01:28:22] [INFO] Subiendo: ERP_TEST_20.zip
[2026-07-10 01:28:22] [INFO] Subiendo: ERP_TEST_21.zip
[2026-07-10 01:28:22] [SUCCESS] Proceso finalizado.
[2026-07-10 01:28:32] [INFO] Ejecutando trabajo: ERP SQL
[2026-07-10 01:28:32] [INFO] === Backup Center iniciado ===
[2026-07-10 01:28:32] [INFO] Subiendo: ERP_TEST.zip
[2026-07-10 01:28:32] [INFO] Subiendo: ERP_TEST_01.zip
[2026-07-10 01:28:32] [INFO] Subiendo: ERP_TEST_02.zip
[2026-07-10 01:28:32] [INFO] Subiendo: ERP_TEST_03.zip
[2026-07-10 01:28:32] [INFO] Subiendo: ERP_TEST_04.bak
[2026-07-10 01:28:32] [INFO] Subiendo: ERP_TEST_05.7z
[2026-07-10 01:28:32] [INFO] Subiendo: ERP_TEST_06.zip
[2026-07-10 01:28:32] [INFO] Subiendo: ERP_TEST_07.zip
[2026-07-10 01:28:32] [INFO] Subiendo: ERP_TEST_08.zip
[2026-07-10 01:28:32] [INFO] Subiendo: ERP_TEST_09.bak
[2026-07-10 01:28:32] [INFO] Subiendo: ERP_TEST_10.7z
[2026-07-10 01:28:32] [INFO] Subiendo: ERP_TEST_11.zip
[2026-07-10 01:28:32] [INFO] Subiendo: ERP_TEST_13.zip
[2026-07-10 01:28:32] [INFO] Subiendo: ERP_TEST_14.zip
[2026-07-10 01:28:32] [INFO] Subiendo: ERP_TEST_15.zip
[2026-07-10 01:28:32] [INFO] Subiendo: ERP_TEST_16.zip
[2026-07-10 01:28:32] [INFO] Subiendo: ERP_TEST_17.zip
[2026-07-10 01:28:32] [INFO] Subiendo: ERP_TEST_18.zip
[2026-07-10 01:28:32] [INFO] Subiendo: ERP_TEST_19.zip
[2026-07-10 01:28:32] [INFO] Subiendo: ERP_TEST_20.zip
[2026-07-10 01:28:32] [INFO] Subiendo: ERP_TEST_21.zip
[2026-07-10 01:28:32] [SUCCESS] Proceso finalizado.
[2026-07-10 01:28:43] [INFO] Ejecutando trabajo: ERP SQL
[2026-07-10 01:28:43] [INFO] === Backup Center iniciado ===
[2026-07-10 01:28:43] [INFO] Subiendo: ERP_TEST.zip
[2026-07-10 01:28:43] [INFO] Subiendo: ERP_TEST_01.zip
[2026-07-10 01:28:43] [INFO] Subiendo: ERP_TEST_02.zip
[2026-07-10 01:28:43] [INFO] Subiendo: ERP_TEST_03.zip
[2026-07-10 01:28:43] [INFO] Subiendo: ERP_TEST_04.bak
[2026-07-10 01:28:43] [INFO] Subiendo: ERP_TEST_05.7z
[2026-07-10 01:28:43] [INFO] Subiendo: ERP_TEST_06.zip
[2026-07-10 01:28:43] [INFO] Subiendo: ERP_TEST_07.zip
[2026-07-10 01:28:43] [INFO] Subiendo: ERP_TEST_08.zip
[2026-07-10 01:28:43] [INFO] Subiendo: ERP_TEST_09.bak
[2026-07-10 01:28:43] [INFO] Subiendo: ERP_TEST_10.7z
[2026-07-10 01:28:43] [INFO] Subiendo: ERP_TEST_11.zip
[2026-07-10 01:28:43] [INFO] Subiendo: ERP_TEST_13.zip
[2026-07-10 01:28:43] [INFO] Subiendo: ERP_TEST_14.zip
[2026-07-10 01:28:43] [INFO] Subiendo: ERP_TEST_15.zip
[2026-07-10 01:28:43] [INFO] Subiendo: ERP_TEST_16.zip
[2026-07-10 01:28:43] [INFO] Subiendo: ERP_TEST_17.zip
[2026-07-10 01:28:43] [INFO] Subiendo: ERP_TEST_18.zip
[2026-07-10 01:28:43] [INFO] Subiendo: ERP_TEST_19.zip
[2026-07-10 01:28:43] [INFO] Subiendo: ERP_TEST_20.zip
[2026-07-10 01:28:43] [INFO] Subiendo: ERP_TEST_21.zip
[2026-07-10 01:28:43] [SUCCESS] Proceso finalizado.
[2026-07-10 01:28:53] [INFO] Ejecutando trabajo: ERP SQL
[2026-07-10 01:28:53] [INFO] === Backup Center iniciado ===
[2026-07-10 01:28:53] [INFO] Subiendo: ERP_TEST.zip
[2026-07-10 01:28:53] [INFO] Subiendo: ERP_TEST_01.zip
[2026-07-10 01:28:53] [INFO] Subiendo: ERP_TEST_02.zip
[2026-07-10 01:28:53] [INFO] Subiendo: ERP_TEST_03.zip
[2026-07-10 01:28:53] [INFO] Subiendo: ERP_TEST_04.bak
[2026-07-10 01:28:53] [INFO] Subiendo: ERP_TEST_05.7z
[2026-07-10 01:28:53] [INFO] Subiendo: ERP_TEST_06.zip
[2026-07-10 01:28:53] [INFO] Subiendo: ERP_TEST_07.zip
[2026-07-10 01:28:53] [INFO] Subiendo: ERP_TEST_08.zip
[2026-07-10 01:28:53] [INFO] Subiendo: ERP_TEST_09.bak
[2026-07-10 01:28:53] [INFO] Subiendo: ERP_TEST_10.7z
[2026-07-10 01:28:53] [INFO] Subiendo: ERP_TEST_11.zip
[2026-07-10 01:28:53] [INFO] Subiendo: ERP_TEST_13.zip
[2026-07-10 01:28:53] [INFO] Subiendo: ERP_TEST_14.zip
[2026-07-10 01:28:53] [INFO] Subiendo: ERP_TEST_15.zip
[2026-07-10 01:28:53] [INFO] Subiendo: ERP_TEST_16.zip
[2026-07-10 01:28:53] [INFO] Subiendo: ERP_TEST_17.zip
[2026-07-10 01:28:53] [INFO] Subiendo: ERP_TEST_18.zip
[2026-07-10 01:28:53] [INFO] Subiendo: ERP_TEST_19.zip
[2026-07-10 01:28:53] [INFO] Subiendo: ERP_TEST_20.zip
[2026-07-10 01:28:53] [INFO] Subiendo: ERP_TEST_21.zip
[2026-07-10 01:28:53] [SUCCESS] Proceso finalizado.
[2026-07-10 01:29:03] [INFO] Ejecutando trabajo: ERP SQL
[2026-07-10 01:29:03] [INFO] === Backup Center iniciado ===
[2026-07-10 01:29:03] [INFO] Subiendo: ERP_TEST.zip
[2026-07-10 01:29:03] [INFO] Subiendo: ERP_TEST_01.zip
[2026-07-10 01:29:03] [INFO] Subiendo: ERP_TEST_02.zip
[2026-07-10 01:29:03] [INFO] Subiendo: ERP_TEST_03.zip
[2026-07-10 01:29:03] [INFO] Subiendo: ERP_TEST_04.bak
[2026-07-10 01:29:03] [INFO] Subiendo: ERP_TEST_05.7z
[2026-07-10 01:29:03] [INFO] Subiendo: ERP_TEST_06.zip
[2026-07-10 01:29:03] [INFO] Subiendo: ERP_TEST_07.zip
[2026-07-10 01:29:03] [INFO] Subiendo: ERP_TEST_08.zip
[2026-07-10 01:29:03] [INFO] Subiendo: ERP_TEST_09.bak
[2026-07-10 01:29:03] [INFO] Subiendo: ERP_TEST_10.7z
[2026-07-10 01:29:03] [INFO] Subiendo: ERP_TEST_11.zip
[2026-07-10 01:29:03] [INFO] Subiendo: ERP_TEST_13.zip
[2026-07-10 01:29:03] [INFO] Subiendo: ERP_TEST_14.zip
[2026-07-10 01:29:03] [INFO] Subiendo: ERP_TEST_15.zip
[2026-07-10 01:29:03] [INFO] Subiendo: ERP_TEST_16.zip
[2026-07-10 01:29:03] [INFO] Subiendo: ERP_TEST_17.zip
[2026-07-10 01:29:03] [INFO] Subiendo: ERP_TEST_18.zip
[2026-07-10 01:29:03] [INFO] Subiendo: ERP_TEST_19.zip
[2026-07-10 01:29:03] [INFO] Subiendo: ERP_TEST_20.zip
[2026-07-10 01:29:03] [INFO] Subiendo: ERP_TEST_21.zip
[2026-07-10 01:29:03] [SUCCESS] Proceso finalizado.
[2026-07-10 01:29:13] [INFO] Ejecutando trabajo: ERP SQL
[2026-07-10 01:29:13] [INFO] === Backup Center iniciado ===
[2026-07-10 01:29:13] [INFO] Subiendo: ERP_TEST.zip
[2026-07-10 01:29:13] [INFO] Subiendo: ERP_TEST_01.zip
[2026-07-10 01:29:13] [INFO] Subiendo: ERP_TEST_02.zip
[2026-07-10 01:29:13] [INFO] Subiendo: ERP_TEST_03.zip
[2026-07-10 01:29:13] [INFO] Subiendo: ERP_TEST_04.bak
[2026-07-10 01:29:13] [INFO] Subiendo: ERP_TEST_05.7z
[2026-07-10 01:29:13] [INFO] Subiendo: ERP_TEST_06.zip
[2026-07-10 01:29:13] [INFO] Subiendo: ERP_TEST_07.zip
[2026-07-10 01:29:13] [INFO] Subiendo: ERP_TEST_08.zip
[2026-07-10 01:29:13] [INFO] Subiendo: ERP_TEST_09.bak
[2026-07-10 01:29:13] [INFO] Subiendo: ERP_TEST_10.7z
[2026-07-10 01:29:13] [INFO] Subiendo: ERP_TEST_11.zip
[2026-07-10 01:29:13] [INFO] Subiendo: ERP_TEST_13.zip
[2026-07-10 01:29:13] [INFO] Subiendo: ERP_TEST_14.zip
[2026-07-10 01:29:13] [INFO] Subiendo: ERP_TEST_15.zip
[2026-07-10 01:29:13] [INFO] Subiendo: ERP_TEST_16.zip
[2026-07-10 01:29:13] [INFO] Subiendo: ERP_TEST_17.zip
[2026-07-10 01:29:13] [INFO] Subiendo: ERP_TEST_18.zip
[2026-07-10 01:29:13] [INFO] Subiendo: ERP_TEST_19.zip
[2026-07-10 01:29:13] [INFO] Subiendo: ERP_TEST_20.zip
[2026-07-10 01:29:13] [INFO] Subiendo: ERP_TEST_21.zip
[2026-07-10 01:29:13] [SUCCESS] Proceso finalizado.
[2026-07-10 01:29:23] [INFO] Ejecutando trabajo: ERP SQL
[2026-07-10 01:29:23] [INFO] === Backup Center iniciado ===
[2026-07-10 01:29:23] [INFO] Subiendo: ERP_TEST.zip
[2026-07-10 01:29:23] [INFO] Subiendo: ERP_TEST_01.zip
[2026-07-10 01:29:23] [INFO] Subiendo: ERP_TEST_02.zip
[2026-07-10 01:29:23] [INFO] Subiendo: ERP_TEST_03.zip
[2026-07-10 01:29:23] [INFO] Subiendo: ERP_TEST_04.bak
[2026-07-10 01:29:23] [INFO] Subiendo: ERP_TEST_05.7z
[2026-07-10 01:29:23] [INFO] Subiendo: ERP_TEST_06.zip
[2026-07-10 01:29:23] [INFO] Subiendo: ERP_TEST_07.zip
[2026-07-10 01:29:23] [INFO] Subiendo: ERP_TEST_08.zip
[2026-07-10 01:29:23] [INFO] Subiendo: ERP_TEST_09.bak
[2026-07-10 01:29:23] [INFO] Subiendo: ERP_TEST_10.7z
[2026-07-10 01:29:23] [INFO] Subiendo: ERP_TEST_11.zip
[2026-07-10 01:29:23] [INFO] Subiendo: ERP_TEST_13.zip
[2026-07-10 01:29:23] [INFO] Subiendo: ERP_TEST_14.zip
[2026-07-10 01:29:23] [INFO] Subiendo: ERP_TEST_15.zip
[2026-07-10 01:29:23] [INFO] Subiendo: ERP_TEST_16.zip
[2026-07-10 01:29:23] [INFO] Subiendo: ERP_TEST_17.zip
[2026-07-10 01:29:23] [INFO] Subiendo: ERP_TEST_18.zip
[2026-07-10 01:29:23] [INFO] Subiendo: ERP_TEST_19.zip
[2026-07-10 01:29:23] [INFO] Subiendo: ERP_TEST_20.zip
[2026-07-10 01:29:23] [INFO] Subiendo: ERP_TEST_21.zip
[2026-07-10 01:29:23] [SUCCESS] Proceso finalizado.
[2026-07-10 01:29:33] [INFO] Ejecutando trabajo: ERP SQL
[2026-07-10 01:29:33] [INFO] === Backup Center iniciado ===
[2026-07-10 01:29:33] [INFO] Subiendo: ERP_TEST.zip
[2026-07-10 01:29:33] [INFO] Subiendo: ERP_TEST_01.zip
[2026-07-10 01:29:33] [INFO] Subiendo: ERP_TEST_02.zip
[2026-07-10 01:29:33] [INFO] Subiendo: ERP_TEST_03.zip
[2026-07-10 01:29:33] [INFO] Subiendo: ERP_TEST_04.bak
[2026-07-10 01:29:33] [INFO] Subiendo: ERP_TEST_05.7z
[2026-07-10 01:29:33] [INFO] Subiendo: ERP_TEST_06.zip
[2026-07-10 01:29:33] [INFO] Subiendo: ERP_TEST_07.zip
[2026-07-10 01:29:33] [INFO] Subiendo: ERP_TEST_08.zip
[2026-07-10 01:29:33] [INFO] Subiendo: ERP_TEST_09.bak
[2026-07-10 01:29:33] [INFO] Subiendo: ERP_TEST_10.7z
[2026-07-10 01:29:33] [INFO] Subiendo: ERP_TEST_11.zip
[2026-07-10 01:29:33] [INFO] Subiendo: ERP_TEST_13.zip
[2026-07-10 01:29:33] [INFO] Subiendo: ERP_TEST_14.zip
[2026-07-10 01:29:33] [INFO] Subiendo: ERP_TEST_15.zip
[2026-07-10 01:29:33] [INFO] Subiendo: ERP_TEST_16.zip
[2026-07-10 01:29:33] [INFO] Subiendo: ERP_TEST_17.zip
[2026-07-10 01:29:33] [INFO] Subiendo: ERP_TEST_18.zip
[2026-07-10 01:29:33] [INFO] Subiendo: ERP_TEST_19.zip
[2026-07-10 01:29:33] [INFO] Subiendo: ERP_TEST_20.zip
[2026-07-10 01:29:33] [INFO] Subiendo: ERP_TEST_21.zip
[2026-07-10 01:29:33] [SUCCESS] Proceso finalizado.
[2026-07-10 01:29:43] [INFO] Ejecutando trabajo: ERP SQL
[2026-07-10 01:29:43] [INFO] === Backup Center iniciado ===
[2026-07-10 01:29:43] [INFO] Subiendo: ERP_TEST.zip
[2026-07-10 01:29:43] [INFO] Subiendo: ERP_TEST_01.zip
[2026-07-10 01:29:43] [INFO] Subiendo: ERP_TEST_02.zip
[2026-07-10 01:29:43] [INFO] Subiendo: ERP_TEST_03.zip
[2026-07-10 01:29:43] [INFO] Subiendo: ERP_TEST_04.bak
[2026-07-10 01:29:43] [INFO] Subiendo: ERP_TEST_05.7z
[2026-07-10 01:29:43] [INFO] Subiendo: ERP_TEST_06.zip
[2026-07-10 01:29:43] [INFO] Subiendo: ERP_TEST_07.zip
[2026-07-10 01:29:43] [INFO] Subiendo: ERP_TEST_08.zip
[2026-07-10 01:29:43] [INFO] Subiendo: ERP_TEST_09.bak
[2026-07-10 01:29:43] [INFO] Subiendo: ERP_TEST_10.7z
[2026-07-10 01:29:43] [INFO] Subiendo: ERP_TEST_11.zip
[2026-07-10 01:29:43] [INFO] Subiendo: ERP_TEST_13.zip
[2026-07-10 01:29:43] [INFO] Subiendo: ERP_TEST_14.zip
[2026-07-10 01:29:43] [INFO] Subiendo: ERP_TEST_15.zip
[2026-07-10 01:29:43] [INFO] Subiendo: ERP_TEST_16.zip
[2026-07-10 01:29:43] [INFO] Subiendo: ERP_TEST_17.zip
[2026-07-10 01:29:43] [INFO] Subiendo: ERP_TEST_18.zip
[2026-07-10 01:29:43] [INFO] Subiendo: ERP_TEST_19.zip
[2026-07-10 01:29:43] [INFO] Subiendo: ERP_TEST_20.zip
[2026-07-10 01:29:43] [INFO] Subiendo: ERP_TEST_21.zip
[2026-07-10 01:29:43] [SUCCESS] Proceso finalizado.
[2026-07-10 01:29:53] [INFO] Ejecutando trabajo: ERP SQL
[2026-07-10 01:29:53] [INFO] === Backup Center iniciado ===
[2026-07-10 01:29:53] [INFO] Subiendo: ERP_TEST.zip
[2026-07-10 01:29:53] [INFO] Subiendo: ERP_TEST_01.zip
[2026-07-10 01:29:53] [INFO] Subiendo: ERP_TEST_02.zip
[2026-07-10 01:29:53] [INFO] Subiendo: ERP_TEST_03.zip
[2026-07-10 01:29:53] [INFO] Subiendo: ERP_TEST_04.bak
[2026-07-10 01:29:53] [INFO] Subiendo: ERP_TEST_05.7z
[2026-07-10 01:29:53] [INFO] Subiendo: ERP_TEST_06.zip
[2026-07-10 01:29:53] [INFO] Subiendo: ERP_TEST_07.zip
[2026-07-10 01:29:53] [INFO] Subiendo: ERP_TEST_08.zip
[2026-07-10 01:29:53] [INFO] Subiendo: ERP_TEST_09.bak
[2026-07-10 01:29:53] [INFO] Subiendo: ERP_TEST_10.7z
[2026-07-10 01:29:53] [INFO] Subiendo: ERP_TEST_11.zip
[2026-07-10 01:29:53] [INFO] Subiendo: ERP_TEST_13.zip
[2026-07-10 01:29:53] [INFO] Subiendo: ERP_TEST_14.zip
[2026-07-10 01:29:53] [INFO] Subiendo: ERP_TEST_15.zip
[2026-07-10 01:29:53] [INFO] Subiendo: ERP_TEST_16.zip
[2026-07-10 01:29:53] [INFO] Subiendo: ERP_TEST_17.zip
[2026-07-10 01:29:53] [INFO] Subiendo: ERP_TEST_18.zip
[2026-07-10 01:29:53] [INFO] Subiendo: ERP_TEST_19.zip
[2026-07-10 01:29:53] [INFO] Subiendo: ERP_TEST_20.zip
[2026-07-10 01:29:53] [INFO] Subiendo: ERP_TEST_21.zip
[2026-07-10 01:29:53] [SUCCESS] Proceso finalizado.
[2026-07-10 01:30:03] [INFO] Ejecutando trabajo: ERP SQL
[2026-07-10 01:30:03] [INFO] === Backup Center iniciado ===
[2026-07-10 01:30:03] [INFO] Subiendo: ERP_TEST.zip
[2026-07-10 01:30:03] [INFO] Subiendo: ERP_TEST_01.zip
[2026-07-10 01:30:03] [INFO] Subiendo: ERP_TEST_02.zip
[2026-07-10 01:30:03] [INFO] Subiendo: ERP_TEST_03.zip
[2026-07-10 01:30:03] [INFO] Subiendo: ERP_TEST_04.bak
[2026-07-10 01:30:03] [INFO] Subiendo: ERP_TEST_05.7z
[2026-07-10 01:30:03] [INFO] Subiendo: ERP_TEST_06.zip
[2026-07-10 01:30:03] [INFO] Subiendo: ERP_TEST_07.zip
[2026-07-10 01:30:03] [INFO] Subiendo: ERP_TEST_08.zip
[2026-07-10 01:30:03] [INFO] Subiendo: ERP_TEST_09.bak
[2026-07-10 01:30:03] [INFO] Subiendo: ERP_TEST_10.7z
[2026-07-10 01:30:03] [INFO] Subiendo: ERP_TEST_11.zip
[2026-07-10 01:30:03] [INFO] Subiendo: ERP_TEST_13.zip
[2026-07-10 01:30:03] [INFO] Subiendo: ERP_TEST_14.zip
[2026-07-10 01:30:03] [INFO] Subiendo: ERP_TEST_15.zip
[2026-07-10 01:30:03] [INFO] Subiendo: ERP_TEST_16.zip
[2026-07-10 01:30:03] [INFO] Subiendo: ERP_TEST_17.zip
[2026-07-10 01:30:03] [INFO] Subiendo: ERP_TEST_18.zip
[2026-07-10 01:30:03] [INFO] Subiendo: ERP_TEST_19.zip
[2026-07-10 01:30:03] [INFO] Subiendo: ERP_TEST_20.zip
[2026-07-10 01:30:03] [INFO] Subiendo: ERP_TEST_21.zip
[2026-07-10 01:30:03] [SUCCESS] Proceso finalizado.
[2026-07-10 01:30:13] [INFO] Ejecutando trabajo: ERP SQL
[2026-07-10 01:30:13] [INFO] === Backup Center iniciado ===
[2026-07-10 01:30:13] [INFO] Subiendo: ERP_TEST.zip
[2026-07-10 01:30:13] [INFO] Subiendo: ERP_TEST_01.zip
[2026-07-10 01:30:13] [INFO] Subiendo: ERP_TEST_02.zip
[2026-07-10 01:30:13] [INFO] Subiendo: ERP_TEST_03.zip
[2026-07-10 01:30:13] [INFO] Subiendo: ERP_TEST_04.bak
[2026-07-10 01:30:13] [INFO] Subiendo: ERP_TEST_05.7z
[2026-07-10 01:30:13] [INFO] Subiendo: ERP_TEST_06.zip
[2026-07-10 01:30:13] [INFO] Subiendo: ERP_TEST_07.zip
[2026-07-10 01:30:13] [INFO] Subiendo: ERP_TEST_08.zip
[2026-07-10 01:30:13] [INFO] Subiendo: ERP_TEST_09.bak
[2026-07-10 01:30:13] [INFO] Subiendo: ERP_TEST_10.7z
[2026-07-10 01:30:13] [INFO] Subiendo: ERP_TEST_11.zip
[2026-07-10 01:30:13] [INFO] Subiendo: ERP_TEST_13.zip
[2026-07-10 01:30:13] [INFO] Subiendo: ERP_TEST_14.zip
[2026-07-10 01:30:13] [INFO] Subiendo: ERP_TEST_15.zip
[2026-07-10 01:30:13] [INFO] Subiendo: ERP_TEST_16.zip
[2026-07-10 01:30:13] [INFO] Subiendo: ERP_TEST_17.zip
[2026-07-10 01:30:13] [INFO] Subiendo: ERP_TEST_18.zip
[2026-07-10 01:30:13] [INFO] Subiendo: ERP_TEST_19.zip
[2026-07-10 01:30:13] [INFO] Subiendo: ERP_TEST_20.zip
[2026-07-10 01:30:13] [INFO] Subiendo: ERP_TEST_21.zip
[2026-07-10 01:30:13] [SUCCESS] Proceso finalizado.
[2026-07-10 01:30:23] [INFO] Ejecutando trabajo: ERP SQL
[2026-07-10 01:30:23] [INFO] === Backup Center iniciado ===
[2026-07-10 01:30:23] [INFO] Subiendo: ERP_TEST.zip
[2026-07-10 01:30:23] [INFO] Subiendo: ERP_TEST_01.zip
[2026-07-10 01:30:23] [INFO] Subiendo: ERP_TEST_02.zip
[2026-07-10 01:30:23] [INFO] Subiendo: ERP_TEST_03.zip
[2026-07-10 01:30:23] [INFO] Subiendo: ERP_TEST_04.bak
[2026-07-10 01:30:23] [INFO] Subiendo: ERP_TEST_05.7z
[2026-07-10 01:30:23] [INFO] Subiendo: ERP_TEST_06.zip
[2026-07-10 01:30:23] [INFO] Subiendo: ERP_TEST_07.zip
[2026-07-10 01:30:23] [INFO] Subiendo: ERP_TEST_08.zip
[2026-07-10 01:30:23] [INFO] Subiendo: ERP_TEST_09.bak
[2026-07-10 01:30:23] [INFO] Subiendo: ERP_TEST_10.7z
[2026-07-10 01:30:23] [INFO] Subiendo: ERP_TEST_11.zip
[2026-07-10 01:30:23] [INFO] Subiendo: ERP_TEST_13.zip
[2026-07-10 01:30:23] [INFO] Subiendo: ERP_TEST_14.zip
[2026-07-10 01:30:23] [INFO] Subiendo: ERP_TEST_15.zip
[2026-07-10 01:30:23] [INFO] Subiendo: ERP_TEST_16.zip
[2026-07-10 01:30:23] [INFO] Subiendo: ERP_TEST_17.zip
[2026-07-10 01:30:23] [INFO] Subiendo: ERP_TEST_18.zip
[2026-07-10 01:30:23] [INFO] Subiendo: ERP_TEST_19.zip
[2026-07-10 01:30:23] [INFO] Subiendo: ERP_TEST_20.zip
[2026-07-10 01:30:23] [INFO] Subiendo: ERP_TEST_21.zip
[2026-07-10 01:30:23] [SUCCESS] Proceso finalizado.
[2026-07-10 01:30:33] [INFO] Ejecutando trabajo: ERP SQL
[2026-07-10 01:30:33] [INFO] === Backup Center iniciado ===
[2026-07-10 01:30:33] [INFO] Subiendo: ERP_TEST.zip
[2026-07-10 01:30:33] [INFO] Subiendo: ERP_TEST_01.zip
[2026-07-10 01:30:33] [INFO] Subiendo: ERP_TEST_02.zip
[2026-07-10 01:30:33] [INFO] Subiendo: ERP_TEST_03.zip
[2026-07-10 01:30:33] [INFO] Subiendo: ERP_TEST_04.bak
[2026-07-10 01:30:33] [INFO] Subiendo: ERP_TEST_05.7z
[2026-07-10 01:30:33] [INFO] Subiendo: ERP_TEST_06.zip
[2026-07-10 01:30:33] [INFO] Subiendo: ERP_TEST_07.zip
[2026-07-10 01:30:33] [INFO] Subiendo: ERP_TEST_08.zip
[2026-07-10 01:30:33] [INFO] Subiendo: ERP_TEST_09.bak
[2026-07-10 01:30:33] [INFO] Subiendo: ERP_TEST_10.7z
[2026-07-10 01:30:33] [INFO] Subiendo: ERP_TEST_11.zip
[2026-07-10 01:30:33] [INFO] Subiendo: ERP_TEST_13.zip
[2026-07-10 01:30:33] [INFO] Subiendo: ERP_TEST_14.zip
[2026-07-10 01:30:33] [INFO] Subiendo: ERP_TEST_15.zip
[2026-07-10 01:30:33] [INFO] Subiendo: ERP_TEST_16.zip
[2026-07-10 01:30:33] [INFO] Subiendo: ERP_TEST_17.zip
[2026-07-10 01:30:33] [INFO] Subiendo: ERP_TEST_18.zip
[2026-07-10 01:30:33] [INFO] Subiendo: ERP_TEST_19.zip
[2026-07-10 01:30:33] [INFO] Subiendo: ERP_TEST_20.zip
[2026-07-10 01:30:33] [INFO] Subiendo: ERP_TEST_21.zip
[2026-07-10 01:30:33] [SUCCESS] Proceso finalizado.
[2026-07-10 01:30:44] [INFO] Ejecutando trabajo: ERP SQL
[2026-07-10 01:30:44] [INFO] === Backup Center iniciado ===
[2026-07-10 01:30:44] [INFO] Subiendo: ERP_TEST.zip
[2026-07-10 01:30:44] [INFO] Subiendo: ERP_TEST_01.zip
[2026-07-10 01:30:44] [INFO] Subiendo: ERP_TEST_02.zip
[2026-07-10 01:30:44] [INFO] Subiendo: ERP_TEST_03.zip
[2026-07-10 01:30:44] [INFO] Subiendo: ERP_TEST_04.bak
[2026-07-10 01:30:44] [INFO] Subiendo: ERP_TEST_05.7z
[2026-07-10 01:30:44] [INFO] Subiendo: ERP_TEST_06.zip
[2026-07-10 01:30:44] [INFO] Subiendo: ERP_TEST_07.zip
[2026-07-10 01:30:44] [INFO] Subiendo: ERP_TEST_08.zip
[2026-07-10 01:30:44] [INFO] Subiendo: ERP_TEST_09.bak
[2026-07-10 01:30:44] [INFO] Subiendo: ERP_TEST_10.7z
[2026-07-10 01:30:44] [INFO] Subiendo: ERP_TEST_11.zip
[2026-07-10 01:30:44] [INFO] Subiendo: ERP_TEST_13.zip
[2026-07-10 01:30:44] [INFO] Subiendo: ERP_TEST_14.zip
[2026-07-10 01:30:44] [INFO] Subiendo: ERP_TEST_15.zip
[2026-07-10 01:30:44] [INFO] Subiendo: ERP_TEST_16.zip
[2026-07-10 01:30:44] [INFO] Subiendo: ERP_TEST_17.zip
[2026-07-10 01:30:44] [INFO] Subiendo: ERP_TEST_18.zip
[2026-07-10 01:30:44] [INFO] Subiendo: ERP_TEST_19.zip
[2026-07-10 01:30:44] [INFO] Subiendo: ERP_TEST_20.zip
[2026-07-10 01:30:44] [INFO] Subiendo: ERP_TEST_21.zip
[2026-07-10 01:30:44] [SUCCESS] Proceso finalizado.
[2026-07-10 01:30:54] [INFO] Ejecutando trabajo: ERP SQL
[2026-07-10 01:30:54] [INFO] === Backup Center iniciado ===
[2026-07-10 01:30:54] [INFO] Subiendo: ERP_TEST.zip
[2026-07-10 01:30:54] [INFO] Subiendo: ERP_TEST_01.zip
[2026-07-10 01:30:54] [INFO] Subiendo: ERP_TEST_02.zip
[2026-07-10 01:30:54] [INFO] Subiendo: ERP_TEST_03.zip
[2026-07-10 01:30:54] [INFO] Subiendo: ERP_TEST_04.bak
[2026-07-10 01:30:54] [INFO] Subiendo: ERP_TEST_05.7z
[2026-07-10 01:30:54] [INFO] Subiendo: ERP_TEST_06.zip
[2026-07-10 01:30:54] [INFO] Subiendo: ERP_TEST_07.zip
[2026-07-10 01:30:54] [INFO] Subiendo: ERP_TEST_08.zip
[2026-07-10 01:30:54] [INFO] Subiendo: ERP_TEST_09.bak
[2026-07-10 01:30:54] [INFO] Subiendo: ERP_TEST_10.7z
[2026-07-10 01:30:54] [INFO] Subiendo: ERP_TEST_11.zip
[2026-07-10 01:30:54] [INFO] Subiendo: ERP_TEST_13.zip
[2026-07-10 01:30:54] [INFO] Subiendo: ERP_TEST_14.zip
[2026-07-10 01:30:54] [INFO] Subiendo: ERP_TEST_15.zip
[2026-07-10 01:30:54] [INFO] Subiendo: ERP_TEST_16.zip
[2026-07-10 01:30:54] [INFO] Subiendo: ERP_TEST_17.zip
[2026-07-10 01:30:54] [INFO] Subiendo: ERP_TEST_18.zip
[2026-07-10 01:30:54] [INFO] Subiendo: ERP_TEST_19.zip
[2026-07-10 01:30:54] [INFO] Subiendo: ERP_TEST_20.zip
[2026-07-10 01:30:54] [INFO] Subiendo: ERP_TEST_21.zip
[2026-07-10 01:30:54] [SUCCESS] Proceso finalizado.
[2026-07-10 01:31:02] [INFO] Ejecutando trabajo: ERP SQL
[2026-07-10 01:31:02] [INFO] === Backup Center iniciado ===
[2026-07-10 01:31:02] [INFO] Subiendo: ERP_TEST.zip
[2026-07-10 01:31:02] [INFO] Subiendo: ERP_TEST_01.zip
[2026-07-10 01:31:02] [INFO] Subiendo: ERP_TEST_02.zip
[2026-07-10 01:31:02] [INFO] Subiendo: ERP_TEST_03.zip
[2026-07-10 01:31:02] [INFO] Subiendo: ERP_TEST_04.bak
[2026-07-10 01:31:02] [INFO] Subiendo: ERP_TEST_05.7z
[2026-07-10 01:31:02] [INFO] Subiendo: ERP_TEST_06.zip
[2026-07-10 01:31:02] [INFO] Subiendo: ERP_TEST_07.zip
[2026-07-10 01:31:02] [INFO] Subiendo: ERP_TEST_08.zip
[2026-07-10 01:31:02] [INFO] Subiendo: ERP_TEST_09.bak
[2026-07-10 01:31:02] [INFO] Subiendo: ERP_TEST_10.7z
[2026-07-10 01:31:02] [INFO] Subiendo: ERP_TEST_11.zip
[2026-07-10 01:31:02] [INFO] Subiendo: ERP_TEST_13.zip
[2026-07-10 01:31:02] [INFO] Subiendo: ERP_TEST_14.zip
[2026-07-10 01:31:02] [INFO] Subiendo: ERP_TEST_15.zip
[2026-07-10 01:31:02] [INFO] Subiendo: ERP_TEST_16.zip
[2026-07-10 01:31:02] [INFO] Subiendo: ERP_TEST_17.zip
[2026-07-10 01:31:02] [INFO] Subiendo: ERP_TEST_18.zip
[2026-07-10 01:31:02] [INFO] Subiendo: ERP_TEST_19.zip
[2026-07-10 01:31:02] [INFO] Subiendo: ERP_TEST_20.zip
[2026-07-10 01:31:02] [INFO] Subiendo: ERP_TEST_21.zip
[2026-07-10 01:31:02] [SUCCESS] Proceso finalizado.
[2026-07-10 01:31:12] [INFO] Ejecutando trabajo: ERP SQL
[2026-07-10 01:31:12] [INFO] === Backup Center iniciado ===
[2026-07-10 01:31:12] [INFO] Subiendo: ERP_TEST.zip
[2026-07-10 01:31:12] [INFO] Subiendo: ERP_TEST_01.zip
[2026-07-10 01:31:12] [INFO] Subiendo: ERP_TEST_02.zip
[2026-07-10 01:31:12] [INFO] Subiendo: ERP_TEST_03.zip
[2026-07-10 01:31:12] [INFO] Subiendo: ERP_TEST_04.bak
[2026-07-10 01:31:12] [INFO] Subiendo: ERP_TEST_05.7z
[2026-07-10 01:31:12] [INFO] Subiendo: ERP_TEST_06.zip
[2026-07-10 01:31:12] [INFO] Subiendo: ERP_TEST_07.zip
[2026-07-10 01:31:12] [INFO] Subiendo: ERP_TEST_08.zip
[2026-07-10 01:31:12] [INFO] Subiendo: ERP_TEST_09.bak
[2026-07-10 01:31:12] [INFO] Subiendo: ERP_TEST_10.7z
[2026-07-10 01:31:12] [INFO] Subiendo: ERP_TEST_11.zip
[2026-07-10 01:31:12] [INFO] Subiendo: ERP_TEST_13.zip
[2026-07-10 01:31:12] [INFO] Subiendo: ERP_TEST_14.zip
[2026-07-10 01:31:12] [INFO] Subiendo: ERP_TEST_15.zip
[2026-07-10 01:31:12] [INFO] Subiendo: ERP_TEST_16.zip
[2026-07-10 01:31:12] [INFO] Subiendo: ERP_TEST_17.zip
[2026-07-10 01:31:12] [INFO] Subiendo: ERP_TEST_18.zip
[2026-07-10 01:31:12] [INFO] Subiendo: ERP_TEST_19.zip
[2026-07-10 01:31:12] [INFO] Subiendo: ERP_TEST_20.zip
[2026-07-10 01:31:12] [INFO] Subiendo: ERP_TEST_21.zip
[2026-07-10 01:31:12] [SUCCESS] Proceso finalizado.
[2026-07-10 01:31:22] [INFO] Ejecutando trabajo: ERP SQL
[2026-07-10 01:31:22] [INFO] === Backup Center iniciado ===
[2026-07-10 01:31:22] [INFO] Subiendo: ERP_TEST.zip
[2026-07-10 01:31:22] [INFO] Subiendo: ERP_TEST_01.zip
[2026-07-10 01:31:22] [INFO] Subiendo: ERP_TEST_02.zip
[2026-07-10 01:31:22] [INFO] Subiendo: ERP_TEST_03.zip
[2026-07-10 01:31:22] [INFO] Subiendo: ERP_TEST_04.bak
[2026-07-10 01:31:22] [INFO] Subiendo: ERP_TEST_05.7z
[2026-07-10 01:31:22] [INFO] Subiendo: ERP_TEST_06.zip
[2026-07-10 01:31:22] [INFO] Subiendo: ERP_TEST_07.zip
[2026-07-10 01:31:22] [INFO] Subiendo: ERP_TEST_08.zip
[2026-07-10 01:31:22] [INFO] Subiendo: ERP_TEST_09.bak
[2026-07-10 01:31:22] [INFO] Subiendo: ERP_TEST_10.7z
[2026-07-10 01:31:22] [INFO] Subiendo: ERP_TEST_11.zip
[2026-07-10 01:31:22] [INFO] Subiendo: ERP_TEST_13.zip
[2026-07-10 01:31:22] [INFO] Subiendo: ERP_TEST_14.zip
[2026-07-10 01:31:22] [INFO] Subiendo: ERP_TEST_15.zip
[2026-07-10 01:31:22] [INFO] Subiendo: ERP_TEST_16.zip
[2026-07-10 01:31:22] [INFO] Subiendo: ERP_TEST_17.zip
[2026-07-10 01:31:22] [INFO] Subiendo: ERP_TEST_18.zip
[2026-07-10 01:31:22] [INFO] Subiendo: ERP_TEST_19.zip
[2026-07-10 01:31:22] [INFO] Subiendo: ERP_TEST_20.zip
[2026-07-10 01:31:22] [INFO] Subiendo: ERP_TEST_21.zip
[2026-07-10 01:31:22] [SUCCESS] Proceso finalizado.
[2026-07-10 01:31:32] [INFO] Ejecutando trabajo: ERP SQL
[2026-07-10 01:31:32] [INFO] === Backup Center iniciado ===
[2026-07-10 01:31:32] [INFO] Subiendo: ERP_TEST.zip
[2026-07-10 01:31:32] [INFO] Subiendo: ERP_TEST_01.zip
[2026-07-10 01:31:32] [INFO] Subiendo: ERP_TEST_02.zip
[2026-07-10 01:31:32] [INFO] Subiendo: ERP_TEST_03.zip
[2026-07-10 01:31:32] [INFO] Subiendo: ERP_TEST_04.bak
[2026-07-10 01:31:32] [INFO] Subiendo: ERP_TEST_05.7z
[2026-07-10 01:31:32] [INFO] Subiendo: ERP_TEST_06.zip
[2026-07-10 01:31:32] [INFO] Subiendo: ERP_TEST_07.zip
[2026-07-10 01:31:32] [INFO] Subiendo: ERP_TEST_08.zip
[2026-07-10 01:31:32] [INFO] Subiendo: ERP_TEST_09.bak
[2026-07-10 01:31:32] [INFO] Subiendo: ERP_TEST_10.7z
[2026-07-10 01:31:32] [INFO] Subiendo: ERP_TEST_11.zip
[2026-07-10 01:31:32] [INFO] Subiendo: ERP_TEST_13.zip
[2026-07-10 01:31:32] [INFO] Subiendo: ERP_TEST_14.zip
[2026-07-10 01:31:32] [INFO] Subiendo: ERP_TEST_15.zip
[2026-07-10 01:31:32] [INFO] Subiendo: ERP_TEST_16.zip
[2026-07-10 01:31:32] [INFO] Subiendo: ERP_TEST_17.zip
[2026-07-10 01:31:32] [INFO] Subiendo: ERP_TEST_18.zip
[2026-07-10 01:31:32] [INFO] Subiendo: ERP_TEST_19.zip
[2026-07-10 01:31:32] [INFO] Subiendo: ERP_TEST_20.zip
[2026-07-10 01:31:32] [INFO] Subiendo: ERP_TEST_21.zip
[2026-07-10 01:31:32] [SUCCESS] Proceso finalizado.
[2026-07-10 01:31:42] [INFO] Ejecutando trabajo: ERP SQL
[2026-07-10 01:31:42] [INFO] === Backup Center iniciado ===
[2026-07-10 01:31:42] [INFO] Subiendo: ERP_TEST.zip
[2026-07-10 01:31:42] [INFO] Subiendo: ERP_TEST_01.zip
[2026-07-10 01:31:42] [INFO] Subiendo: ERP_TEST_02.zip
[2026-07-10 01:31:42] [INFO] Subiendo: ERP_TEST_03.zip
[2026-07-10 01:31:42] [INFO] Subiendo: ERP_TEST_04.bak
[2026-07-10 01:31:42] [INFO] Subiendo: ERP_TEST_05.7z
[2026-07-10 01:31:42] [INFO] Subiendo: ERP_TEST_06.zip
[2026-07-10 01:31:42] [INFO] Subiendo: ERP_TEST_07.zip
[2026-07-10 01:31:42] [INFO] Subiendo: ERP_TEST_08.zip
[2026-07-10 01:31:42] [INFO] Subiendo: ERP_TEST_09.bak
[2026-07-10 01:31:42] [INFO] Subiendo: ERP_TEST_10.7z
[2026-07-10 01:31:42] [INFO] Subiendo: ERP_TEST_11.zip
[2026-07-10 01:31:42] [INFO] Subiendo: ERP_TEST_13.zip
[2026-07-10 01:31:42] [INFO] Subiendo: ERP_TEST_14.zip
[2026-07-10 01:31:42] [INFO] Subiendo: ERP_TEST_15.zip
[2026-07-10 01:31:42] [INFO] Subiendo: ERP_TEST_16.zip
[2026-07-10 01:31:42] [INFO] Subiendo: ERP_TEST_17.zip
[2026-07-10 01:31:42] [INFO] Subiendo: ERP_TEST_18.zip
[2026-07-10 01:31:42] [INFO] Subiendo: ERP_TEST_19.zip
[2026-07-10 01:31:42] [INFO] Subiendo: ERP_TEST_20.zip
[2026-07-10 01:31:42] [INFO] Subiendo: ERP_TEST_21.zip
[2026-07-10 01:31:42] [SUCCESS] Proceso finalizado.
[2026-07-10 01:31:53] [INFO] Ejecutando trabajo: ERP SQL
[2026-07-10 01:31:53] [INFO] === Backup Center iniciado ===
[2026-07-10 01:31:53] [INFO] Subiendo: ERP_TEST.zip
[2026-07-10 01:31:53] [INFO] Subiendo: ERP_TEST_01.zip
[2026-07-10 01:31:53] [INFO] Subiendo: ERP_TEST_02.zip
[2026-07-10 01:31:53] [INFO] Subiendo: ERP_TEST_03.zip
[2026-07-10 01:31:53] [INFO] Subiendo: ERP_TEST_04.bak
[2026-07-10 01:31:53] [INFO] Subiendo: ERP_TEST_05.7z
[2026-07-10 01:31:53] [INFO] Subiendo: ERP_TEST_06.zip
[2026-07-10 01:31:53] [INFO] Subiendo: ERP_TEST_07.zip
[2026-07-10 01:31:53] [INFO] Subiendo: ERP_TEST_08.zip
[2026-07-10 01:31:53] [INFO] Subiendo: ERP_TEST_09.bak
[2026-07-10 01:31:53] [INFO] Subiendo: ERP_TEST_10.7z
[2026-07-10 01:31:53] [INFO] Subiendo: ERP_TEST_11.zip
[2026-07-10 01:31:53] [INFO] Subiendo: ERP_TEST_13.zip
[2026-07-10 01:31:53] [INFO] Subiendo: ERP_TEST_14.zip
[2026-07-10 01:31:53] [INFO] Subiendo: ERP_TEST_15.zip
[2026-07-10 01:31:53] [INFO] Subiendo: ERP_TEST_16.zip
[2026-07-10 01:31:53] [INFO] Subiendo: ERP_TEST_17.zip
[2026-07-10 01:31:53] [INFO] Subiendo: ERP_TEST_18.zip
[2026-07-10 01:31:53] [INFO] Subiendo: ERP_TEST_19.zip
[2026-07-10 01:31:53] [INFO] Subiendo: ERP_TEST_20.zip
[2026-07-10 01:31:53] [INFO] Subiendo: ERP_TEST_21.zip
[2026-07-10 01:31:53] [SUCCESS] Proceso finalizado.
[2026-07-10 01:32:03] [INFO] Ejecutando trabajo: ERP SQL
[2026-07-10 01:32:03] [INFO] === Backup Center iniciado ===
[2026-07-10 01:32:03] [INFO] Subiendo: ERP_TEST.zip
[2026-07-10 01:32:03] [INFO] Subiendo: ERP_TEST_01.zip
[2026-07-10 01:32:03] [INFO] Subiendo: ERP_TEST_02.zip
[2026-07-10 01:32:03] [INFO] Subiendo: ERP_TEST_03.zip
[2026-07-10 01:32:03] [INFO] Subiendo: ERP_TEST_04.bak
[2026-07-10 01:32:03] [INFO] Subiendo: ERP_TEST_05.7z
[2026-07-10 01:32:03] [INFO] Subiendo: ERP_TEST_06.zip
[2026-07-10 01:32:03] [INFO] Subiendo: ERP_TEST_07.zip
[2026-07-10 01:32:03] [INFO] Subiendo: ERP_TEST_08.zip
[2026-07-10 01:32:03] [INFO] Subiendo: ERP_TEST_09.bak
[2026-07-10 01:32:03] [INFO] Subiendo: ERP_TEST_10.7z
[2026-07-10 01:32:03] [INFO] Subiendo: ERP_TEST_11.zip
[2026-07-10 01:32:03] [INFO] Subiendo: ERP_TEST_13.zip
[2026-07-10 01:32:03] [INFO] Subiendo: ERP_TEST_14.zip
[2026-07-10 01:32:03] [INFO] Subiendo: ERP_TEST_15.zip
[2026-07-10 01:32:03] [INFO] Subiendo: ERP_TEST_16.zip
[2026-07-10 01:32:03] [INFO] Subiendo: ERP_TEST_17.zip
[2026-07-10 01:32:03] [INFO] Subiendo: ERP_TEST_18.zip
[2026-07-10 01:32:03] [INFO] Subiendo: ERP_TEST_19.zip
[2026-07-10 01:32:03] [INFO] Subiendo: ERP_TEST_20.zip
[2026-07-10 01:32:03] [INFO] Subiendo: ERP_TEST_21.zip
[2026-07-10 01:32:03] [SUCCESS] Proceso finalizado.
[2026-07-10 01:32:13] [INFO] Ejecutando trabajo: ERP SQL
[2026-07-10 01:32:13] [INFO] === Backup Center iniciado ===
[2026-07-10 01:32:13] [INFO] Subiendo: ERP_TEST.zip
[2026-07-10 01:32:13] [INFO] Subiendo: ERP_TEST_01.zip
[2026-07-10 01:32:13] [INFO] Subiendo: ERP_TEST_02.zip
[2026-07-10 01:32:13] [INFO] Subiendo: ERP_TEST_03.zip
[2026-07-10 01:32:13] [INFO] Subiendo: ERP_TEST_04.bak
[2026-07-10 01:32:13] [INFO] Subiendo: ERP_TEST_05.7z
[2026-07-10 01:32:13] [INFO] Subiendo: ERP_TEST_06.zip
[2026-07-10 01:32:13] [INFO] Subiendo: ERP_TEST_07.zip
[2026-07-10 01:32:13] [INFO] Subiendo: ERP_TEST_08.zip
[2026-07-10 01:32:13] [INFO] Subiendo: ERP_TEST_09.bak
[2026-07-10 01:32:13] [INFO] Subiendo: ERP_TEST_10.7z
[2026-07-10 01:32:13] [INFO] Subiendo: ERP_TEST_11.zip
[2026-07-10 01:32:13] [INFO] Subiendo: ERP_TEST_13.zip
[2026-07-10 01:32:13] [INFO] Subiendo: ERP_TEST_14.zip
[2026-07-10 01:32:13] [INFO] Subiendo: ERP_TEST_15.zip
[2026-07-10 01:32:13] [INFO] Subiendo: ERP_TEST_16.zip
[2026-07-10 01:32:13] [INFO] Subiendo: ERP_TEST_17.zip
[2026-07-10 01:32:13] [INFO] Subiendo: ERP_TEST_18.zip
[2026-07-10 01:32:13] [INFO] Subiendo: ERP_TEST_19.zip
[2026-07-10 01:32:13] [INFO] Subiendo: ERP_TEST_20.zip
[2026-07-10 01:32:13] [INFO] Subiendo: ERP_TEST_21.zip
[2026-07-10 01:32:13] [SUCCESS] Proceso finalizado.
[2026-07-10 01:32:23] [INFO] Ejecutando trabajo: ERP SQL
[2026-07-10 01:32:23] [INFO] === Backup Center iniciado ===
[2026-07-10 01:32:23] [INFO] Subiendo: ERP_TEST.zip
[2026-07-10 01:32:23] [INFO] Subiendo: ERP_TEST_01.zip
[2026-07-10 01:32:23] [INFO] Subiendo: ERP_TEST_02.zip
[2026-07-10 01:32:23] [INFO] Subiendo: ERP_TEST_03.zip
[2026-07-10 01:32:23] [INFO] Subiendo: ERP_TEST_04.bak
[2026-07-10 01:32:23] [INFO] Subiendo: ERP_TEST_05.7z
[2026-07-10 01:32:23] [INFO] Subiendo: ERP_TEST_06.zip
[2026-07-10 01:32:23] [INFO] Subiendo: ERP_TEST_07.zip
[2026-07-10 01:32:23] [INFO] Subiendo: ERP_TEST_08.zip
[2026-07-10 01:32:23] [INFO] Subiendo: ERP_TEST_09.bak
[2026-07-10 01:32:23] [INFO] Subiendo: ERP_TEST_10.7z
[2026-07-10 01:32:23] [INFO] Subiendo: ERP_TEST_11.zip
[2026-07-10 01:32:23] [INFO] Subiendo: ERP_TEST_13.zip
[2026-07-10 01:32:23] [INFO] Subiendo: ERP_TEST_14.zip
[2026-07-10 01:32:23] [INFO] Subiendo: ERP_TEST_15.zip
[2026-07-10 01:32:23] [INFO] Subiendo: ERP_TEST_16.zip
[2026-07-10 01:32:23] [INFO] Subiendo: ERP_TEST_17.zip
[2026-07-10 01:32:23] [INFO] Subiendo: ERP_TEST_18.zip
[2026-07-10 01:32:23] [INFO] Subiendo: ERP_TEST_19.zip
[2026-07-10 01:32:23] [INFO] Subiendo: ERP_TEST_20.zip
[2026-07-10 01:32:23] [INFO] Subiendo: ERP_TEST_21.zip
[2026-07-10 01:32:23] [SUCCESS] Proceso finalizado.
[2026-07-10 01:32:33] [INFO] Ejecutando trabajo: ERP SQL
[2026-07-10 01:32:33] [INFO] === Backup Center iniciado ===
[2026-07-10 01:32:33] [INFO] Subiendo: ERP_TEST.zip
[2026-07-10 01:32:33] [INFO] Subiendo: ERP_TEST_01.zip
[2026-07-10 01:32:33] [INFO] Subiendo: ERP_TEST_02.zip
[2026-07-10 01:32:33] [INFO] Subiendo: ERP_TEST_03.zip
[2026-07-10 01:32:33] [INFO] Subiendo: ERP_TEST_04.bak
[2026-07-10 01:32:33] [INFO] Subiendo: ERP_TEST_05.7z
[2026-07-10 01:32:33] [INFO] Subiendo: ERP_TEST_06.zip
[2026-07-10 01:32:33] [INFO] Subiendo: ERP_TEST_07.zip
[2026-07-10 01:32:33] [INFO] Subiendo: ERP_TEST_08.zip
[2026-07-10 01:32:33] [INFO] Subiendo: ERP_TEST_09.bak
[2026-07-10 01:32:33] [INFO] Subiendo: ERP_TEST_10.7z
[2026-07-10 01:32:33] [INFO] Subiendo: ERP_TEST_11.zip
[2026-07-10 01:32:33] [INFO] Subiendo: ERP_TEST_13.zip
[2026-07-10 01:32:33] [INFO] Subiendo: ERP_TEST_14.zip
[2026-07-10 01:32:33] [INFO] Subiendo: ERP_TEST_15.zip
[2026-07-10 01:32:33] [INFO] Subiendo: ERP_TEST_16.zip
[2026-07-10 01:32:33] [INFO] Subiendo: ERP_TEST_17.zip
[2026-07-10 01:32:33] [INFO] Subiendo: ERP_TEST_18.zip
[2026-07-10 01:32:33] [INFO] Subiendo: ERP_TEST_19.zip
[2026-07-10 01:32:33] [INFO] Subiendo: ERP_TEST_20.zip
[2026-07-10 01:32:33] [INFO] Subiendo: ERP_TEST_21.zip
[2026-07-10 01:32:33] [SUCCESS] Proceso finalizado.
[2026-07-10 01:32:43] [INFO] Ejecutando trabajo: ERP SQL
[2026-07-10 01:32:43] [INFO] === Backup Center iniciado ===
[2026-07-10 01:32:43] [INFO] Subiendo: ERP_TEST.zip
[2026-07-10 01:32:43] [INFO] Subiendo: ERP_TEST_01.zip
[2026-07-10 01:32:43] [INFO] Subiendo: ERP_TEST_02.zip
[2026-07-10 01:32:43] [INFO] Subiendo: ERP_TEST_03.zip
[2026-07-10 01:32:43] [INFO] Subiendo: ERP_TEST_04.bak
[2026-07-10 01:32:43] [INFO] Subiendo: ERP_TEST_05.7z
[2026-07-10 01:32:43] [INFO] Subiendo: ERP_TEST_06.zip
[2026-07-10 01:32:43] [INFO] Subiendo: ERP_TEST_07.zip
[2026-07-10 01:32:43] [INFO] Subiendo: ERP_TEST_08.zip
[2026-07-10 01:32:43] [INFO] Subiendo: ERP_TEST_09.bak
[2026-07-10 01:32:43] [INFO] Subiendo: ERP_TEST_10.7z
[2026-07-10 01:32:43] [INFO] Subiendo: ERP_TEST_11.zip
[2026-07-10 01:32:43] [INFO] Subiendo: ERP_TEST_13.zip
[2026-07-10 01:32:43] [INFO] Subiendo: ERP_TEST_14.zip
[2026-07-10 01:32:43] [INFO] Subiendo: ERP_TEST_15.zip
[2026-07-10 01:32:43] [INFO] Subiendo: ERP_TEST_16.zip
[2026-07-10 01:32:43] [INFO] Subiendo: ERP_TEST_17.zip
[2026-07-10 01:32:43] [INFO] Subiendo: ERP_TEST_18.zip
[2026-07-10 01:32:43] [INFO] Subiendo: ERP_TEST_19.zip
[2026-07-10 01:32:43] [INFO] Subiendo: ERP_TEST_20.zip
[2026-07-10 01:32:43] [INFO] Subiendo: ERP_TEST_21.zip
[2026-07-10 01:32:43] [SUCCESS] Proceso finalizado.
[2026-07-10 01:32:53] [INFO] Ejecutando trabajo: ERP SQL
[2026-07-10 01:32:53] [INFO] === Backup Center iniciado ===
[2026-07-10 01:32:53] [INFO] Subiendo: ERP_TEST.zip
[2026-07-10 01:32:53] [INFO] Subiendo: ERP_TEST_01.zip
[2026-07-10 01:32:53] [INFO] Subiendo: ERP_TEST_02.zip
[2026-07-10 01:32:53] [INFO] Subiendo: ERP_TEST_03.zip
[2026-07-10 01:32:53] [INFO] Subiendo: ERP_TEST_04.bak
[2026-07-10 01:32:53] [INFO] Subiendo: ERP_TEST_05.7z
[2026-07-10 01:32:53] [INFO] Subiendo: ERP_TEST_06.zip
[2026-07-10 01:32:53] [INFO] Subiendo: ERP_TEST_07.zip
[2026-07-10 01:32:53] [INFO] Subiendo: ERP_TEST_08.zip
[2026-07-10 01:32:53] [INFO] Subiendo: ERP_TEST_09.bak
[2026-07-10 01:32:53] [INFO] Subiendo: ERP_TEST_10.7z
[2026-07-10 01:32:53] [INFO] Subiendo: ERP_TEST_11.zip
[2026-07-10 01:32:53] [INFO] Subiendo: ERP_TEST_13.zip
[2026-07-10 01:32:53] [INFO] Subiendo: ERP_TEST_14.zip
[2026-07-10 01:32:53] [INFO] Subiendo: ERP_TEST_15.zip
[2026-07-10 01:32:53] [INFO] Subiendo: ERP_TEST_16.zip
[2026-07-10 01:32:53] [INFO] Subiendo: ERP_TEST_17.zip
[2026-07-10 01:32:53] [INFO] Subiendo: ERP_TEST_18.zip
[2026-07-10 01:32:53] [INFO] Subiendo: ERP_TEST_19.zip
[2026-07-10 01:32:53] [INFO] Subiendo: ERP_TEST_20.zip
[2026-07-10 01:32:53] [INFO] Subiendo: ERP_TEST_21.zip
[2026-07-10 01:32:53] [SUCCESS] Proceso finalizado.
[2026-07-10 01:33:03] [INFO] Ejecutando trabajo: ERP SQL
[2026-07-10 01:33:03] [INFO] === Backup Center iniciado ===
[2026-07-10 01:33:03] [INFO] Subiendo: ERP_TEST.zip
[2026-07-10 01:33:03] [INFO] Subiendo: ERP_TEST_01.zip
[2026-07-10 01:33:03] [INFO] Subiendo: ERP_TEST_02.zip
[2026-07-10 01:33:03] [INFO] Subiendo: ERP_TEST_03.zip
[2026-07-10 01:33:03] [INFO] Subiendo: ERP_TEST_04.bak
[2026-07-10 01:33:03] [INFO] Subiendo: ERP_TEST_05.7z
[2026-07-10 01:33:03] [INFO] Subiendo: ERP_TEST_06.zip
[2026-07-10 01:33:03] [INFO] Subiendo: ERP_TEST_07.zip
[2026-07-10 01:33:03] [INFO] Subiendo: ERP_TEST_08.zip
[2026-07-10 01:33:03] [INFO] Subiendo: ERP_TEST_09.bak
[2026-07-10 01:33:03] [INFO] Subiendo: ERP_TEST_10.7z
[2026-07-10 01:33:03] [INFO] Subiendo: ERP_TEST_11.zip
[2026-07-10 01:33:03] [INFO] Subiendo: ERP_TEST_13.zip
[2026-07-10 01:33:03] [INFO] Subiendo: ERP_TEST_14.zip
[2026-07-10 01:33:03] [INFO] Subiendo: ERP_TEST_15.zip
[2026-07-10 01:33:03] [INFO] Subiendo: ERP_TEST_16.zip
[2026-07-10 01:33:03] [INFO] Subiendo: ERP_TEST_17.zip
[2026-07-10 01:33:03] [INFO] Subiendo: ERP_TEST_18.zip
[2026-07-10 01:33:03] [INFO] Subiendo: ERP_TEST_19.zip
[2026-07-10 01:33:03] [INFO] Subiendo: ERP_TEST_20.zip
[2026-07-10 01:33:03] [INFO] Subiendo: ERP_TEST_21.zip
[2026-07-10 01:33:03] [SUCCESS] Proceso finalizado.
[2026-07-10 01:33:13] [INFO] Ejecutando trabajo: ERP SQL
[2026-07-10 01:33:13] [INFO] === Backup Center iniciado ===
[2026-07-10 01:33:13] [INFO] Subiendo: ERP_TEST.zip
[2026-07-10 01:33:13] [INFO] Subiendo: ERP_TEST_01.zip
[2026-07-10 01:33:13] [INFO] Subiendo: ERP_TEST_02.zip
[2026-07-10 01:33:13] [INFO] Subiendo: ERP_TEST_03.zip
[2026-07-10 01:33:13] [INFO] Subiendo: ERP_TEST_04.bak
[2026-07-10 01:33:13] [INFO] Subiendo: ERP_TEST_05.7z
[2026-07-10 01:33:13] [INFO] Subiendo: ERP_TEST_06.zip
[2026-07-10 01:33:13] [INFO] Subiendo: ERP_TEST_07.zip
[2026-07-10 01:33:13] [INFO] Subiendo: ERP_TEST_08.zip
[2026-07-10 01:33:13] [INFO] Subiendo: ERP_TEST_09.bak
[2026-07-10 01:33:13] [INFO] Subiendo: ERP_TEST_10.7z
[2026-07-10 01:33:13] [INFO] Subiendo: ERP_TEST_11.zip
[2026-07-10 01:33:13] [INFO] Subiendo: ERP_TEST_13.zip
[2026-07-10 01:33:13] [INFO] Subiendo: ERP_TEST_14.zip
[2026-07-10 01:33:13] [INFO] Subiendo: ERP_TEST_15.zip
[2026-07-10 01:33:13] [INFO] Subiendo: ERP_TEST_16.zip
[2026-07-10 01:33:13] [INFO] Subiendo: ERP_TEST_17.zip
[2026-07-10 01:33:13] [INFO] Subiendo: ERP_TEST_18.zip
[2026-07-10 01:33:13] [INFO] Subiendo: ERP_TEST_19.zip
[2026-07-10 01:33:13] [INFO] Subiendo: ERP_TEST_20.zip
[2026-07-10 01:33:13] [INFO] Subiendo: ERP_TEST_21.zip
[2026-07-10 01:33:13] [SUCCESS] Proceso finalizado.
[2026-07-10 01:33:23] [INFO] Ejecutando trabajo: ERP SQL
[2026-07-10 01:33:23] [INFO] === Backup Center iniciado ===
[2026-07-10 01:33:23] [INFO] Subiendo: ERP_TEST.zip
[2026-07-10 01:33:23] [INFO] Subiendo: ERP_TEST_01.zip
[2026-07-10 01:33:23] [INFO] Subiendo: ERP_TEST_02.zip
[2026-07-10 01:33:23] [INFO] Subiendo: ERP_TEST_03.zip
[2026-07-10 01:33:23] [INFO] Subiendo: ERP_TEST_04.bak
[2026-07-10 01:33:23] [INFO] Subiendo: ERP_TEST_05.7z
[2026-07-10 01:33:23] [INFO] Subiendo: ERP_TEST_06.zip
[2026-07-10 01:33:23] [INFO] Subiendo: ERP_TEST_07.zip
[2026-07-10 01:33:23] [INFO] Subiendo: ERP_TEST_08.zip
[2026-07-10 01:33:23] [INFO] Subiendo: ERP_TEST_09.bak
[2026-07-10 01:33:23] [INFO] Subiendo: ERP_TEST_10.7z
[2026-07-10 01:33:23] [INFO] Subiendo: ERP_TEST_11.zip
[2026-07-10 01:33:23] [INFO] Subiendo: ERP_TEST_13.zip
[2026-07-10 01:33:23] [INFO] Subiendo: ERP_TEST_14.zip
[2026-07-10 01:33:23] [INFO] Subiendo: ERP_TEST_15.zip
[2026-07-10 01:33:23] [INFO] Subiendo: ERP_TEST_16.zip
[2026-07-10 01:33:23] [INFO] Subiendo: ERP_TEST_17.zip
[2026-07-10 01:33:23] [INFO] Subiendo: ERP_TEST_18.zip
[2026-07-10 01:33:23] [INFO] Subiendo: ERP_TEST_19.zip
[2026-07-10 01:33:23] [INFO] Subiendo: ERP_TEST_20.zip
[2026-07-10 01:33:23] [INFO] Subiendo: ERP_TEST_21.zip
[2026-07-10 01:33:23] [SUCCESS] Proceso finalizado.
[2026-07-10 01:33:34] [INFO] Ejecutando trabajo: ERP SQL
[2026-07-10 01:33:34] [INFO] === Backup Center iniciado ===
[2026-07-10 01:33:34] [INFO] Subiendo: ERP_TEST.zip
[2026-07-10 01:33:34] [INFO] Subiendo: ERP_TEST_01.zip
[2026-07-10 01:33:34] [INFO] Subiendo: ERP_TEST_02.zip
[2026-07-10 01:33:34] [INFO] Subiendo: ERP_TEST_03.zip
[2026-07-10 01:33:34] [INFO] Subiendo: ERP_TEST_04.bak
[2026-07-10 01:33:34] [INFO] Subiendo: ERP_TEST_05.7z
[2026-07-10 01:33:34] [INFO] Subiendo: ERP_TEST_06.zip
[2026-07-10 01:33:34] [INFO] Subiendo: ERP_TEST_07.zip
[2026-07-10 01:33:34] [INFO] Subiendo: ERP_TEST_08.zip
[2026-07-10 01:33:34] [INFO] Subiendo: ERP_TEST_09.bak
[2026-07-10 01:33:34] [INFO] Subiendo: ERP_TEST_10.7z
[2026-07-10 01:33:34] [INFO] Subiendo: ERP_TEST_11.zip
[2026-07-10 01:33:34] [INFO] Subiendo: ERP_TEST_13.zip
[2026-07-10 01:33:34] [INFO] Subiendo: ERP_TEST_14.zip
[2026-07-10 01:33:34] [INFO] Subiendo: ERP_TEST_15.zip
[2026-07-10 01:33:34] [INFO] Subiendo: ERP_TEST_16.zip
[2026-07-10 01:33:34] [INFO] Subiendo: ERP_TEST_17.zip
[2026-07-10 01:33:34] [INFO] Subiendo: ERP_TEST_18.zip
[2026-07-10 01:33:34] [INFO] Subiendo: ERP_TEST_19.zip
[2026-07-10 01:33:34] [INFO] Subiendo: ERP_TEST_20.zip
[2026-07-10 01:33:34] [INFO] Subiendo: ERP_TEST_21.zip
[2026-07-10 01:33:34] [SUCCESS] Proceso finalizado.
[2026-07-10 01:33:44] [INFO] Ejecutando trabajo: ERP SQL
[2026-07-10 01:33:44] [INFO] === Backup Center iniciado ===
[2026-07-10 01:33:44] [INFO] Subiendo: ERP_TEST.zip
[2026-07-10 01:33:44] [INFO] Subiendo: ERP_TEST_01.zip
[2026-07-10 01:33:44] [INFO] Subiendo: ERP_TEST_02.zip
[2026-07-10 01:33:44] [INFO] Subiendo: ERP_TEST_03.zip
[2026-07-10 01:33:44] [INFO] Subiendo: ERP_TEST_04.bak
[2026-07-10 01:33:44] [INFO] Subiendo: ERP_TEST_05.7z
[2026-07-10 01:33:44] [INFO] Subiendo: ERP_TEST_06.zip
[2026-07-10 01:33:44] [INFO] Subiendo: ERP_TEST_07.zip
[2026-07-10 01:33:44] [INFO] Subiendo: ERP_TEST_08.zip
[2026-07-10 01:33:44] [INFO] Subiendo: ERP_TEST_09.bak
[2026-07-10 01:33:44] [INFO] Subiendo: ERP_TEST_10.7z
[2026-07-10 01:33:44] [INFO] Subiendo: ERP_TEST_11.zip
[2026-07-10 01:33:44] [INFO] Subiendo: ERP_TEST_13.zip
[2026-07-10 01:33:44] [INFO] Subiendo: ERP_TEST_14.zip
[2026-07-10 01:33:44] [INFO] Subiendo: ERP_TEST_15.zip
[2026-07-10 01:33:44] [INFO] Subiendo: ERP_TEST_16.zip
[2026-07-10 01:33:44] [INFO] Subiendo: ERP_TEST_17.zip
[2026-07-10 01:33:44] [INFO] Subiendo: ERP_TEST_18.zip
[2026-07-10 01:33:44] [INFO] Subiendo: ERP_TEST_19.zip
[2026-07-10 01:33:44] [INFO] Subiendo: ERP_TEST_20.zip
[2026-07-10 01:33:44] [INFO] Subiendo: ERP_TEST_21.zip
[2026-07-10 01:33:44] [SUCCESS] Proceso finalizado.
[2026-07-10 01:33:54] [INFO] Ejecutando trabajo: ERP SQL
[2026-07-10 01:33:54] [INFO] === Backup Center iniciado ===
[2026-07-10 01:33:54] [INFO] Subiendo: ERP_TEST.zip
[2026-07-10 01:33:54] [INFO] Subiendo: ERP_TEST_01.zip
[2026-07-10 01:33:54] [INFO] Subiendo: ERP_TEST_02.zip
[2026-07-10 01:33:54] [INFO] Subiendo: ERP_TEST_03.zip
[2026-07-10 01:33:54] [INFO] Subiendo: ERP_TEST_04.bak
[2026-07-10 01:33:54] [INFO] Subiendo: ERP_TEST_05.7z
[2026-07-10 01:33:54] [INFO] Subiendo: ERP_TEST_06.zip
[2026-07-10 01:33:54] [INFO] Subiendo: ERP_TEST_07.zip
[2026-07-10 01:33:54] [INFO] Subiendo: ERP_TEST_08.zip
[2026-07-10 01:33:54] [INFO] Subiendo: ERP_TEST_09.bak
[2026-07-10 01:33:54] [INFO] Subiendo: ERP_TEST_10.7z
[2026-07-10 01:33:54] [INFO] Subiendo: ERP_TEST_11.zip
[2026-07-10 01:33:54] [INFO] Subiendo: ERP_TEST_13.zip
[2026-07-10 01:33:54] [INFO] Subiendo: ERP_TEST_14.zip
[2026-07-10 01:33:54] [INFO] Subiendo: ERP_TEST_15.zip
[2026-07-10 01:33:54] [INFO] Subiendo: ERP_TEST_16.zip
[2026-07-10 01:33:54] [INFO] Subiendo: ERP_TEST_17.zip
[2026-07-10 01:33:54] [INFO] Subiendo: ERP_TEST_18.zip
[2026-07-10 01:33:54] [INFO] Subiendo: ERP_TEST_19.zip
[2026-07-10 01:33:54] [INFO] Subiendo: ERP_TEST_20.zip
[2026-07-10 01:33:54] [INFO] Subiendo: ERP_TEST_21.zip
[2026-07-10 01:33:54] [SUCCESS] Proceso finalizado.
[2026-07-10 01:34:04] [INFO] Ejecutando trabajo: ERP SQL
[2026-07-10 01:34:04] [INFO] === Backup Center iniciado ===
[2026-07-10 01:34:04] [INFO] Subiendo: ERP_TEST.zip
[2026-07-10 01:34:04] [INFO] Subiendo: ERP_TEST_01.zip
[2026-07-10 01:34:04] [INFO] Subiendo: ERP_TEST_02.zip
[2026-07-10 01:34:04] [INFO] Subiendo: ERP_TEST_03.zip
[2026-07-10 01:34:04] [INFO] Subiendo: ERP_TEST_04.bak
[2026-07-10 01:34:04] [INFO] Subiendo: ERP_TEST_05.7z
[2026-07-10 01:34:04] [INFO] Subiendo: ERP_TEST_06.zip
[2026-07-10 01:34:04] [INFO] Subiendo: ERP_TEST_07.zip
[2026-07-10 01:34:04] [INFO] Subiendo: ERP_TEST_08.zip
[2026-07-10 01:34:04] [INFO] Subiendo: ERP_TEST_09.bak
[2026-07-10 01:34:04] [INFO] Subiendo: ERP_TEST_10.7z
[2026-07-10 01:34:04] [INFO] Subiendo: ERP_TEST_11.zip
[2026-07-10 01:34:04] [INFO] Subiendo: ERP_TEST_13.zip
[2026-07-10 01:34:04] [INFO] Subiendo: ERP_TEST_14.zip
[2026-07-10 01:34:04] [INFO] Subiendo: ERP_TEST_15.zip
[2026-07-10 01:34:04] [INFO] Subiendo: ERP_TEST_16.zip
[2026-07-10 01:34:04] [INFO] Subiendo: ERP_TEST_17.zip
[2026-07-10 01:34:04] [INFO] Subiendo: ERP_TEST_18.zip
[2026-07-10 01:34:04] [INFO] Subiendo: ERP_TEST_19.zip
[2026-07-10 01:34:04] [INFO] Subiendo: ERP_TEST_20.zip
[2026-07-10 01:34:04] [INFO] Subiendo: ERP_TEST_21.zip
[2026-07-10 01:34:04] [SUCCESS] Proceso finalizado.
[2026-07-10 01:34:14] [INFO] Ejecutando trabajo: ERP SQL
[2026-07-10 01:34:14] [INFO] === Backup Center iniciado ===
[2026-07-10 01:34:14] [INFO] Subiendo: ERP_TEST.zip
[2026-07-10 01:34:14] [INFO] Subiendo: ERP_TEST_01.zip
[2026-07-10 01:34:14] [INFO] Subiendo: ERP_TEST_02.zip
[2026-07-10 01:34:14] [INFO] Subiendo: ERP_TEST_03.zip
[2026-07-10 01:34:14] [INFO] Subiendo: ERP_TEST_04.bak
[2026-07-10 01:34:14] [INFO] Subiendo: ERP_TEST_05.7z
[2026-07-10 01:34:14] [INFO] Subiendo: ERP_TEST_06.zip
[2026-07-10 01:34:14] [INFO] Subiendo: ERP_TEST_07.zip
[2026-07-10 01:34:14] [INFO] Subiendo: ERP_TEST_08.zip
[2026-07-10 01:34:14] [INFO] Subiendo: ERP_TEST_09.bak
[2026-07-10 01:34:14] [INFO] Subiendo: ERP_TEST_10.7z
[2026-07-10 01:34:14] [INFO] Subiendo: ERP_TEST_11.zip
[2026-07-10 01:34:14] [INFO] Subiendo: ERP_TEST_13.zip
[2026-07-10 01:34:14] [INFO] Subiendo: ERP_TEST_14.zip
[2026-07-10 01:34:14] [INFO] Subiendo: ERP_TEST_15.zip
[2026-07-10 01:34:14] [INFO] Subiendo: ERP_TEST_16.zip
[2026-07-10 01:34:14] [INFO] Subiendo: ERP_TEST_17.zip
[2026-07-10 01:34:14] [INFO] Subiendo: ERP_TEST_18.zip
[2026-07-10 01:34:14] [INFO] Subiendo: ERP_TEST_19.zip
[2026-07-10 01:34:14] [INFO] Subiendo: ERP_TEST_20.zip
[2026-07-10 01:34:14] [INFO] Subiendo: ERP_TEST_21.zip
[2026-07-10 01:34:14] [SUCCESS] Proceso finalizado.
[2026-07-10 01:34:24] [INFO] Ejecutando trabajo: ERP SQL
[2026-07-10 01:34:24] [INFO] === Backup Center iniciado ===
[2026-07-10 01:34:24] [INFO] Subiendo: ERP_TEST.zip
[2026-07-10 01:34:24] [INFO] Subiendo: ERP_TEST_01.zip
[2026-07-10 01:34:24] [INFO] Subiendo: ERP_TEST_02.zip
[2026-07-10 01:34:24] [INFO] Subiendo: ERP_TEST_03.zip
[2026-07-10 01:34:24] [INFO] Subiendo: ERP_TEST_04.bak
[2026-07-10 01:34:24] [INFO] Subiendo: ERP_TEST_05.7z
[2026-07-10 01:34:24] [INFO] Subiendo: ERP_TEST_06.zip
[2026-07-10 01:34:24] [INFO] Subiendo: ERP_TEST_07.zip
[2026-07-10 01:34:24] [INFO] Subiendo: ERP_TEST_08.zip
[2026-07-10 01:34:24] [INFO] Subiendo: ERP_TEST_09.bak
[2026-07-10 01:34:24] [INFO] Subiendo: ERP_TEST_10.7z
[2026-07-10 01:34:24] [INFO] Subiendo: ERP_TEST_11.zip
[2026-07-10 01:34:24] [INFO] Subiendo: ERP_TEST_13.zip
[2026-07-10 01:34:24] [INFO] Subiendo: ERP_TEST_14.zip
[2026-07-10 01:34:24] [INFO] Subiendo: ERP_TEST_15.zip
[2026-07-10 01:34:24] [INFO] Subiendo: ERP_TEST_16.zip
[2026-07-10 01:34:24] [INFO] Subiendo: ERP_TEST_17.zip
[2026-07-10 01:34:24] [INFO] Subiendo: ERP_TEST_18.zip
[2026-07-10 01:34:24] [INFO] Subiendo: ERP_TEST_19.zip
[2026-07-10 01:34:24] [INFO] Subiendo: ERP_TEST_20.zip
[2026-07-10 01:34:24] [INFO] Subiendo: ERP_TEST_21.zip
[2026-07-10 01:34:24] [SUCCESS] Proceso finalizado.
[2026-07-10 01:34:34] [INFO] Ejecutando trabajo: ERP SQL
[2026-07-10 01:34:34] [INFO] === Backup Center iniciado ===
[2026-07-10 01:34:34] [INFO] Subiendo: ERP_TEST.zip
[2026-07-10 01:34:34] [INFO] Subiendo: ERP_TEST_01.zip
[2026-07-10 01:34:34] [INFO] Subiendo: ERP_TEST_02.zip
[2026-07-10 01:34:34] [INFO] Subiendo: ERP_TEST_03.zip
[2026-07-10 01:34:34] [INFO] Subiendo: ERP_TEST_04.bak
[2026-07-10 01:34:34] [INFO] Subiendo: ERP_TEST_05.7z
[2026-07-10 01:34:34] [INFO] Subiendo: ERP_TEST_06.zip
[2026-07-10 01:34:34] [INFO] Subiendo: ERP_TEST_07.zip
[2026-07-10 01:34:34] [INFO] Subiendo: ERP_TEST_08.zip
[2026-07-10 01:34:34] [INFO] Subiendo: ERP_TEST_09.bak
[2026-07-10 01:34:34] [INFO] Subiendo: ERP_TEST_10.7z
[2026-07-10 01:34:34] [INFO] Subiendo: ERP_TEST_11.zip
[2026-07-10 01:34:34] [INFO] Subiendo: ERP_TEST_13.zip
[2026-07-10 01:34:34] [INFO] Subiendo: ERP_TEST_14.zip
[2026-07-10 01:34:34] [INFO] Subiendo: ERP_TEST_15.zip
[2026-07-10 01:34:34] [INFO] Subiendo: ERP_TEST_16.zip
[2026-07-10 01:34:34] [INFO] Subiendo: ERP_TEST_17.zip
[2026-07-10 01:34:34] [INFO] Subiendo: ERP_TEST_18.zip
[2026-07-10 01:34:34] [INFO] Subiendo: ERP_TEST_19.zip
[2026-07-10 01:34:34] [INFO] Subiendo: ERP_TEST_20.zip
[2026-07-10 01:34:34] [INFO] Subiendo: ERP_TEST_21.zip
[2026-07-10 01:34:34] [SUCCESS] Proceso finalizado.
[2026-07-10 01:34:44] [INFO] Ejecutando trabajo: ERP SQL
[2026-07-10 01:34:44] [INFO] === Backup Center iniciado ===
[2026-07-10 01:34:44] [INFO] Subiendo: ERP_TEST.zip
[2026-07-10 01:34:44] [INFO] Subiendo: ERP_TEST_01.zip
[2026-07-10 01:34:44] [INFO] Subiendo: ERP_TEST_02.zip
[2026-07-10 01:34:44] [INFO] Subiendo: ERP_TEST_03.zip
[2026-07-10 01:34:44] [INFO] Subiendo: ERP_TEST_04.bak
[2026-07-10 01:34:44] [INFO] Subiendo: ERP_TEST_05.7z
[2026-07-10 01:34:44] [INFO] Subiendo: ERP_TEST_06.zip
[2026-07-10 01:34:44] [INFO] Subiendo: ERP_TEST_07.zip
[2026-07-10 01:34:44] [INFO] Subiendo: ERP_TEST_08.zip
[2026-07-10 01:34:44] [INFO] Subiendo: ERP_TEST_09.bak
[2026-07-10 01:34:44] [INFO] Subiendo: ERP_TEST_10.7z
[2026-07-10 01:34:44] [INFO] Subiendo: ERP_TEST_11.zip
[2026-07-10 01:34:44] [INFO] Subiendo: ERP_TEST_13.zip
[2026-07-10 01:34:44] [INFO] Subiendo: ERP_TEST_14.zip
[2026-07-10 01:34:44] [INFO] Subiendo: ERP_TEST_15.zip
[2026-07-10 01:34:44] [INFO] Subiendo: ERP_TEST_16.zip
[2026-07-10 01:34:44] [INFO] Subiendo: ERP_TEST_17.zip
[2026-07-10 01:34:44] [INFO] Subiendo: ERP_TEST_18.zip
[2026-07-10 01:34:44] [INFO] Subiendo: ERP_TEST_19.zip
[2026-07-10 01:34:44] [INFO] Subiendo: ERP_TEST_20.zip
[2026-07-10 01:34:44] [INFO] Subiendo: ERP_TEST_21.zip
[2026-07-10 01:34:44] [SUCCESS] Proceso finalizado.
[2026-07-10 01:34:54] [INFO] Ejecutando trabajo: ERP SQL
[2026-07-10 01:34:54] [INFO] === Backup Center iniciado ===
[2026-07-10 01:34:54] [INFO] Subiendo: ERP_TEST.zip
[2026-07-10 01:34:54] [INFO] Subiendo: ERP_TEST_01.zip
[2026-07-10 01:34:54] [INFO] Subiendo: ERP_TEST_02.zip
[2026-07-10 01:34:54] [INFO] Subiendo: ERP_TEST_03.zip
[2026-07-10 01:34:54] [INFO] Subiendo: ERP_TEST_04.bak
[2026-07-10 01:34:54] [INFO] Subiendo: ERP_TEST_05.7z
[2026-07-10 01:34:54] [INFO] Subiendo: ERP_TEST_06.zip
[2026-07-10 01:34:54] [INFO] Subiendo: ERP_TEST_07.zip
[2026-07-10 01:34:54] [INFO] Subiendo: ERP_TEST_08.zip
[2026-07-10 01:34:54] [INFO] Subiendo: ERP_TEST_09.bak
[2026-07-10 01:34:54] [INFO] Subiendo: ERP_TEST_10.7z
[2026-07-10 01:34:54] [INFO] Subiendo: ERP_TEST_11.zip
[2026-07-10 01:34:54] [INFO] Subiendo: ERP_TEST_13.zip
[2026-07-10 01:34:54] [INFO] Subiendo: ERP_TEST_14.zip
[2026-07-10 01:34:54] [INFO] Subiendo: ERP_TEST_15.zip
[2026-07-10 01:34:54] [INFO] Subiendo: ERP_TEST_16.zip
[2026-07-10 01:34:54] [INFO] Subiendo: ERP_TEST_17.zip
[2026-07-10 01:34:54] [INFO] Subiendo: ERP_TEST_18.zip
[2026-07-10 01:34:54] [INFO] Subiendo: ERP_TEST_19.zip
[2026-07-10 01:34:54] [INFO] Subiendo: ERP_TEST_20.zip
[2026-07-10 01:34:54] [INFO] Subiendo: ERP_TEST_21.zip
[2026-07-10 01:34:54] [SUCCESS] Proceso finalizado.
[2026-07-10 01:35:04] [INFO] Ejecutando trabajo: ERP SQL
[2026-07-10 01:35:04] [INFO] === Backup Center iniciado ===
[2026-07-10 01:35:04] [INFO] Subiendo: ERP_TEST.zip
[2026-07-10 01:35:04] [INFO] Subiendo: ERP_TEST_01.zip
[2026-07-10 01:35:04] [INFO] Subiendo: ERP_TEST_02.zip
[2026-07-10 01:35:04] [INFO] Subiendo: ERP_TEST_03.zip
[2026-07-10 01:35:04] [INFO] Subiendo: ERP_TEST_04.bak
[2026-07-10 01:35:04] [INFO] Subiendo: ERP_TEST_05.7z
[2026-07-10 01:35:04] [INFO] Subiendo: ERP_TEST_06.zip
[2026-07-10 01:35:04] [INFO] Subiendo: ERP_TEST_07.zip
[2026-07-10 01:35:04] [INFO] Subiendo: ERP_TEST_08.zip
[2026-07-10 01:35:04] [INFO] Subiendo: ERP_TEST_09.bak
[2026-07-10 01:35:04] [INFO] Subiendo: ERP_TEST_10.7z
[2026-07-10 01:35:04] [INFO] Subiendo: ERP_TEST_11.zip
[2026-07-10 01:35:04] [INFO] Subiendo: ERP_TEST_13.zip
[2026-07-10 01:35:04] [INFO] Subiendo: ERP_TEST_14.zip
[2026-07-10 01:35:04] [INFO] Subiendo: ERP_TEST_15.zip
[2026-07-10 01:35:04] [INFO] Subiendo: ERP_TEST_16.zip
[2026-07-10 01:35:04] [INFO] Subiendo: ERP_TEST_17.zip
[2026-07-10 01:35:04] [INFO] Subiendo: ERP_TEST_18.zip
[2026-07-10 01:35:04] [INFO] Subiendo: ERP_TEST_19.zip
[2026-07-10 01:35:04] [INFO] Subiendo: ERP_TEST_20.zip
[2026-07-10 01:35:04] [INFO] Subiendo: ERP_TEST_21.zip
[2026-07-10 01:35:04] [SUCCESS] Proceso finalizado.
[2026-07-10 01:35:14] [INFO] Ejecutando trabajo: ERP SQL
[2026-07-10 01:35:14] [INFO] === Backup Center iniciado ===
[2026-07-10 01:35:14] [INFO] Subiendo: ERP_TEST.zip
[2026-07-10 01:35:14] [INFO] Subiendo: ERP_TEST_01.zip
[2026-07-10 01:35:14] [INFO] Subiendo: ERP_TEST_02.zip
[2026-07-10 01:35:14] [INFO] Subiendo: ERP_TEST_03.zip
[2026-07-10 01:35:14] [INFO] Subiendo: ERP_TEST_04.bak
[2026-07-10 01:35:14] [INFO] Subiendo: ERP_TEST_05.7z
[2026-07-10 01:35:14] [INFO] Subiendo: ERP_TEST_06.zip
[2026-07-10 01:35:14] [INFO] Subiendo: ERP_TEST_07.zip
[2026-07-10 01:35:14] [INFO] Subiendo: ERP_TEST_08.zip
[2026-07-10 01:35:14] [INFO] Subiendo: ERP_TEST_09.bak
[2026-07-10 01:35:14] [INFO] Subiendo: ERP_TEST_10.7z
[2026-07-10 01:35:14] [INFO] Subiendo: ERP_TEST_11.zip
[2026-07-10 01:35:14] [INFO] Subiendo: ERP_TEST_13.zip
[2026-07-10 01:35:14] [INFO] Subiendo: ERP_TEST_14.zip
[2026-07-10 01:35:14] [INFO] Subiendo: ERP_TEST_15.zip
[2026-07-10 01:35:14] [INFO] Subiendo: ERP_TEST_16.zip
[2026-07-10 01:35:14] [INFO] Subiendo: ERP_TEST_17.zip
[2026-07-10 01:35:14] [INFO] Subiendo: ERP_TEST_18.zip
[2026-07-10 01:35:14] [INFO] Subiendo: ERP_TEST_19.zip
[2026-07-10 01:35:14] [INFO] Subiendo: ERP_TEST_20.zip
[2026-07-10 01:35:14] [INFO] Subiendo: ERP_TEST_21.zip
[2026-07-10 01:35:14] [SUCCESS] Proceso finalizado.
[2026-07-10 01:35:24] [INFO] Ejecutando trabajo: ERP SQL
[2026-07-10 01:35:24] [INFO] === Backup Center iniciado ===
[2026-07-10 01:35:24] [INFO] Subiendo: ERP_TEST.zip
[2026-07-10 01:35:24] [INFO] Subiendo: ERP_TEST_01.zip
[2026-07-10 01:35:24] [INFO] Subiendo: ERP_TEST_02.zip
[2026-07-10 01:35:24] [INFO] Subiendo: ERP_TEST_03.zip
[2026-07-10 01:35:24] [INFO] Subiendo: ERP_TEST_04.bak
[2026-07-10 01:35:24] [INFO] Subiendo: ERP_TEST_05.7z
[2026-07-10 01:35:24] [INFO] Subiendo: ERP_TEST_06.zip
[2026-07-10 01:35:24] [INFO] Subiendo: ERP_TEST_07.zip
[2026-07-10 01:35:24] [INFO] Subiendo: ERP_TEST_08.zip
[2026-07-10 01:35:24] [INFO] Subiendo: ERP_TEST_09.bak
[2026-07-10 01:35:24] [INFO] Subiendo: ERP_TEST_10.7z
[2026-07-10 01:35:24] [INFO] Subiendo: ERP_TEST_11.zip
[2026-07-10 01:35:24] [INFO] Subiendo: ERP_TEST_13.zip
[2026-07-10 01:35:24] [INFO] Subiendo: ERP_TEST_14.zip
[2026-07-10 01:35:24] [INFO] Subiendo: ERP_TEST_15.zip
[2026-07-10 01:35:24] [INFO] Subiendo: ERP_TEST_16.zip
[2026-07-10 01:35:24] [INFO] Subiendo: ERP_TEST_17.zip
[2026-07-10 01:35:24] [INFO] Subiendo: ERP_TEST_18.zip
[2026-07-10 01:35:24] [INFO] Subiendo: ERP_TEST_19.zip
[2026-07-10 01:35:24] [INFO] Subiendo: ERP_TEST_20.zip
[2026-07-10 01:35:24] [INFO] Subiendo: ERP_TEST_21.zip
[2026-07-10 01:35:24] [SUCCESS] Proceso finalizado.
[2026-07-10 01:35:35] [INFO] Ejecutando trabajo: ERP SQL
[2026-07-10 01:35:35] [INFO] === Backup Center iniciado ===
[2026-07-10 01:35:35] [INFO] Subiendo: ERP_TEST.zip
[2026-07-10 01:35:35] [INFO] Subiendo: ERP_TEST_01.zip
[2026-07-10 01:35:35] [INFO] Subiendo: ERP_TEST_02.zip
[2026-07-10 01:35:35] [INFO] Subiendo: ERP_TEST_03.zip
[2026-07-10 01:35:35] [INFO] Subiendo: ERP_TEST_04.bak
[2026-07-10 01:35:35] [INFO] Subiendo: ERP_TEST_05.7z
[2026-07-10 01:35:35] [INFO] Subiendo: ERP_TEST_06.zip
[2026-07-10 01:35:35] [INFO] Subiendo: ERP_TEST_07.zip
[2026-07-10 01:35:35] [INFO] Subiendo: ERP_TEST_08.zip
[2026-07-10 01:35:35] [INFO] Subiendo: ERP_TEST_09.bak
[2026-07-10 01:35:35] [INFO] Subiendo: ERP_TEST_10.7z
[2026-07-10 01:35:35] [INFO] Subiendo: ERP_TEST_11.zip
[2026-07-10 01:35:35] [INFO] Subiendo: ERP_TEST_13.zip
[2026-07-10 01:35:35] [INFO] Subiendo: ERP_TEST_14.zip
[2026-07-10 01:35:35] [INFO] Subiendo: ERP_TEST_15.zip
[2026-07-10 01:35:35] [INFO] Subiendo: ERP_TEST_16.zip
[2026-07-10 01:35:35] [INFO] Subiendo: ERP_TEST_17.zip
[2026-07-10 01:35:35] [INFO] Subiendo: ERP_TEST_18.zip
[2026-07-10 01:35:35] [INFO] Subiendo: ERP_TEST_19.zip
[2026-07-10 01:35:35] [INFO] Subiendo: ERP_TEST_20.zip
[2026-07-10 01:35:35] [INFO] Subiendo: ERP_TEST_21.zip
[2026-07-10 01:35:35] [SUCCESS] Proceso finalizado.
[2026-07-10 01:35:45] [INFO] Ejecutando trabajo: ERP SQL
[2026-07-10 01:35:45] [INFO] === Backup Center iniciado ===
[2026-07-10 01:35:45] [INFO] Subiendo: ERP_TEST.zip
[2026-07-10 01:35:45] [INFO] Subiendo: ERP_TEST_01.zip
[2026-07-10 01:35:45] [INFO] Subiendo: ERP_TEST_02.zip
[2026-07-10 01:35:45] [INFO] Subiendo: ERP_TEST_03.zip
[2026-07-10 01:35:45] [INFO] Subiendo: ERP_TEST_04.bak
[2026-07-10 01:35:45] [INFO] Subiendo: ERP_TEST_05.7z
[2026-07-10 01:35:45] [INFO] Subiendo: ERP_TEST_06.zip
[2026-07-10 01:35:45] [INFO] Subiendo: ERP_TEST_07.zip
[2026-07-10 01:35:45] [INFO] Subiendo: ERP_TEST_08.zip
[2026-07-10 01:35:45] [INFO] Subiendo: ERP_TEST_09.bak
[2026-07-10 01:35:45] [INFO] Subiendo: ERP_TEST_10.7z
[2026-07-10 01:35:45] [INFO] Subiendo: ERP_TEST_11.zip
[2026-07-10 01:35:45] [INFO] Subiendo: ERP_TEST_13.zip
[2026-07-10 01:35:45] [INFO] Subiendo: ERP_TEST_14.zip
[2026-07-10 01:35:45] [INFO] Subiendo: ERP_TEST_15.zip
[2026-07-10 01:35:45] [INFO] Subiendo: ERP_TEST_16.zip
[2026-07-10 01:35:45] [INFO] Subiendo: ERP_TEST_17.zip
[2026-07-10 01:35:45] [INFO] Subiendo: ERP_TEST_18.zip
[2026-07-10 01:35:45] [INFO] Subiendo: ERP_TEST_19.zip
[2026-07-10 01:35:45] [INFO] Subiendo: ERP_TEST_20.zip
[2026-07-10 01:35:45] [INFO] Subiendo: ERP_TEST_21.zip
[2026-07-10 01:35:45] [SUCCESS] Proceso finalizado.
[2026-07-10 01:35:53] [INFO] Ejecutando trabajo: ERP SQL
[2026-07-10 01:35:53] [INFO] === Backup Center iniciado ===
[2026-07-10 01:35:53] [INFO] Subiendo: ERP_TEST.zip
[2026-07-10 01:35:53] [INFO] Subiendo: ERP_TEST_01.zip
[2026-07-10 01:35:53] [INFO] Subiendo: ERP_TEST_02.zip
[2026-07-10 01:35:53] [INFO] Subiendo: ERP_TEST_03.zip
[2026-07-10 01:35:53] [INFO] Subiendo: ERP_TEST_04.bak
[2026-07-10 01:35:53] [INFO] Subiendo: ERP_TEST_05.7z
[2026-07-10 01:35:53] [INFO] Subiendo: ERP_TEST_06.zip
[2026-07-10 01:35:53] [INFO] Subiendo: ERP_TEST_07.zip
[2026-07-10 01:35:53] [INFO] Subiendo: ERP_TEST_08.zip
[2026-07-10 01:35:53] [INFO] Subiendo: ERP_TEST_09.bak
[2026-07-10 01:35:53] [INFO] Subiendo: ERP_TEST_10.7z
[2026-07-10 01:35:53] [INFO] Subiendo: ERP_TEST_11.zip
[2026-07-10 01:35:53] [INFO] Subiendo: ERP_TEST_13.zip
[2026-07-10 01:35:53] [INFO] Subiendo: ERP_TEST_14.zip
[2026-07-10 01:35:53] [INFO] Subiendo: ERP_TEST_15.zip
[2026-07-10 01:35:53] [INFO] Subiendo: ERP_TEST_16.zip
[2026-07-10 01:35:53] [INFO] Subiendo: ERP_TEST_17.zip
[2026-07-10 01:35:53] [INFO] Subiendo: ERP_TEST_18.zip
[2026-07-10 01:35:53] [INFO] Subiendo: ERP_TEST_19.zip
[2026-07-10 01:35:53] [INFO] Subiendo: ERP_TEST_20.zip
[2026-07-10 01:35:53] [INFO] Subiendo: ERP_TEST_21.zip
[2026-07-10 01:35:53] [SUCCESS] Proceso finalizado.
[2026-07-10 01:36:03] [INFO] Ejecutando trabajo: ERP SQL
[2026-07-10 01:36:03] [INFO] === Backup Center iniciado ===
[2026-07-10 01:36:03] [INFO] Subiendo: ERP_TEST.zip
[2026-07-10 01:36:03] [INFO] Subiendo: ERP_TEST_01.zip
[2026-07-10 01:36:03] [INFO] Subiendo: ERP_TEST_02.zip
[2026-07-10 01:36:03] [INFO] Subiendo: ERP_TEST_03.zip
[2026-07-10 01:36:03] [INFO] Subiendo: ERP_TEST_04.bak
[2026-07-10 01:36:03] [INFO] Subiendo: ERP_TEST_05.7z
[2026-07-10 01:36:03] [INFO] Subiendo: ERP_TEST_06.zip
[2026-07-10 01:36:03] [INFO] Subiendo: ERP_TEST_07.zip
[2026-07-10 01:36:03] [INFO] Subiendo: ERP_TEST_08.zip
[2026-07-10 01:36:03] [INFO] Subiendo: ERP_TEST_09.bak
[2026-07-10 01:36:03] [INFO] Subiendo: ERP_TEST_10.7z
[2026-07-10 01:36:03] [INFO] Subiendo: ERP_TEST_11.zip
[2026-07-10 01:36:03] [INFO] Subiendo: ERP_TEST_13.zip
[2026-07-10 01:36:03] [INFO] Subiendo: ERP_TEST_14.zip
[2026-07-10 01:36:03] [INFO] Subiendo: ERP_TEST_15.zip
[2026-07-10 01:36:03] [INFO] Subiendo: ERP_TEST_16.zip
[2026-07-10 01:36:03] [INFO] Subiendo: ERP_TEST_17.zip
[2026-07-10 01:36:03] [INFO] Subiendo: ERP_TEST_18.zip
[2026-07-10 01:36:03] [INFO] Subiendo: ERP_TEST_19.zip
[2026-07-10 01:36:03] [INFO] Subiendo: ERP_TEST_20.zip
[2026-07-10 01:36:03] [INFO] Subiendo: ERP_TEST_21.zip
[2026-07-10 01:36:03] [SUCCESS] Proceso finalizado.
[2026-07-10 01:36:13] [INFO] Ejecutando trabajo: ERP SQL
[2026-07-10 01:36:13] [INFO] === Backup Center iniciado ===
[2026-07-10 01:36:13] [INFO] Subiendo: ERP_TEST.zip
[2026-07-10 01:36:13] [INFO] Subiendo: ERP_TEST_01.zip
[2026-07-10 01:36:13] [INFO] Subiendo: ERP_TEST_02.zip
[2026-07-10 01:36:13] [INFO] Subiendo: ERP_TEST_03.zip
[2026-07-10 01:36:13] [INFO] Subiendo: ERP_TEST_04.bak
[2026-07-10 01:36:13] [INFO] Subiendo: ERP_TEST_05.7z
[2026-07-10 01:36:13] [INFO] Subiendo: ERP_TEST_06.zip
[2026-07-10 01:36:13] [INFO] Subiendo: ERP_TEST_07.zip
[2026-07-10 01:36:13] [INFO] Subiendo: ERP_TEST_08.zip
[2026-07-10 01:36:13] [INFO] Subiendo: ERP_TEST_09.bak
[2026-07-10 01:36:13] [INFO] Subiendo: ERP_TEST_10.7z
[2026-07-10 01:36:13] [INFO] Subiendo: ERP_TEST_11.zip
[2026-07-10 01:36:13] [INFO] Subiendo: ERP_TEST_13.zip
[2026-07-10 01:36:13] [INFO] Subiendo: ERP_TEST_14.zip
[2026-07-10 01:36:13] [INFO] Subiendo: ERP_TEST_15.zip
[2026-07-10 01:36:13] [INFO] Subiendo: ERP_TEST_16.zip
[2026-07-10 01:36:13] [INFO] Subiendo: ERP_TEST_17.zip
[2026-07-10 01:36:13] [INFO] Subiendo: ERP_TEST_18.zip
[2026-07-10 01:36:13] [INFO] Subiendo: ERP_TEST_19.zip
[2026-07-10 01:36:13] [INFO] Subiendo: ERP_TEST_20.zip
[2026-07-10 01:36:13] [INFO] Subiendo: ERP_TEST_21.zip
[2026-07-10 01:36:13] [SUCCESS] Proceso finalizado.
[2026-07-10 01:36:23] [INFO] Ejecutando trabajo: ERP SQL
[2026-07-10 01:36:23] [INFO] === Backup Center iniciado ===
[2026-07-10 01:36:23] [INFO] Subiendo: ERP_TEST.zip
[2026-07-10 01:36:23] [INFO] Subiendo: ERP_TEST_01.zip
[2026-07-10 01:36:23] [INFO] Subiendo: ERP_TEST_02.zip
[2026-07-10 01:36:23] [INFO] Subiendo: ERP_TEST_03.zip
[2026-07-10 01:36:23] [INFO] Subiendo: ERP_TEST_04.bak
[2026-07-10 01:36:23] [INFO] Subiendo: ERP_TEST_05.7z
[2026-07-10 01:36:23] [INFO] Subiendo: ERP_TEST_06.zip
[2026-07-10 01:36:23] [INFO] Subiendo: ERP_TEST_07.zip
[2026-07-10 01:36:23] [INFO] Subiendo: ERP_TEST_08.zip
[2026-07-10 01:36:23] [INFO] Subiendo: ERP_TEST_09.bak
[2026-07-10 01:36:23] [INFO] Subiendo: ERP_TEST_10.7z
[2026-07-10 01:36:23] [INFO] Subiendo: ERP_TEST_11.zip
[2026-07-10 01:36:23] [INFO] Subiendo: ERP_TEST_13.zip
[2026-07-10 01:36:23] [INFO] Subiendo: ERP_TEST_14.zip
[2026-07-10 01:36:23] [INFO] Subiendo: ERP_TEST_15.zip
[2026-07-10 01:36:23] [INFO] Subiendo: ERP_TEST_16.zip
[2026-07-10 01:36:23] [INFO] Subiendo: ERP_TEST_17.zip
[2026-07-10 01:36:23] [INFO] Subiendo: ERP_TEST_18.zip
[2026-07-10 01:36:23] [INFO] Subiendo: ERP_TEST_19.zip
[2026-07-10 01:36:23] [INFO] Subiendo: ERP_TEST_20.zip
[2026-07-10 01:36:23] [INFO] Subiendo: ERP_TEST_21.zip
[2026-07-10 01:36:23] [SUCCESS] Proceso finalizado.
[2026-07-10 01:36:33] [INFO] Ejecutando trabajo: ERP SQL
[2026-07-10 01:36:33] [INFO] === Backup Center iniciado ===
[2026-07-10 01:36:33] [INFO] Subiendo: ERP_TEST.zip
[2026-07-10 01:36:33] [INFO] Subiendo: ERP_TEST_01.zip
[2026-07-10 01:36:33] [INFO] Subiendo: ERP_TEST_02.zip
[2026-07-10 01:36:33] [INFO] Subiendo: ERP_TEST_03.zip
[2026-07-10 01:36:33] [INFO] Subiendo: ERP_TEST_04.bak
[2026-07-10 01:36:33] [INFO] Subiendo: ERP_TEST_05.7z
[2026-07-10 01:36:33] [INFO] Subiendo: ERP_TEST_06.zip
[2026-07-10 01:36:33] [INFO] Subiendo: ERP_TEST_07.zip
[2026-07-10 01:36:33] [INFO] Subiendo: ERP_TEST_08.zip
[2026-07-10 01:36:33] [INFO] Subiendo: ERP_TEST_09.bak
[2026-07-10 01:36:33] [INFO] Subiendo: ERP_TEST_10.7z
[2026-07-10 01:36:33] [INFO] Subiendo: ERP_TEST_11.zip
[2026-07-10 01:36:33] [INFO] Subiendo: ERP_TEST_13.zip
[2026-07-10 01:36:33] [INFO] Subiendo: ERP_TEST_14.zip
[2026-07-10 01:36:33] [INFO] Subiendo: ERP_TEST_15.zip
[2026-07-10 01:36:33] [INFO] Subiendo: ERP_TEST_16.zip
[2026-07-10 01:36:33] [INFO] Subiendo: ERP_TEST_17.zip
[2026-07-10 01:36:33] [INFO] Subiendo: ERP_TEST_18.zip
[2026-07-10 01:36:33] [INFO] Subiendo: ERP_TEST_19.zip
[2026-07-10 01:36:33] [INFO] Subiendo: ERP_TEST_20.zip
[2026-07-10 01:36:33] [INFO] Subiendo: ERP_TEST_21.zip
[2026-07-10 01:36:33] [SUCCESS] Proceso finalizado.
[2026-07-10 01:36:43] [INFO] Ejecutando trabajo: ERP SQL
[2026-07-10 01:36:43] [INFO] === Backup Center iniciado ===
[2026-07-10 01:36:43] [INFO] Subiendo: ERP_TEST.zip
[2026-07-10 01:36:43] [INFO] Subiendo: ERP_TEST_01.zip
[2026-07-10 01:36:43] [INFO] Subiendo: ERP_TEST_02.zip
[2026-07-10 01:36:43] [INFO] Subiendo: ERP_TEST_03.zip
[2026-07-10 01:36:43] [INFO] Subiendo: ERP_TEST_04.bak
[2026-07-10 01:36:43] [INFO] Subiendo: ERP_TEST_05.7z
[2026-07-10 01:36:43] [INFO] Subiendo: ERP_TEST_06.zip
[2026-07-10 01:36:43] [INFO] Subiendo: ERP_TEST_07.zip
[2026-07-10 01:36:43] [INFO] Subiendo: ERP_TEST_08.zip
[2026-07-10 01:36:43] [INFO] Subiendo: ERP_TEST_09.bak
[2026-07-10 01:36:43] [INFO] Subiendo: ERP_TEST_10.7z
[2026-07-10 01:36:43] [INFO] Subiendo: ERP_TEST_11.zip
[2026-07-10 01:36:43] [INFO] Subiendo: ERP_TEST_13.zip
[2026-07-10 01:36:43] [INFO] Subiendo: ERP_TEST_14.zip
[2026-07-10 01:36:43] [INFO] Subiendo: ERP_TEST_15.zip
[2026-07-10 01:36:43] [INFO] Subiendo: ERP_TEST_16.zip
[2026-07-10 01:36:43] [INFO] Subiendo: ERP_TEST_17.zip
[2026-07-10 01:36:43] [INFO] Subiendo: ERP_TEST_18.zip
[2026-07-10 01:36:43] [INFO] Subiendo: ERP_TEST_19.zip
[2026-07-10 01:36:43] [INFO] Subiendo: ERP_TEST_20.zip
[2026-07-10 01:36:43] [INFO] Subiendo: ERP_TEST_21.zip
[2026-07-10 01:36:43] [SUCCESS] Proceso finalizado.
[2026-07-10 01:36:53] [INFO] Ejecutando trabajo: ERP SQL
[2026-07-10 01:36:53] [INFO] === Backup Center iniciado ===
[2026-07-10 01:36:53] [INFO] Subiendo: ERP_TEST.zip
[2026-07-10 01:36:53] [INFO] Subiendo: ERP_TEST_01.zip
[2026-07-10 01:36:53] [INFO] Subiendo: ERP_TEST_02.zip
[2026-07-10 01:36:53] [INFO] Subiendo: ERP_TEST_03.zip
[2026-07-10 01:36:53] [INFO] Subiendo: ERP_TEST_04.bak
[2026-07-10 01:36:53] [INFO] Subiendo: ERP_TEST_05.7z
[2026-07-10 01:36:53] [INFO] Subiendo: ERP_TEST_06.zip
[2026-07-10 01:36:53] [INFO] Subiendo: ERP_TEST_07.zip
[2026-07-10 01:36:53] [INFO] Subiendo: ERP_TEST_08.zip
[2026-07-10 01:36:53] [INFO] Subiendo: ERP_TEST_09.bak
[2026-07-10 01:36:53] [INFO] Subiendo: ERP_TEST_10.7z
[2026-07-10 01:36:53] [INFO] Subiendo: ERP_TEST_11.zip
[2026-07-10 01:36:53] [INFO] Subiendo: ERP_TEST_13.zip
[2026-07-10 01:36:53] [INFO] Subiendo: ERP_TEST_14.zip
[2026-07-10 01:36:53] [INFO] Subiendo: ERP_TEST_15.zip
[2026-07-10 01:36:53] [INFO] Subiendo: ERP_TEST_16.zip
[2026-07-10 01:36:53] [INFO] Subiendo: ERP_TEST_17.zip
[2026-07-10 01:36:53] [INFO] Subiendo: ERP_TEST_18.zip
[2026-07-10 01:36:53] [INFO] Subiendo: ERP_TEST_19.zip
[2026-07-10 01:36:53] [INFO] Subiendo: ERP_TEST_20.zip
[2026-07-10 01:36:53] [INFO] Subiendo: ERP_TEST_21.zip
[2026-07-10 01:36:53] [SUCCESS] Proceso finalizado.
[2026-07-10 01:37:03] [INFO] Ejecutando trabajo: ERP SQL
[2026-07-10 01:37:03] [INFO] === Backup Center iniciado ===
[2026-07-10 01:37:03] [INFO] Subiendo: ERP_TEST.zip
[2026-07-10 01:37:03] [INFO] Subiendo: ERP_TEST_01.zip
[2026-07-10 01:37:03] [INFO] Subiendo: ERP_TEST_02.zip
[2026-07-10 01:37:03] [INFO] Subiendo: ERP_TEST_03.zip
[2026-07-10 01:37:03] [INFO] Subiendo: ERP_TEST_04.bak
[2026-07-10 01:37:03] [INFO] Subiendo: ERP_TEST_05.7z
[2026-07-10 01:37:03] [INFO] Subiendo: ERP_TEST_06.zip
[2026-07-10 01:37:03] [INFO] Subiendo: ERP_TEST_07.zip
[2026-07-10 01:37:03] [INFO] Subiendo: ERP_TEST_08.zip
[2026-07-10 01:37:03] [INFO] Subiendo: ERP_TEST_09.bak
[2026-07-10 01:37:03] [INFO] Subiendo: ERP_TEST_10.7z
[2026-07-10 01:37:03] [INFO] Subiendo: ERP_TEST_11.zip
[2026-07-10 01:37:03] [INFO] Subiendo: ERP_TEST_13.zip
[2026-07-10 01:37:03] [INFO] Subiendo: ERP_TEST_14.zip
[2026-07-10 01:37:03] [INFO] Subiendo: ERP_TEST_15.zip
[2026-07-10 01:37:03] [INFO] Subiendo: ERP_TEST_16.zip
[2026-07-10 01:37:03] [INFO] Subiendo: ERP_TEST_17.zip
[2026-07-10 01:37:03] [INFO] Subiendo: ERP_TEST_18.zip
[2026-07-10 01:37:03] [INFO] Subiendo: ERP_TEST_19.zip
[2026-07-10 01:37:03] [INFO] Subiendo: ERP_TEST_20.zip
[2026-07-10 01:37:03] [INFO] Subiendo: ERP_TEST_21.zip
[2026-07-10 01:37:03] [SUCCESS] Proceso finalizado.
[2026-07-10 01:37:14] [INFO] Ejecutando trabajo: ERP SQL
[2026-07-10 01:37:14] [INFO] === Backup Center iniciado ===
[2026-07-10 01:37:14] [INFO] Subiendo: ERP_TEST.zip
[2026-07-10 01:37:14] [INFO] Subiendo: ERP_TEST_01.zip
[2026-07-10 01:37:14] [INFO] Subiendo: ERP_TEST_02.zip
[2026-07-10 01:37:14] [INFO] Subiendo: ERP_TEST_03.zip
[2026-07-10 01:37:14] [INFO] Subiendo: ERP_TEST_04.bak
[2026-07-10 01:37:14] [INFO] Subiendo: ERP_TEST_05.7z
[2026-07-10 01:37:14] [INFO] Subiendo: ERP_TEST_06.zip
[2026-07-10 01:37:14] [INFO] Subiendo: ERP_TEST_07.zip
[2026-07-10 01:37:14] [INFO] Subiendo: ERP_TEST_08.zip
[2026-07-10 01:37:14] [INFO] Subiendo: ERP_TEST_09.bak
[2026-07-10 01:37:14] [INFO] Subiendo: ERP_TEST_10.7z
[2026-07-10 01:37:14] [INFO] Subiendo: ERP_TEST_11.zip
[2026-07-10 01:37:14] [INFO] Subiendo: ERP_TEST_13.zip
[2026-07-10 01:37:14] [INFO] Subiendo: ERP_TEST_14.zip
[2026-07-10 01:37:14] [INFO] Subiendo: ERP_TEST_15.zip
[2026-07-10 01:37:14] [INFO] Subiendo: ERP_TEST_16.zip
[2026-07-10 01:37:14] [INFO] Subiendo: ERP_TEST_17.zip
[2026-07-10 01:37:14] [INFO] Subiendo: ERP_TEST_18.zip
[2026-07-10 01:37:14] [INFO] Subiendo: ERP_TEST_19.zip
[2026-07-10 01:37:14] [INFO] Subiendo: ERP_TEST_20.zip
[2026-07-10 01:37:14] [INFO] Subiendo: ERP_TEST_21.zip
[2026-07-10 01:37:14] [SUCCESS] Proceso finalizado.
[2026-07-10 01:37:24] [INFO] Ejecutando trabajo: ERP SQL
[2026-07-10 01:37:24] [INFO] === Backup Center iniciado ===
[2026-07-10 01:37:24] [INFO] Subiendo: ERP_TEST.zip
[2026-07-10 01:37:24] [INFO] Subiendo: ERP_TEST_01.zip
[2026-07-10 01:37:24] [INFO] Subiendo: ERP_TEST_02.zip
[2026-07-10 01:37:24] [INFO] Subiendo: ERP_TEST_03.zip
[2026-07-10 01:37:24] [INFO] Subiendo: ERP_TEST_04.bak
[2026-07-10 01:37:24] [INFO] Subiendo: ERP_TEST_05.7z
[2026-07-10 01:37:24] [INFO] Subiendo: ERP_TEST_06.zip
[2026-07-10 01:37:24] [INFO] Subiendo: ERP_TEST_07.zip
[2026-07-10 01:37:24] [INFO] Subiendo: ERP_TEST_08.zip
[2026-07-10 01:37:24] [INFO] Subiendo: ERP_TEST_09.bak
[2026-07-10 01:37:24] [INFO] Subiendo: ERP_TEST_10.7z
[2026-07-10 01:37:24] [INFO] Subiendo: ERP_TEST_11.zip
[2026-07-10 01:37:24] [INFO] Subiendo: ERP_TEST_13.zip
[2026-07-10 01:37:24] [INFO] Subiendo: ERP_TEST_14.zip
[2026-07-10 01:37:24] [INFO] Subiendo: ERP_TEST_15.zip
[2026-07-10 01:37:24] [INFO] Subiendo: ERP_TEST_16.zip
[2026-07-10 01:37:24] [INFO] Subiendo: ERP_TEST_17.zip
[2026-07-10 01:37:24] [INFO] Subiendo: ERP_TEST_18.zip
[2026-07-10 01:37:24] [INFO] Subiendo: ERP_TEST_19.zip
[2026-07-10 01:37:24] [INFO] Subiendo: ERP_TEST_20.zip
[2026-07-10 01:37:24] [INFO] Subiendo: ERP_TEST_21.zip
[2026-07-10 01:37:24] [SUCCESS] Proceso finalizado.
[2026-07-10 01:37:34] [INFO] Ejecutando trabajo: ERP SQL
[2026-07-10 01:37:34] [INFO] === Backup Center iniciado ===
[2026-07-10 01:37:34] [INFO] Subiendo: ERP_TEST.zip
[2026-07-10 01:37:34] [INFO] Subiendo: ERP_TEST_01.zip
[2026-07-10 01:37:34] [INFO] Subiendo: ERP_TEST_02.zip
[2026-07-10 01:37:34] [INFO] Subiendo: ERP_TEST_03.zip
[2026-07-10 01:37:34] [INFO] Subiendo: ERP_TEST_04.bak
[2026-07-10 01:37:34] [INFO] Subiendo: ERP_TEST_05.7z
[2026-07-10 01:37:34] [INFO] Subiendo: ERP_TEST_06.zip
[2026-07-10 01:37:34] [INFO] Subiendo: ERP_TEST_07.zip
[2026-07-10 01:37:34] [INFO] Subiendo: ERP_TEST_08.zip
[2026-07-10 01:37:34] [INFO] Subiendo: ERP_TEST_09.bak
[2026-07-10 01:37:34] [INFO] Subiendo: ERP_TEST_10.7z
[2026-07-10 01:37:34] [INFO] Subiendo: ERP_TEST_11.zip
[2026-07-10 01:37:34] [INFO] Subiendo: ERP_TEST_13.zip
[2026-07-10 01:37:34] [INFO] Subiendo: ERP_TEST_14.zip
[2026-07-10 01:37:34] [INFO] Subiendo: ERP_TEST_15.zip
[2026-07-10 01:37:34] [INFO] Subiendo: ERP_TEST_16.zip
[2026-07-10 01:37:34] [INFO] Subiendo: ERP_TEST_17.zip
[2026-07-10 01:37:34] [INFO] Subiendo: ERP_TEST_18.zip
[2026-07-10 01:37:34] [INFO] Subiendo: ERP_TEST_19.zip
[2026-07-10 01:37:34] [INFO] Subiendo: ERP_TEST_20.zip
[2026-07-10 01:37:34] [INFO] Subiendo: ERP_TEST_21.zip
[2026-07-10 01:37:34] [SUCCESS] Proceso finalizado.
[2026-07-10 01:37:44] [INFO] Ejecutando trabajo: ERP SQL
[2026-07-10 01:37:44] [INFO] === Backup Center iniciado ===
[2026-07-10 01:37:44] [INFO] Subiendo: ERP_TEST.zip
[2026-07-10 01:37:44] [INFO] Subiendo: ERP_TEST_01.zip
[2026-07-10 01:37:44] [INFO] Subiendo: ERP_TEST_02.zip
[2026-07-10 01:37:44] [INFO] Subiendo: ERP_TEST_03.zip
[2026-07-10 01:37:44] [INFO] Subiendo: ERP_TEST_04.bak
[2026-07-10 01:37:44] [INFO] Subiendo: ERP_TEST_05.7z
[2026-07-10 01:37:44] [INFO] Subiendo: ERP_TEST_06.zip
[2026-07-10 01:37:44] [INFO] Subiendo: ERP_TEST_07.zip
[2026-07-10 01:37:44] [INFO] Subiendo: ERP_TEST_08.zip
[2026-07-10 01:37:44] [INFO] Subiendo: ERP_TEST_09.bak
[2026-07-10 01:37:44] [INFO] Subiendo: ERP_TEST_10.7z
[2026-07-10 01:37:44] [INFO] Subiendo: ERP_TEST_11.zip
[2026-07-10 01:37:44] [INFO] Subiendo: ERP_TEST_13.zip
[2026-07-10 01:37:44] [INFO] Subiendo: ERP_TEST_14.zip
[2026-07-10 01:37:44] [INFO] Subiendo: ERP_TEST_15.zip
[2026-07-10 01:37:44] [INFO] Subiendo: ERP_TEST_16.zip
[2026-07-10 01:37:44] [INFO] Subiendo: ERP_TEST_17.zip
[2026-07-10 01:37:44] [INFO] Subiendo: ERP_TEST_18.zip
[2026-07-10 01:37:44] [INFO] Subiendo: ERP_TEST_19.zip
[2026-07-10 01:37:44] [INFO] Subiendo: ERP_TEST_20.zip
[2026-07-10 01:37:44] [INFO] Subiendo: ERP_TEST_21.zip
[2026-07-10 01:37:44] [SUCCESS] Proceso finalizado.
[2026-07-10 01:37:54] [INFO] Ejecutando trabajo: ERP SQL
[2026-07-10 01:37:54] [INFO] === Backup Center iniciado ===
[2026-07-10 01:37:54] [INFO] Subiendo: ERP_TEST.zip
[2026-07-10 01:37:54] [INFO] Subiendo: ERP_TEST_01.zip
[2026-07-10 01:37:54] [INFO] Subiendo: ERP_TEST_02.zip
[2026-07-10 01:37:54] [INFO] Subiendo: ERP_TEST_03.zip
[2026-07-10 01:37:54] [INFO] Subiendo: ERP_TEST_04.bak
[2026-07-10 01:37:54] [INFO] Subiendo: ERP_TEST_05.7z
[2026-07-10 01:37:54] [INFO] Subiendo: ERP_TEST_06.zip
[2026-07-10 01:37:54] [INFO] Subiendo: ERP_TEST_07.zip
[2026-07-10 01:37:54] [INFO] Subiendo: ERP_TEST_08.zip
[2026-07-10 01:37:54] [INFO] Subiendo: ERP_TEST_09.bak
[2026-07-10 01:37:54] [INFO] Subiendo: ERP_TEST_10.7z
[2026-07-10 01:37:54] [INFO] Subiendo: ERP_TEST_11.zip
[2026-07-10 01:37:54] [INFO] Subiendo: ERP_TEST_13.zip
[2026-07-10 01:37:54] [INFO] Subiendo: ERP_TEST_14.zip
[2026-07-10 01:37:54] [INFO] Subiendo: ERP_TEST_15.zip
[2026-07-10 01:37:54] [INFO] Subiendo: ERP_TEST_16.zip
[2026-07-10 01:37:54] [INFO] Subiendo: ERP_TEST_17.zip
[2026-07-10 01:37:54] [INFO] Subiendo: ERP_TEST_18.zip
[2026-07-10 01:37:54] [INFO] Subiendo: ERP_TEST_19.zip
[2026-07-10 01:37:54] [INFO] Subiendo: ERP_TEST_20.zip
[2026-07-10 01:37:54] [INFO] Subiendo: ERP_TEST_21.zip
[2026-07-10 01:37:54] [SUCCESS] Proceso finalizado.
[2026-07-10 01:38:04] [INFO] Ejecutando trabajo: ERP SQL
[2026-07-10 01:38:04] [INFO] === Backup Center iniciado ===
[2026-07-10 01:38:04] [INFO] Subiendo: ERP_TEST.zip
[2026-07-10 01:38:04] [INFO] Subiendo: ERP_TEST_01.zip
[2026-07-10 01:38:04] [INFO] Subiendo: ERP_TEST_02.zip
[2026-07-10 01:38:04] [INFO] Subiendo: ERP_TEST_03.zip
[2026-07-10 01:38:04] [INFO] Subiendo: ERP_TEST_04.bak
[2026-07-10 01:38:04] [INFO] Subiendo: ERP_TEST_05.7z
[2026-07-10 01:38:04] [INFO] Subiendo: ERP_TEST_06.zip
[2026-07-10 01:38:04] [INFO] Subiendo: ERP_TEST_07.zip
[2026-07-10 01:38:04] [INFO] Subiendo: ERP_TEST_08.zip
[2026-07-10 01:38:04] [INFO] Subiendo: ERP_TEST_09.bak
[2026-07-10 01:38:04] [INFO] Subiendo: ERP_TEST_10.7z
[2026-07-10 01:38:04] [INFO] Subiendo: ERP_TEST_11.zip
[2026-07-10 01:38:04] [INFO] Subiendo: ERP_TEST_13.zip
[2026-07-10 01:38:04] [INFO] Subiendo: ERP_TEST_14.zip
[2026-07-10 01:38:04] [INFO] Subiendo: ERP_TEST_15.zip
[2026-07-10 01:38:04] [INFO] Subiendo: ERP_TEST_16.zip
[2026-07-10 01:38:04] [INFO] Subiendo: ERP_TEST_17.zip
[2026-07-10 01:38:04] [INFO] Subiendo: ERP_TEST_18.zip
[2026-07-10 01:38:04] [INFO] Subiendo: ERP_TEST_19.zip
[2026-07-10 01:38:04] [INFO] Subiendo: ERP_TEST_20.zip
[2026-07-10 01:38:04] [INFO] Subiendo: ERP_TEST_21.zip
[2026-07-10 01:38:04] [SUCCESS] Proceso finalizado.
[2026-07-10 01:38:14] [INFO] Ejecutando trabajo: ERP SQL
[2026-07-10 01:38:14] [INFO] === Backup Center iniciado ===
[2026-07-10 01:38:14] [INFO] Subiendo: ERP_TEST.zip
[2026-07-10 01:38:14] [INFO] Subiendo: ERP_TEST_01.zip
[2026-07-10 01:38:14] [INFO] Subiendo: ERP_TEST_02.zip
[2026-07-10 01:38:14] [INFO] Subiendo: ERP_TEST_03.zip
[2026-07-10 01:38:14] [INFO] Subiendo: ERP_TEST_04.bak
[2026-07-10 01:38:14] [INFO] Subiendo: ERP_TEST_05.7z
[2026-07-10 01:38:14] [INFO] Subiendo: ERP_TEST_06.zip
[2026-07-10 01:38:14] [INFO] Subiendo: ERP_TEST_07.zip
[2026-07-10 01:38:14] [INFO] Subiendo: ERP_TEST_08.zip
[2026-07-10 01:38:14] [INFO] Subiendo: ERP_TEST_09.bak
[2026-07-10 01:38:14] [INFO] Subiendo: ERP_TEST_10.7z
[2026-07-10 01:38:14] [INFO] Subiendo: ERP_TEST_11.zip
[2026-07-10 01:38:14] [INFO] Subiendo: ERP_TEST_13.zip
[2026-07-10 01:38:14] [INFO] Subiendo: ERP_TEST_14.zip
[2026-07-10 01:38:14] [INFO] Subiendo: ERP_TEST_15.zip
[2026-07-10 01:38:14] [INFO] Subiendo: ERP_TEST_16.zip
[2026-07-10 01:38:14] [INFO] Subiendo: ERP_TEST_17.zip
[2026-07-10 01:38:14] [INFO] Subiendo: ERP_TEST_18.zip
[2026-07-10 01:38:14] [INFO] Subiendo: ERP_TEST_19.zip
[2026-07-10 01:38:14] [INFO] Subiendo: ERP_TEST_20.zip
[2026-07-10 01:38:14] [INFO] Subiendo: ERP_TEST_21.zip
[2026-07-10 01:38:14] [SUCCESS] Proceso finalizado.
[2026-07-10 01:38:24] [INFO] Ejecutando trabajo: ERP SQL
[2026-07-10 01:38:24] [INFO] === Backup Center iniciado ===
[2026-07-10 01:38:24] [INFO] Subiendo: ERP_TEST.zip
[2026-07-10 01:38:24] [INFO] Subiendo: ERP_TEST_01.zip
[2026-07-10 01:38:24] [INFO] Subiendo: ERP_TEST_02.zip
[2026-07-10 01:38:24] [INFO] Subiendo: ERP_TEST_03.zip
[2026-07-10 01:38:24] [INFO] Subiendo: ERP_TEST_04.bak
[2026-07-10 01:38:24] [INFO] Subiendo: ERP_TEST_05.7z
[2026-07-10 01:38:24] [INFO] Subiendo: ERP_TEST_06.zip
[2026-07-10 01:38:24] [INFO] Subiendo: ERP_TEST_07.zip
[2026-07-10 01:38:24] [INFO] Subiendo: ERP_TEST_08.zip
[2026-07-10 01:38:24] [INFO] Subiendo: ERP_TEST_09.bak
[2026-07-10 01:38:24] [INFO] Subiendo: ERP_TEST_10.7z
[2026-07-10 01:38:24] [INFO] Subiendo: ERP_TEST_11.zip
[2026-07-10 01:38:24] [INFO] Subiendo: ERP_TEST_13.zip
[2026-07-10 01:38:24] [INFO] Subiendo: ERP_TEST_14.zip
[2026-07-10 01:38:24] [INFO] Subiendo: ERP_TEST_15.zip
[2026-07-10 01:38:24] [INFO] Subiendo: ERP_TEST_16.zip
[2026-07-10 01:38:24] [INFO] Subiendo: ERP_TEST_17.zip
[2026-07-10 01:38:24] [INFO] Subiendo: ERP_TEST_18.zip
[2026-07-10 01:38:24] [INFO] Subiendo: ERP_TEST_19.zip
[2026-07-10 01:38:24] [INFO] Subiendo: ERP_TEST_20.zip
[2026-07-10 01:38:24] [INFO] Subiendo: ERP_TEST_21.zip
[2026-07-10 01:38:24] [SUCCESS] Proceso finalizado.
[2026-07-10 01:38:34] [INFO] Ejecutando trabajo: ERP SQL
[2026-07-10 01:38:34] [INFO] === Backup Center iniciado ===
[2026-07-10 01:38:34] [INFO] Subiendo: ERP_TEST.zip
[2026-07-10 01:38:34] [INFO] Subiendo: ERP_TEST_01.zip
[2026-07-10 01:38:34] [INFO] Subiendo: ERP_TEST_02.zip
[2026-07-10 01:38:34] [INFO] Subiendo: ERP_TEST_03.zip
[2026-07-10 01:38:34] [INFO] Subiendo: ERP_TEST_04.bak
[2026-07-10 01:38:34] [INFO] Subiendo: ERP_TEST_05.7z
[2026-07-10 01:38:34] [INFO] Subiendo: ERP_TEST_06.zip
[2026-07-10 01:38:34] [INFO] Subiendo: ERP_TEST_07.zip
[2026-07-10 01:38:34] [INFO] Subiendo: ERP_TEST_08.zip
[2026-07-10 01:38:34] [INFO] Subiendo: ERP_TEST_09.bak
[2026-07-10 01:38:34] [INFO] Subiendo: ERP_TEST_10.7z
[2026-07-10 01:38:34] [INFO] Subiendo: ERP_TEST_11.zip
[2026-07-10 01:38:34] [INFO] Subiendo: ERP_TEST_13.zip
[2026-07-10 01:38:34] [INFO] Subiendo: ERP_TEST_14.zip
[2026-07-10 01:38:34] [INFO] Subiendo: ERP_TEST_15.zip
[2026-07-10 01:38:34] [INFO] Subiendo: ERP_TEST_16.zip
[2026-07-10 01:38:34] [INFO] Subiendo: ERP_TEST_17.zip
[2026-07-10 01:38:34] [INFO] Subiendo: ERP_TEST_18.zip
[2026-07-10 01:38:34] [INFO] Subiendo: ERP_TEST_19.zip
[2026-07-10 01:38:34] [INFO] Subiendo: ERP_TEST_20.zip
[2026-07-10 01:38:34] [INFO] Subiendo: ERP_TEST_21.zip
[2026-07-10 01:38:35] [SUCCESS] Proceso finalizado.
[2026-07-10 01:38:45] [INFO] Ejecutando trabajo: ERP SQL
[2026-07-10 01:38:45] [INFO] === Backup Center iniciado ===
[2026-07-10 01:38:45] [INFO] Subiendo: ERP_TEST.zip
[2026-07-10 01:38:45] [INFO] Subiendo: ERP_TEST_01.zip
[2026-07-10 01:38:45] [INFO] Subiendo: ERP_TEST_02.zip
[2026-07-10 01:38:45] [INFO] Subiendo: ERP_TEST_03.zip
[2026-07-10 01:38:45] [INFO] Subiendo: ERP_TEST_04.bak
[2026-07-10 01:38:45] [INFO] Subiendo: ERP_TEST_05.7z
[2026-07-10 01:38:45] [INFO] Subiendo: ERP_TEST_06.zip
[2026-07-10 01:38:45] [INFO] Subiendo: ERP_TEST_07.zip
[2026-07-10 01:38:45] [INFO] Subiendo: ERP_TEST_08.zip
[2026-07-10 01:38:45] [INFO] Subiendo: ERP_TEST_09.bak
[2026-07-10 01:38:45] [INFO] Subiendo: ERP_TEST_10.7z
[2026-07-10 01:38:45] [INFO] Subiendo: ERP_TEST_11.zip
[2026-07-10 01:38:45] [INFO] Subiendo: ERP_TEST_13.zip
[2026-07-10 01:38:45] [INFO] Subiendo: ERP_TEST_14.zip
[2026-07-10 01:38:45] [INFO] Subiendo: ERP_TEST_15.zip
[2026-07-10 01:38:45] [INFO] Subiendo: ERP_TEST_16.zip
[2026-07-10 01:38:45] [INFO] Subiendo: ERP_TEST_17.zip
[2026-07-10 01:38:45] [INFO] Subiendo: ERP_TEST_18.zip
[2026-07-10 01:38:45] [INFO] Subiendo: ERP_TEST_19.zip
[2026-07-10 01:38:45] [INFO] Subiendo: ERP_TEST_20.zip
[2026-07-10 01:38:45] [INFO] Subiendo: ERP_TEST_21.zip
[2026-07-10 01:38:45] [SUCCESS] Proceso finalizado.
[2026-07-10 01:38:55] [INFO] Ejecutando trabajo: ERP SQL
[2026-07-10 01:38:55] [INFO] === Backup Center iniciado ===
[2026-07-10 01:38:55] [INFO] Subiendo: ERP_TEST.zip
[2026-07-10 01:38:55] [INFO] Subiendo: ERP_TEST_01.zip
[2026-07-10 01:38:55] [INFO] Subiendo: ERP_TEST_02.zip
[2026-07-10 01:38:55] [INFO] Subiendo: ERP_TEST_03.zip
[2026-07-10 01:38:55] [INFO] Subiendo: ERP_TEST_04.bak
[2026-07-10 01:38:55] [INFO] Subiendo: ERP_TEST_05.7z
[2026-07-10 01:38:55] [INFO] Subiendo: ERP_TEST_06.zip
[2026-07-10 01:38:55] [INFO] Subiendo: ERP_TEST_07.zip
[2026-07-10 01:38:55] [INFO] Subiendo: ERP_TEST_08.zip
[2026-07-10 01:38:55] [INFO] Subiendo: ERP_TEST_09.bak
[2026-07-10 01:38:55] [INFO] Subiendo: ERP_TEST_10.7z
[2026-07-10 01:38:55] [INFO] Subiendo: ERP_TEST_11.zip
[2026-07-10 01:38:55] [INFO] Subiendo: ERP_TEST_13.zip
[2026-07-10 01:38:55] [INFO] Subiendo: ERP_TEST_14.zip
[2026-07-10 01:38:55] [INFO] Subiendo: ERP_TEST_15.zip
[2026-07-10 01:38:55] [INFO] Subiendo: ERP_TEST_16.zip
[2026-07-10 01:38:55] [INFO] Subiendo: ERP_TEST_17.zip
[2026-07-10 01:38:55] [INFO] Subiendo: ERP_TEST_18.zip
[2026-07-10 01:38:55] [INFO] Subiendo: ERP_TEST_19.zip
[2026-07-10 01:38:55] [INFO] Subiendo: ERP_TEST_20.zip
[2026-07-10 01:38:55] [INFO] Subiendo: ERP_TEST_21.zip
[2026-07-10 01:38:55] [SUCCESS] Proceso finalizado.
[2026-07-10 01:39:05] [INFO] Ejecutando trabajo: ERP SQL
[2026-07-10 01:39:05] [INFO] === Backup Center iniciado ===
[2026-07-10 01:39:05] [INFO] Subiendo: ERP_TEST.zip
[2026-07-10 01:39:05] [INFO] Subiendo: ERP_TEST_01.zip
[2026-07-10 01:39:05] [INFO] Subiendo: ERP_TEST_02.zip
[2026-07-10 01:39:05] [INFO] Subiendo: ERP_TEST_03.zip
[2026-07-10 01:39:05] [INFO] Subiendo: ERP_TEST_04.bak
[2026-07-10 01:39:05] [INFO] Subiendo: ERP_TEST_05.7z
[2026-07-10 01:39:05] [INFO] Subiendo: ERP_TEST_06.zip
[2026-07-10 01:39:05] [INFO] Subiendo: ERP_TEST_07.zip
[2026-07-10 01:39:05] [INFO] Subiendo: ERP_TEST_08.zip
[2026-07-10 01:39:05] [INFO] Subiendo: ERP_TEST_09.bak
[2026-07-10 01:39:05] [INFO] Subiendo: ERP_TEST_10.7z
[2026-07-10 01:39:05] [INFO] Subiendo: ERP_TEST_11.zip
[2026-07-10 01:39:05] [INFO] Subiendo: ERP_TEST_13.zip
[2026-07-10 01:39:05] [INFO] Subiendo: ERP_TEST_14.zip
[2026-07-10 01:39:05] [INFO] Subiendo: ERP_TEST_15.zip
[2026-07-10 01:39:05] [INFO] Subiendo: ERP_TEST_16.zip
[2026-07-10 01:39:05] [INFO] Subiendo: ERP_TEST_17.zip
[2026-07-10 01:39:05] [INFO] Subiendo: ERP_TEST_18.zip
[2026-07-10 01:39:05] [INFO] Subiendo: ERP_TEST_19.zip
[2026-07-10 01:39:05] [INFO] Subiendo: ERP_TEST_20.zip
[2026-07-10 01:39:05] [INFO] Subiendo: ERP_TEST_21.zip
[2026-07-10 01:39:05] [SUCCESS] Proceso finalizado.
[2026-07-10 01:39:15] [INFO] Ejecutando trabajo: ERP SQL
[2026-07-10 01:39:15] [INFO] === Backup Center iniciado ===
[2026-07-10 01:39:15] [INFO] Subiendo: ERP_TEST.zip
[2026-07-10 01:39:15] [INFO] Subiendo: ERP_TEST_01.zip
[2026-07-10 01:39:15] [INFO] Subiendo: ERP_TEST_02.zip
[2026-07-10 01:39:15] [INFO] Subiendo: ERP_TEST_03.zip
[2026-07-10 01:39:15] [INFO] Subiendo: ERP_TEST_04.bak
[2026-07-10 01:39:15] [INFO] Subiendo: ERP_TEST_05.7z
[2026-07-10 01:39:15] [INFO] Subiendo: ERP_TEST_06.zip
[2026-07-10 01:39:15] [INFO] Subiendo: ERP_TEST_07.zip
[2026-07-10 01:39:15] [INFO] Subiendo: ERP_TEST_08.zip
[2026-07-10 01:39:15] [INFO] Subiendo: ERP_TEST_09.bak
[2026-07-10 01:39:15] [INFO] Subiendo: ERP_TEST_10.7z
[2026-07-10 01:39:15] [INFO] Subiendo: ERP_TEST_11.zip
[2026-07-10 01:39:15] [INFO] Subiendo: ERP_TEST_13.zip
[2026-07-10 01:39:15] [INFO] Subiendo: ERP_TEST_14.zip
[2026-07-10 01:39:15] [INFO] Subiendo: ERP_TEST_15.zip
[2026-07-10 01:39:15] [INFO] Subiendo: ERP_TEST_16.zip
[2026-07-10 01:39:15] [INFO] Subiendo: ERP_TEST_17.zip
[2026-07-10 01:39:15] [INFO] Subiendo: ERP_TEST_18.zip
[2026-07-10 01:39:15] [INFO] Subiendo: ERP_TEST_19.zip
[2026-07-10 01:39:15] [INFO] Subiendo: ERP_TEST_20.zip
[2026-07-10 01:39:15] [INFO] Subiendo: ERP_TEST_21.zip
[2026-07-10 01:39:15] [SUCCESS] Proceso finalizado.
[2026-07-10 01:39:25] [INFO] Ejecutando trabajo: ERP SQL
[2026-07-10 01:39:25] [INFO] === Backup Center iniciado ===
[2026-07-10 01:39:25] [INFO] Subiendo: ERP_TEST.zip
[2026-07-10 01:39:25] [INFO] Subiendo: ERP_TEST_01.zip
[2026-07-10 01:39:25] [INFO] Subiendo: ERP_TEST_02.zip
[2026-07-10 01:39:25] [INFO] Subiendo: ERP_TEST_03.zip
[2026-07-10 01:39:25] [INFO] Subiendo: ERP_TEST_04.bak
[2026-07-10 01:39:25] [INFO] Subiendo: ERP_TEST_05.7z
[2026-07-10 01:39:25] [INFO] Subiendo: ERP_TEST_06.zip
[2026-07-10 01:39:25] [INFO] Subiendo: ERP_TEST_07.zip
[2026-07-10 01:39:25] [INFO] Subiendo: ERP_TEST_08.zip
[2026-07-10 01:39:25] [INFO] Subiendo: ERP_TEST_09.bak
[2026-07-10 01:39:25] [INFO] Subiendo: ERP_TEST_10.7z
[2026-07-10 01:39:25] [INFO] Subiendo: ERP_TEST_11.zip
[2026-07-10 01:39:25] [INFO] Subiendo: ERP_TEST_13.zip
[2026-07-10 01:39:25] [INFO] Subiendo: ERP_TEST_14.zip
[2026-07-10 01:39:25] [INFO] Subiendo: ERP_TEST_15.zip
[2026-07-10 01:39:25] [INFO] Subiendo: ERP_TEST_16.zip
[2026-07-10 01:39:25] [INFO] Subiendo: ERP_TEST_17.zip
[2026-07-10 01:39:25] [INFO] Subiendo: ERP_TEST_18.zip
[2026-07-10 01:39:25] [INFO] Subiendo: ERP_TEST_19.zip
[2026-07-10 01:39:25] [INFO] Subiendo: ERP_TEST_20.zip
[2026-07-10 01:39:25] [INFO] Subiendo: ERP_TEST_21.zip
[2026-07-10 01:39:25] [SUCCESS] Proceso finalizado.
[2026-07-10 01:39:35] [INFO] Ejecutando trabajo: ERP SQL
[2026-07-10 01:39:35] [INFO] === Backup Center iniciado ===
[2026-07-10 01:39:35] [INFO] Subiendo: ERP_TEST.zip
[2026-07-10 01:39:35] [INFO] Subiendo: ERP_TEST_01.zip
[2026-07-10 01:39:35] [INFO] Subiendo: ERP_TEST_02.zip
[2026-07-10 01:39:35] [INFO] Subiendo: ERP_TEST_03.zip
[2026-07-10 01:39:35] [INFO] Subiendo: ERP_TEST_04.bak
[2026-07-10 01:39:35] [INFO] Subiendo: ERP_TEST_05.7z
[2026-07-10 01:39:35] [INFO] Subiendo: ERP_TEST_06.zip
[2026-07-10 01:39:35] [INFO] Subiendo: ERP_TEST_07.zip
[2026-07-10 01:39:35] [INFO] Subiendo: ERP_TEST_08.zip
[2026-07-10 01:39:35] [INFO] Subiendo: ERP_TEST_09.bak
[2026-07-10 01:39:35] [INFO] Subiendo: ERP_TEST_10.7z
[2026-07-10 01:39:35] [INFO] Subiendo: ERP_TEST_11.zip
[2026-07-10 01:39:35] [INFO] Subiendo: ERP_TEST_13.zip
[2026-07-10 01:39:35] [INFO] Subiendo: ERP_TEST_14.zip
[2026-07-10 01:39:35] [INFO] Subiendo: ERP_TEST_15.zip
[2026-07-10 01:39:35] [INFO] Subiendo: ERP_TEST_16.zip
[2026-07-10 01:39:35] [INFO] Subiendo: ERP_TEST_17.zip
[2026-07-10 01:39:35] [INFO] Subiendo: ERP_TEST_18.zip
[2026-07-10 01:39:35] [INFO] Subiendo: ERP_TEST_19.zip
[2026-07-10 01:39:35] [INFO] Subiendo: ERP_TEST_20.zip
[2026-07-10 01:39:35] [INFO] Subiendo: ERP_TEST_21.zip
[2026-07-10 01:39:35] [SUCCESS] Proceso finalizado.
[2026-07-10 01:39:45] [INFO] Ejecutando trabajo: ERP SQL
[2026-07-10 01:39:45] [INFO] === Backup Center iniciado ===
[2026-07-10 01:39:45] [INFO] Subiendo: ERP_TEST.zip
[2026-07-10 01:39:45] [INFO] Subiendo: ERP_TEST_01.zip
[2026-07-10 01:39:45] [INFO] Subiendo: ERP_TEST_02.zip
[2026-07-10 01:39:45] [INFO] Subiendo: ERP_TEST_03.zip
[2026-07-10 01:39:45] [INFO] Subiendo: ERP_TEST_04.bak
[2026-07-10 01:39:45] [INFO] Subiendo: ERP_TEST_05.7z
[2026-07-10 01:39:45] [INFO] Subiendo: ERP_TEST_06.zip
[2026-07-10 01:39:45] [INFO] Subiendo: ERP_TEST_07.zip
[2026-07-10 01:39:45] [INFO] Subiendo: ERP_TEST_08.zip
[2026-07-10 01:39:45] [INFO] Subiendo: ERP_TEST_09.bak
[2026-07-10 01:39:45] [INFO] Subiendo: ERP_TEST_10.7z
[2026-07-10 01:39:45] [INFO] Subiendo: ERP_TEST_11.zip
[2026-07-10 01:39:45] [INFO] Subiendo: ERP_TEST_13.zip
[2026-07-10 01:39:45] [INFO] Subiendo: ERP_TEST_14.zip
[2026-07-10 01:39:45] [INFO] Subiendo: ERP_TEST_15.zip
[2026-07-10 01:39:45] [INFO] Subiendo: ERP_TEST_16.zip
[2026-07-10 01:39:45] [INFO] Subiendo: ERP_TEST_17.zip
[2026-07-10 01:39:45] [INFO] Subiendo: ERP_TEST_18.zip
[2026-07-10 01:39:45] [INFO] Subiendo: ERP_TEST_19.zip
[2026-07-10 01:39:45] [INFO] Subiendo: ERP_TEST_20.zip
[2026-07-10 01:39:45] [INFO] Subiendo: ERP_TEST_21.zip
[2026-07-10 01:39:45] [SUCCESS] Proceso finalizado.
[2026-07-10 01:39:55] [INFO] Ejecutando trabajo: ERP SQL
[2026-07-10 01:39:55] [INFO] === Backup Center iniciado ===
[2026-07-10 01:39:55] [INFO] Subiendo: ERP_TEST.zip
[2026-07-10 01:39:55] [INFO] Subiendo: ERP_TEST_01.zip
[2026-07-10 01:39:55] [INFO] Subiendo: ERP_TEST_02.zip
[2026-07-10 01:39:55] [INFO] Subiendo: ERP_TEST_03.zip
[2026-07-10 01:39:55] [INFO] Subiendo: ERP_TEST_04.bak
[2026-07-10 01:39:55] [INFO] Subiendo: ERP_TEST_05.7z
[2026-07-10 01:39:55] [INFO] Subiendo: ERP_TEST_06.zip
[2026-07-10 01:39:55] [INFO] Subiendo: ERP_TEST_07.zip
[2026-07-10 01:39:55] [INFO] Subiendo: ERP_TEST_08.zip
[2026-07-10 01:39:55] [INFO] Subiendo: ERP_TEST_09.bak
[2026-07-10 01:39:55] [INFO] Subiendo: ERP_TEST_10.7z
[2026-07-10 01:39:55] [INFO] Subiendo: ERP_TEST_11.zip
[2026-07-10 01:39:55] [INFO] Subiendo: ERP_TEST_13.zip
[2026-07-10 01:39:55] [INFO] Subiendo: ERP_TEST_14.zip
[2026-07-10 01:39:55] [INFO] Subiendo: ERP_TEST_15.zip
[2026-07-10 01:39:55] [INFO] Subiendo: ERP_TEST_16.zip
[2026-07-10 01:39:55] [INFO] Subiendo: ERP_TEST_17.zip
[2026-07-10 01:39:55] [INFO] Subiendo: ERP_TEST_18.zip
[2026-07-10 01:39:55] [INFO] Subiendo: ERP_TEST_19.zip
[2026-07-10 01:39:55] [INFO] Subiendo: ERP_TEST_20.zip
[2026-07-10 01:39:55] [INFO] Subiendo: ERP_TEST_21.zip
[2026-07-10 01:39:55] [SUCCESS] Proceso finalizado.
[2026-07-10 01:40:05] [INFO] Ejecutando trabajo: ERP SQL
[2026-07-10 01:40:05] [INFO] === Backup Center iniciado ===
[2026-07-10 01:40:05] [INFO] Subiendo: ERP_TEST.zip
[2026-07-10 01:40:05] [INFO] Subiendo: ERP_TEST_01.zip
[2026-07-10 01:40:05] [INFO] Subiendo: ERP_TEST_02.zip
[2026-07-10 01:40:05] [INFO] Subiendo: ERP_TEST_03.zip
[2026-07-10 01:40:05] [INFO] Subiendo: ERP_TEST_04.bak
[2026-07-10 01:40:05] [INFO] Subiendo: ERP_TEST_05.7z
[2026-07-10 01:40:05] [INFO] Subiendo: ERP_TEST_06.zip
[2026-07-10 01:40:05] [INFO] Subiendo: ERP_TEST_07.zip
[2026-07-10 01:40:05] [INFO] Subiendo: ERP_TEST_08.zip
[2026-07-10 01:40:05] [INFO] Subiendo: ERP_TEST_09.bak
[2026-07-10 01:40:05] [INFO] Subiendo: ERP_TEST_10.7z
[2026-07-10 01:40:05] [INFO] Subiendo: ERP_TEST_11.zip
[2026-07-10 01:40:05] [INFO] Subiendo: ERP_TEST_13.zip
[2026-07-10 01:40:05] [INFO] Subiendo: ERP_TEST_14.zip
[2026-07-10 01:40:05] [INFO] Subiendo: ERP_TEST_15.zip
[2026-07-10 01:40:05] [INFO] Subiendo: ERP_TEST_16.zip
[2026-07-10 01:40:05] [INFO] Subiendo: ERP_TEST_17.zip
[2026-07-10 01:40:05] [INFO] Subiendo: ERP_TEST_18.zip
[2026-07-10 01:40:05] [INFO] Subiendo: ERP_TEST_19.zip
[2026-07-10 01:40:05] [INFO] Subiendo: ERP_TEST_20.zip
[2026-07-10 01:40:05] [INFO] Subiendo: ERP_TEST_21.zip
[2026-07-10 01:40:05] [SUCCESS] Proceso finalizado.
[2026-07-10 01:40:16] [INFO] Ejecutando trabajo: ERP SQL
[2026-07-10 01:40:16] [INFO] === Backup Center iniciado ===
[2026-07-10 01:40:16] [INFO] Subiendo: ERP_TEST.zip
[2026-07-10 01:40:16] [INFO] Subiendo: ERP_TEST_01.zip
[2026-07-10 01:40:16] [INFO] Subiendo: ERP_TEST_02.zip
[2026-07-10 01:40:16] [INFO] Subiendo: ERP_TEST_03.zip
[2026-07-10 01:40:16] [INFO] Subiendo: ERP_TEST_04.bak
[2026-07-10 01:40:16] [INFO] Subiendo: ERP_TEST_05.7z
[2026-07-10 01:40:16] [INFO] Subiendo: ERP_TEST_06.zip
[2026-07-10 01:40:16] [INFO] Subiendo: ERP_TEST_07.zip
[2026-07-10 01:40:16] [INFO] Subiendo: ERP_TEST_08.zip
[2026-07-10 01:40:16] [INFO] Subiendo: ERP_TEST_09.bak
[2026-07-10 01:40:16] [INFO] Subiendo: ERP_TEST_10.7z
[2026-07-10 01:40:16] [INFO] Subiendo: ERP_TEST_11.zip
[2026-07-10 01:40:16] [INFO] Subiendo: ERP_TEST_13.zip
[2026-07-10 01:40:16] [INFO] Subiendo: ERP_TEST_14.zip
[2026-07-10 01:40:16] [INFO] Subiendo: ERP_TEST_15.zip
[2026-07-10 01:40:16] [INFO] Subiendo: ERP_TEST_16.zip
[2026-07-10 01:40:16] [INFO] Subiendo: ERP_TEST_17.zip
[2026-07-10 01:40:16] [INFO] Subiendo: ERP_TEST_18.zip
[2026-07-10 01:40:16] [INFO] Subiendo: ERP_TEST_19.zip
[2026-07-10 01:40:16] [INFO] Subiendo: ERP_TEST_20.zip
[2026-07-10 01:40:16] [INFO] Subiendo: ERP_TEST_21.zip
[2026-07-10 01:40:16] [SUCCESS] Proceso finalizado.
[2026-07-10 01:40:24] [INFO] Ejecutando trabajo: ERP SQL
[2026-07-10 01:40:24] [INFO] === Backup Center iniciado ===
[2026-07-10 01:40:24] [INFO] Subiendo: ERP_TEST.zip
[2026-07-10 01:40:24] [INFO] Subiendo: ERP_TEST_01.zip
[2026-07-10 01:40:24] [INFO] Subiendo: ERP_TEST_02.zip
[2026-07-10 01:40:24] [INFO] Subiendo: ERP_TEST_03.zip
[2026-07-10 01:40:24] [INFO] Subiendo: ERP_TEST_04.bak
[2026-07-10 01:40:24] [INFO] Subiendo: ERP_TEST_05.7z
[2026-07-10 01:40:24] [INFO] Subiendo: ERP_TEST_06.zip
[2026-07-10 01:40:24] [INFO] Subiendo: ERP_TEST_07.zip
[2026-07-10 01:40:24] [INFO] Subiendo: ERP_TEST_08.zip
[2026-07-10 01:40:24] [INFO] Subiendo: ERP_TEST_09.bak
[2026-07-10 01:40:24] [INFO] Subiendo: ERP_TEST_10.7z
[2026-07-10 01:40:24] [INFO] Subiendo: ERP_TEST_11.zip
[2026-07-10 01:40:24] [INFO] Subiendo: ERP_TEST_13.zip
[2026-07-10 01:40:24] [INFO] Subiendo: ERP_TEST_14.zip
[2026-07-10 01:40:24] [INFO] Subiendo: ERP_TEST_15.zip
[2026-07-10 01:40:24] [INFO] Subiendo: ERP_TEST_16.zip
[2026-07-10 01:40:24] [INFO] Subiendo: ERP_TEST_17.zip
[2026-07-10 01:40:24] [INFO] Subiendo: ERP_TEST_18.zip
[2026-07-10 01:40:24] [INFO] Subiendo: ERP_TEST_19.zip
[2026-07-10 01:40:24] [INFO] Subiendo: ERP_TEST_20.zip
[2026-07-10 01:40:24] [INFO] Subiendo: ERP_TEST_21.zip
[2026-07-10 01:40:24] [SUCCESS] Proceso finalizado.
[2026-07-10 01:40:34] [INFO] Ejecutando trabajo: ERP SQL
[2026-07-10 01:40:34] [INFO] === Backup Center iniciado ===
[2026-07-10 01:40:34] [INFO] Subiendo: ERP_TEST.zip
[2026-07-10 01:40:34] [INFO] Subiendo: ERP_TEST_01.zip
[2026-07-10 01:40:34] [INFO] Subiendo: ERP_TEST_02.zip
[2026-07-10 01:40:34] [INFO] Subiendo: ERP_TEST_03.zip
[2026-07-10 01:40:34] [INFO] Subiendo: ERP_TEST_04.bak
[2026-07-10 01:40:34] [INFO] Subiendo: ERP_TEST_05.7z
[2026-07-10 01:40:34] [INFO] Subiendo: ERP_TEST_06.zip
[2026-07-10 01:40:34] [INFO] Subiendo: ERP_TEST_07.zip
[2026-07-10 01:40:34] [INFO] Subiendo: ERP_TEST_08.zip
[2026-07-10 01:40:34] [INFO] Subiendo: ERP_TEST_09.bak
[2026-07-10 01:40:34] [INFO] Subiendo: ERP_TEST_10.7z
[2026-07-10 01:40:34] [INFO] Subiendo: ERP_TEST_11.zip
[2026-07-10 01:40:34] [INFO] Subiendo: ERP_TEST_13.zip
[2026-07-10 01:40:34] [INFO] Subiendo: ERP_TEST_14.zip
[2026-07-10 01:40:34] [INFO] Subiendo: ERP_TEST_15.zip
[2026-07-10 01:40:34] [INFO] Subiendo: ERP_TEST_16.zip
[2026-07-10 01:40:34] [INFO] Subiendo: ERP_TEST_17.zip
[2026-07-10 01:40:34] [INFO] Subiendo: ERP_TEST_18.zip
[2026-07-10 01:40:34] [INFO] Subiendo: ERP_TEST_19.zip
[2026-07-10 01:40:34] [INFO] Subiendo: ERP_TEST_20.zip
[2026-07-10 01:40:34] [INFO] Subiendo: ERP_TEST_21.zip
[2026-07-10 01:40:34] [SUCCESS] Proceso finalizado.
[2026-07-10 01:40:44] [INFO] Ejecutando trabajo: ERP SQL
[2026-07-10 01:40:44] [INFO] === Backup Center iniciado ===
[2026-07-10 01:40:44] [INFO] Subiendo: ERP_TEST.zip
[2026-07-10 01:40:44] [INFO] Subiendo: ERP_TEST_01.zip
[2026-07-10 01:40:44] [INFO] Subiendo: ERP_TEST_02.zip
[2026-07-10 01:40:44] [INFO] Subiendo: ERP_TEST_03.zip
[2026-07-10 01:40:44] [INFO] Subiendo: ERP_TEST_04.bak
[2026-07-10 01:40:44] [INFO] Subiendo: ERP_TEST_05.7z
[2026-07-10 01:40:44] [INFO] Subiendo: ERP_TEST_06.zip
[2026-07-10 01:40:44] [INFO] Subiendo: ERP_TEST_07.zip
[2026-07-10 01:40:44] [INFO] Subiendo: ERP_TEST_08.zip
[2026-07-10 01:40:44] [INFO] Subiendo: ERP_TEST_09.bak
[2026-07-10 01:40:44] [INFO] Subiendo: ERP_TEST_10.7z
[2026-07-10 01:40:44] [INFO] Subiendo: ERP_TEST_11.zip
[2026-07-10 01:40:44] [INFO] Subiendo: ERP_TEST_13.zip
[2026-07-10 01:40:44] [INFO] Subiendo: ERP_TEST_14.zip
[2026-07-10 01:40:44] [INFO] Subiendo: ERP_TEST_15.zip
[2026-07-10 01:40:44] [INFO] Subiendo: ERP_TEST_16.zip
[2026-07-10 01:40:44] [INFO] Subiendo: ERP_TEST_17.zip
[2026-07-10 01:40:44] [INFO] Subiendo: ERP_TEST_18.zip
[2026-07-10 01:40:44] [INFO] Subiendo: ERP_TEST_19.zip
[2026-07-10 01:40:44] [INFO] Subiendo: ERP_TEST_20.zip
[2026-07-10 01:40:44] [INFO] Subiendo: ERP_TEST_21.zip
[2026-07-10 01:40:44] [SUCCESS] Proceso finalizado.
[2026-07-10 01:40:54] [INFO] Ejecutando trabajo: ERP SQL
[2026-07-10 01:40:54] [INFO] === Backup Center iniciado ===
[2026-07-10 01:40:54] [INFO] Subiendo: ERP_TEST.zip
[2026-07-10 01:40:54] [INFO] Subiendo: ERP_TEST_01.zip
[2026-07-10 01:40:54] [INFO] Subiendo: ERP_TEST_02.zip
[2026-07-10 01:40:54] [INFO] Subiendo: ERP_TEST_03.zip
[2026-07-10 01:40:54] [INFO] Subiendo: ERP_TEST_04.bak
[2026-07-10 01:40:54] [INFO] Subiendo: ERP_TEST_05.7z
[2026-07-10 01:40:54] [INFO] Subiendo: ERP_TEST_06.zip
[2026-07-10 01:40:54] [INFO] Subiendo: ERP_TEST_07.zip
[2026-07-10 01:40:54] [INFO] Subiendo: ERP_TEST_08.zip
[2026-07-10 01:40:54] [INFO] Subiendo: ERP_TEST_09.bak
[2026-07-10 01:40:54] [INFO] Subiendo: ERP_TEST_10.7z
[2026-07-10 01:40:54] [INFO] Subiendo: ERP_TEST_11.zip
[2026-07-10 01:40:54] [INFO] Subiendo: ERP_TEST_13.zip
[2026-07-10 01:40:54] [INFO] Subiendo: ERP_TEST_14.zip
[2026-07-10 01:40:54] [INFO] Subiendo: ERP_TEST_15.zip
[2026-07-10 01:40:54] [INFO] Subiendo: ERP_TEST_16.zip
[2026-07-10 01:40:54] [INFO] Subiendo: ERP_TEST_17.zip
[2026-07-10 01:40:54] [INFO] Subiendo: ERP_TEST_18.zip
[2026-07-10 01:40:54] [INFO] Subiendo: ERP_TEST_19.zip
[2026-07-10 01:40:54] [INFO] Subiendo: ERP_TEST_20.zip
[2026-07-10 01:40:54] [INFO] Subiendo: ERP_TEST_21.zip
[2026-07-10 01:40:54] [SUCCESS] Proceso finalizado.
[2026-07-10 01:41:04] [INFO] Ejecutando trabajo: ERP SQL
[2026-07-10 01:41:04] [INFO] === Backup Center iniciado ===
[2026-07-10 01:41:04] [INFO] Subiendo: ERP_TEST.zip
[2026-07-10 01:41:04] [INFO] Subiendo: ERP_TEST_01.zip
[2026-07-10 01:41:04] [INFO] Subiendo: ERP_TEST_02.zip
[2026-07-10 01:41:04] [INFO] Subiendo: ERP_TEST_03.zip
[2026-07-10 01:41:04] [INFO] Subiendo: ERP_TEST_04.bak
[2026-07-10 01:41:04] [INFO] Subiendo: ERP_TEST_05.7z
[2026-07-10 01:41:04] [INFO] Subiendo: ERP_TEST_06.zip
[2026-07-10 01:41:04] [INFO] Subiendo: ERP_TEST_07.zip
[2026-07-10 01:41:04] [INFO] Subiendo: ERP_TEST_08.zip
[2026-07-10 01:41:04] [INFO] Subiendo: ERP_TEST_09.bak
[2026-07-10 01:41:04] [INFO] Subiendo: ERP_TEST_10.7z
[2026-07-10 01:41:04] [INFO] Subiendo: ERP_TEST_11.zip
[2026-07-10 01:41:04] [INFO] Subiendo: ERP_TEST_13.zip
[2026-07-10 01:41:04] [INFO] Subiendo: ERP_TEST_14.zip
[2026-07-10 01:41:04] [INFO] Subiendo: ERP_TEST_15.zip
[2026-07-10 01:41:04] [INFO] Subiendo: ERP_TEST_16.zip
[2026-07-10 01:41:04] [INFO] Subiendo: ERP_TEST_17.zip
[2026-07-10 01:41:04] [INFO] Subiendo: ERP_TEST_18.zip
[2026-07-10 01:41:04] [INFO] Subiendo: ERP_TEST_19.zip
[2026-07-10 01:41:04] [INFO] Subiendo: ERP_TEST_20.zip
[2026-07-10 01:41:04] [INFO] Subiendo: ERP_TEST_21.zip
[2026-07-10 01:41:04] [SUCCESS] Proceso finalizado.
[2026-07-10 01:41:14] [INFO] Ejecutando trabajo: ERP SQL
[2026-07-10 01:41:14] [INFO] === Backup Center iniciado ===
[2026-07-10 01:41:14] [INFO] Subiendo: ERP_TEST.zip
[2026-07-10 01:41:14] [INFO] Subiendo: ERP_TEST_01.zip
[2026-07-10 01:41:14] [INFO] Subiendo: ERP_TEST_02.zip
[2026-07-10 01:41:14] [INFO] Subiendo: ERP_TEST_03.zip
[2026-07-10 01:41:14] [INFO] Subiendo: ERP_TEST_04.bak
[2026-07-10 01:41:14] [INFO] Subiendo: ERP_TEST_05.7z
[2026-07-10 01:41:14] [INFO] Subiendo: ERP_TEST_06.zip
[2026-07-10 01:41:14] [INFO] Subiendo: ERP_TEST_07.zip
[2026-07-10 01:41:14] [INFO] Subiendo: ERP_TEST_08.zip
[2026-07-10 01:41:14] [INFO] Subiendo: ERP_TEST_09.bak
[2026-07-10 01:41:14] [INFO] Subiendo: ERP_TEST_10.7z
[2026-07-10 01:41:14] [INFO] Subiendo: ERP_TEST_11.zip
[2026-07-10 01:41:14] [INFO] Subiendo: ERP_TEST_13.zip
[2026-07-10 01:41:14] [INFO] Subiendo: ERP_TEST_14.zip
[2026-07-10 01:41:14] [INFO] Subiendo: ERP_TEST_15.zip
[2026-07-10 01:41:14] [INFO] Subiendo: ERP_TEST_16.zip
[2026-07-10 01:41:14] [INFO] Subiendo: ERP_TEST_17.zip
[2026-07-10 01:41:14] [INFO] Subiendo: ERP_TEST_18.zip
[2026-07-10 01:41:14] [INFO] Subiendo: ERP_TEST_19.zip
[2026-07-10 01:41:14] [INFO] Subiendo: ERP_TEST_20.zip
[2026-07-10 01:41:14] [INFO] Subiendo: ERP_TEST_21.zip
[2026-07-10 01:41:14] [SUCCESS] Proceso finalizado.
[2026-07-10 01:41:24] [INFO] Ejecutando trabajo: ERP SQL
[2026-07-10 01:41:24] [INFO] === Backup Center iniciado ===
[2026-07-10 01:41:24] [INFO] Subiendo: ERP_TEST.zip
[2026-07-10 01:41:24] [INFO] Subiendo: ERP_TEST_01.zip
[2026-07-10 01:41:24] [INFO] Subiendo: ERP_TEST_02.zip
[2026-07-10 01:41:24] [INFO] Subiendo: ERP_TEST_03.zip
[2026-07-10 01:41:24] [INFO] Subiendo: ERP_TEST_04.bak
[2026-07-10 01:41:24] [INFO] Subiendo: ERP_TEST_05.7z
[2026-07-10 01:41:24] [INFO] Subiendo: ERP_TEST_06.zip
[2026-07-10 01:41:24] [INFO] Subiendo: ERP_TEST_07.zip
[2026-07-10 01:41:24] [INFO] Subiendo: ERP_TEST_08.zip
[2026-07-10 01:41:24] [INFO] Subiendo: ERP_TEST_09.bak
[2026-07-10 01:41:24] [INFO] Subiendo: ERP_TEST_10.7z
[2026-07-10 01:41:24] [INFO] Subiendo: ERP_TEST_11.zip
[2026-07-10 01:41:24] [INFO] Subiendo: ERP_TEST_13.zip
[2026-07-10 01:41:24] [INFO] Subiendo: ERP_TEST_14.zip
[2026-07-10 01:41:24] [INFO] Subiendo: ERP_TEST_15.zip
[2026-07-10 01:41:24] [INFO] Subiendo: ERP_TEST_16.zip
[2026-07-10 01:41:24] [INFO] Subiendo: ERP_TEST_17.zip
[2026-07-10 01:41:24] [INFO] Subiendo: ERP_TEST_18.zip
[2026-07-10 01:41:24] [INFO] Subiendo: ERP_TEST_19.zip
[2026-07-10 01:41:24] [INFO] Subiendo: ERP_TEST_20.zip
[2026-07-10 01:41:24] [INFO] Subiendo: ERP_TEST_21.zip
[2026-07-10 01:41:24] [SUCCESS] Proceso finalizado.
[2026-07-10 01:41:34] [INFO] Ejecutando trabajo: ERP SQL
[2026-07-10 01:41:34] [INFO] === Backup Center iniciado ===
[2026-07-10 01:41:34] [INFO] Subiendo: ERP_TEST.zip
[2026-07-10 01:41:34] [INFO] Subiendo: ERP_TEST_01.zip
[2026-07-10 01:41:34] [INFO] Subiendo: ERP_TEST_02.zip
[2026-07-10 01:41:34] [INFO] Subiendo: ERP_TEST_03.zip
[2026-07-10 01:41:34] [INFO] Subiendo: ERP_TEST_04.bak
[2026-07-10 01:41:34] [INFO] Subiendo: ERP_TEST_05.7z
[2026-07-10 01:41:34] [INFO] Subiendo: ERP_TEST_06.zip
[2026-07-10 01:41:34] [INFO] Subiendo: ERP_TEST_07.zip
[2026-07-10 01:41:34] [INFO] Subiendo: ERP_TEST_08.zip
[2026-07-10 01:41:34] [INFO] Subiendo: ERP_TEST_09.bak
[2026-07-10 01:41:34] [INFO] Subiendo: ERP_TEST_10.7z
[2026-07-10 01:41:34] [INFO] Subiendo: ERP_TEST_11.zip
[2026-07-10 01:41:34] [INFO] Subiendo: ERP_TEST_13.zip
[2026-07-10 01:41:34] [INFO] Subiendo: ERP_TEST_14.zip
[2026-07-10 01:41:34] [INFO] Subiendo: ERP_TEST_15.zip
[2026-07-10 01:41:34] [INFO] Subiendo: ERP_TEST_16.zip
[2026-07-10 01:41:34] [INFO] Subiendo: ERP_TEST_17.zip
[2026-07-10 01:41:34] [INFO] Subiendo: ERP_TEST_18.zip
[2026-07-10 01:41:34] [INFO] Subiendo: ERP_TEST_19.zip
[2026-07-10 01:41:34] [INFO] Subiendo: ERP_TEST_20.zip
[2026-07-10 01:41:34] [INFO] Subiendo: ERP_TEST_21.zip
[2026-07-10 01:41:34] [SUCCESS] Proceso finalizado.
[2026-07-10 01:41:45] [INFO] Ejecutando trabajo: ERP SQL
[2026-07-10 01:41:45] [INFO] === Backup Center iniciado ===
[2026-07-10 01:41:45] [INFO] Subiendo: ERP_TEST.zip
[2026-07-10 01:41:45] [INFO] Subiendo: ERP_TEST_01.zip
[2026-07-10 01:41:45] [INFO] Subiendo: ERP_TEST_02.zip
[2026-07-10 01:41:45] [INFO] Subiendo: ERP_TEST_03.zip
[2026-07-10 01:41:45] [INFO] Subiendo: ERP_TEST_04.bak
[2026-07-10 01:41:45] [INFO] Subiendo: ERP_TEST_05.7z
[2026-07-10 01:41:45] [INFO] Subiendo: ERP_TEST_06.zip
[2026-07-10 01:41:45] [INFO] Subiendo: ERP_TEST_07.zip
[2026-07-10 01:41:45] [INFO] Subiendo: ERP_TEST_08.zip
[2026-07-10 01:41:45] [INFO] Subiendo: ERP_TEST_09.bak
[2026-07-10 01:41:45] [INFO] Subiendo: ERP_TEST_10.7z
[2026-07-10 01:41:45] [INFO] Subiendo: ERP_TEST_11.zip
[2026-07-10 01:41:45] [INFO] Subiendo: ERP_TEST_13.zip
[2026-07-10 01:41:45] [INFO] Subiendo: ERP_TEST_14.zip
[2026-07-10 01:41:45] [INFO] Subiendo: ERP_TEST_15.zip
[2026-07-10 01:41:45] [INFO] Subiendo: ERP_TEST_16.zip
[2026-07-10 01:41:45] [INFO] Subiendo: ERP_TEST_17.zip
[2026-07-10 01:41:45] [INFO] Subiendo: ERP_TEST_18.zip
[2026-07-10 01:41:45] [INFO] Subiendo: ERP_TEST_19.zip
[2026-07-10 01:41:45] [INFO] Subiendo: ERP_TEST_20.zip
[2026-07-10 01:41:45] [INFO] Subiendo: ERP_TEST_21.zip
[2026-07-10 01:41:45] [SUCCESS] Proceso finalizado.
[2026-07-10 01:41:55] [INFO] Ejecutando trabajo: ERP SQL
[2026-07-10 01:41:55] [INFO] === Backup Center iniciado ===
[2026-07-10 01:41:55] [INFO] Subiendo: ERP_TEST.zip
[2026-07-10 01:41:55] [INFO] Subiendo: ERP_TEST_01.zip
[2026-07-10 01:41:55] [INFO] Subiendo: ERP_TEST_02.zip
[2026-07-10 01:41:55] [INFO] Subiendo: ERP_TEST_03.zip
[2026-07-10 01:41:55] [INFO] Subiendo: ERP_TEST_04.bak
[2026-07-10 01:41:55] [INFO] Subiendo: ERP_TEST_05.7z
[2026-07-10 01:41:55] [INFO] Subiendo: ERP_TEST_06.zip
[2026-07-10 01:41:55] [INFO] Subiendo: ERP_TEST_07.zip
[2026-07-10 01:41:55] [INFO] Subiendo: ERP_TEST_08.zip
[2026-07-10 01:41:55] [INFO] Subiendo: ERP_TEST_09.bak
[2026-07-10 01:41:55] [INFO] Subiendo: ERP_TEST_10.7z
[2026-07-10 01:41:55] [INFO] Subiendo: ERP_TEST_11.zip
[2026-07-10 01:41:55] [INFO] Subiendo: ERP_TEST_13.zip
[2026-07-10 01:41:55] [INFO] Subiendo: ERP_TEST_14.zip
[2026-07-10 01:41:55] [INFO] Subiendo: ERP_TEST_15.zip
[2026-07-10 01:41:55] [INFO] Subiendo: ERP_TEST_16.zip
[2026-07-10 01:41:55] [INFO] Subiendo: ERP_TEST_17.zip
[2026-07-10 01:41:55] [INFO] Subiendo: ERP_TEST_18.zip
[2026-07-10 01:41:55] [INFO] Subiendo: ERP_TEST_19.zip
[2026-07-10 01:41:55] [INFO] Subiendo: ERP_TEST_20.zip
[2026-07-10 01:41:55] [INFO] Subiendo: ERP_TEST_21.zip
[2026-07-10 01:41:55] [SUCCESS] Proceso finalizado.
[2026-07-10 01:42:05] [INFO] Ejecutando trabajo: ERP SQL
[2026-07-10 01:42:05] [INFO] === Backup Center iniciado ===
[2026-07-10 01:42:05] [INFO] Subiendo: ERP_TEST.zip
[2026-07-10 01:42:05] [INFO] Subiendo: ERP_TEST_01.zip
[2026-07-10 01:42:05] [INFO] Subiendo: ERP_TEST_02.zip
[2026-07-10 01:42:05] [INFO] Subiendo: ERP_TEST_03.zip
[2026-07-10 01:42:05] [INFO] Subiendo: ERP_TEST_04.bak
[2026-07-10 01:42:05] [INFO] Subiendo: ERP_TEST_05.7z
[2026-07-10 01:42:05] [INFO] Subiendo: ERP_TEST_06.zip
[2026-07-10 01:42:05] [INFO] Subiendo: ERP_TEST_07.zip
[2026-07-10 01:42:05] [INFO] Subiendo: ERP_TEST_08.zip
[2026-07-10 01:42:05] [INFO] Subiendo: ERP_TEST_09.bak
[2026-07-10 01:42:05] [INFO] Subiendo: ERP_TEST_10.7z
[2026-07-10 01:42:05] [INFO] Subiendo: ERP_TEST_11.zip
[2026-07-10 01:42:05] [INFO] Subiendo: ERP_TEST_13.zip
[2026-07-10 01:42:05] [INFO] Subiendo: ERP_TEST_14.zip
[2026-07-10 01:42:05] [INFO] Subiendo: ERP_TEST_15.zip
[2026-07-10 01:42:05] [INFO] Subiendo: ERP_TEST_16.zip
[2026-07-10 01:42:05] [INFO] Subiendo: ERP_TEST_17.zip
[2026-07-10 01:42:05] [INFO] Subiendo: ERP_TEST_18.zip
[2026-07-10 01:42:05] [INFO] Subiendo: ERP_TEST_19.zip
[2026-07-10 01:42:05] [INFO] Subiendo: ERP_TEST_20.zip
[2026-07-10 01:42:05] [INFO] Subiendo: ERP_TEST_21.zip
[2026-07-10 01:42:05] [SUCCESS] Proceso finalizado.
[2026-07-10 01:42:15] [INFO] Ejecutando trabajo: ERP SQL
[2026-07-10 01:42:15] [INFO] === Backup Center iniciado ===
[2026-07-10 01:42:15] [INFO] Subiendo: ERP_TEST.zip
[2026-07-10 01:42:15] [INFO] Subiendo: ERP_TEST_01.zip
[2026-07-10 01:42:15] [INFO] Subiendo: ERP_TEST_02.zip
[2026-07-10 01:42:15] [INFO] Subiendo: ERP_TEST_03.zip
[2026-07-10 01:42:15] [INFO] Subiendo: ERP_TEST_04.bak
[2026-07-10 01:42:15] [INFO] Subiendo: ERP_TEST_05.7z
[2026-07-10 01:42:15] [INFO] Subiendo: ERP_TEST_06.zip
[2026-07-10 01:42:15] [INFO] Subiendo: ERP_TEST_07.zip
[2026-07-10 01:42:15] [INFO] Subiendo: ERP_TEST_08.zip
[2026-07-10 01:42:15] [INFO] Subiendo: ERP_TEST_09.bak
[2026-07-10 01:42:15] [INFO] Subiendo: ERP_TEST_10.7z
[2026-07-10 01:42:15] [INFO] Subiendo: ERP_TEST_11.zip
[2026-07-10 01:42:15] [INFO] Subiendo: ERP_TEST_13.zip
[2026-07-10 01:42:15] [INFO] Subiendo: ERP_TEST_14.zip
[2026-07-10 01:42:15] [INFO] Subiendo: ERP_TEST_15.zip
[2026-07-10 01:42:15] [INFO] Subiendo: ERP_TEST_16.zip
[2026-07-10 01:42:15] [INFO] Subiendo: ERP_TEST_17.zip
[2026-07-10 01:42:15] [INFO] Subiendo: ERP_TEST_18.zip
[2026-07-10 01:42:15] [INFO] Subiendo: ERP_TEST_19.zip
[2026-07-10 01:42:15] [INFO] Subiendo: ERP_TEST_20.zip
[2026-07-10 01:42:15] [INFO] Subiendo: ERP_TEST_21.zip
[2026-07-10 01:42:15] [SUCCESS] Proceso finalizado.
[2026-07-10 01:42:25] [INFO] Ejecutando trabajo: ERP SQL
[2026-07-10 01:42:25] [INFO] === Backup Center iniciado ===
[2026-07-10 01:42:25] [INFO] Subiendo: ERP_TEST.zip
[2026-07-10 01:42:25] [INFO] Subiendo: ERP_TEST_01.zip
[2026-07-10 01:42:25] [INFO] Subiendo: ERP_TEST_02.zip
[2026-07-10 01:42:25] [INFO] Subiendo: ERP_TEST_03.zip
[2026-07-10 01:42:25] [INFO] Subiendo: ERP_TEST_04.bak
[2026-07-10 01:42:25] [INFO] Subiendo: ERP_TEST_05.7z
[2026-07-10 01:42:25] [INFO] Subiendo: ERP_TEST_06.zip
[2026-07-10 01:42:25] [INFO] Subiendo: ERP_TEST_07.zip
[2026-07-10 01:42:25] [INFO] Subiendo: ERP_TEST_08.zip
[2026-07-10 01:42:25] [INFO] Subiendo: ERP_TEST_09.bak
[2026-07-10 01:42:25] [INFO] Subiendo: ERP_TEST_10.7z
[2026-07-10 01:42:25] [INFO] Subiendo: ERP_TEST_11.zip
[2026-07-10 01:42:25] [INFO] Subiendo: ERP_TEST_13.zip
[2026-07-10 01:42:25] [INFO] Subiendo: ERP_TEST_14.zip
[2026-07-10 01:42:25] [INFO] Subiendo: ERP_TEST_15.zip
[2026-07-10 01:42:25] [INFO] Subiendo: ERP_TEST_16.zip
[2026-07-10 01:42:25] [INFO] Subiendo: ERP_TEST_17.zip
[2026-07-10 01:42:25] [INFO] Subiendo: ERP_TEST_18.zip
[2026-07-10 01:42:25] [INFO] Subiendo: ERP_TEST_19.zip
[2026-07-10 01:42:25] [INFO] Subiendo: ERP_TEST_20.zip
[2026-07-10 01:42:25] [INFO] Subiendo: ERP_TEST_21.zip
[2026-07-10 01:42:25] [SUCCESS] Proceso finalizado.
[2026-07-10 01:42:35] [INFO] Ejecutando trabajo: ERP SQL
[2026-07-10 01:42:35] [INFO] === Backup Center iniciado ===
[2026-07-10 01:42:35] [INFO] Subiendo: ERP_TEST.zip
[2026-07-10 01:42:35] [INFO] Subiendo: ERP_TEST_01.zip
[2026-07-10 01:42:35] [INFO] Subiendo: ERP_TEST_02.zip
[2026-07-10 01:42:35] [INFO] Subiendo: ERP_TEST_03.zip
[2026-07-10 01:42:35] [INFO] Subiendo: ERP_TEST_04.bak
[2026-07-10 01:42:35] [INFO] Subiendo: ERP_TEST_05.7z
[2026-07-10 01:42:35] [INFO] Subiendo: ERP_TEST_06.zip
[2026-07-10 01:42:35] [INFO] Subiendo: ERP_TEST_07.zip
[2026-07-10 01:42:35] [INFO] Subiendo: ERP_TEST_08.zip
[2026-07-10 01:42:35] [INFO] Subiendo: ERP_TEST_09.bak
[2026-07-10 01:42:35] [INFO] Subiendo: ERP_TEST_10.7z
[2026-07-10 01:42:35] [INFO] Subiendo: ERP_TEST_11.zip
[2026-07-10 01:42:35] [INFO] Subiendo: ERP_TEST_13.zip
[2026-07-10 01:42:35] [INFO] Subiendo: ERP_TEST_14.zip
[2026-07-10 01:42:35] [INFO] Subiendo: ERP_TEST_15.zip
[2026-07-10 01:42:35] [INFO] Subiendo: ERP_TEST_16.zip
[2026-07-10 01:42:35] [INFO] Subiendo: ERP_TEST_17.zip
[2026-07-10 01:42:35] [INFO] Subiendo: ERP_TEST_18.zip
[2026-07-10 01:42:35] [INFO] Subiendo: ERP_TEST_19.zip
[2026-07-10 01:42:35] [INFO] Subiendo: ERP_TEST_20.zip
[2026-07-10 01:42:35] [INFO] Subiendo: ERP_TEST_21.zip
[2026-07-10 01:42:35] [SUCCESS] Proceso finalizado.
[2026-07-10 01:42:45] [INFO] Ejecutando trabajo: ERP SQL
[2026-07-10 01:42:45] [INFO] === Backup Center iniciado ===
[2026-07-10 01:42:45] [INFO] Subiendo: ERP_TEST.zip
[2026-07-10 01:42:45] [INFO] Subiendo: ERP_TEST_01.zip
[2026-07-10 01:42:45] [INFO] Subiendo: ERP_TEST_02.zip
[2026-07-10 01:42:45] [INFO] Subiendo: ERP_TEST_03.zip
[2026-07-10 01:42:45] [INFO] Subiendo: ERP_TEST_04.bak
[2026-07-10 01:42:45] [INFO] Subiendo: ERP_TEST_05.7z
[2026-07-10 01:42:45] [INFO] Subiendo: ERP_TEST_06.zip
[2026-07-10 01:42:45] [INFO] Subiendo: ERP_TEST_07.zip
[2026-07-10 01:42:45] [INFO] Subiendo: ERP_TEST_08.zip
[2026-07-10 01:42:45] [INFO] Subiendo: ERP_TEST_09.bak
[2026-07-10 01:42:45] [INFO] Subiendo: ERP_TEST_10.7z
[2026-07-10 01:42:45] [INFO] Subiendo: ERP_TEST_11.zip
[2026-07-10 01:42:45] [INFO] Subiendo: ERP_TEST_13.zip
[2026-07-10 01:42:45] [INFO] Subiendo: ERP_TEST_14.zip
[2026-07-10 01:42:45] [INFO] Subiendo: ERP_TEST_15.zip
[2026-07-10 01:42:45] [INFO] Subiendo: ERP_TEST_16.zip
[2026-07-10 01:42:45] [INFO] Subiendo: ERP_TEST_17.zip
[2026-07-10 01:42:45] [INFO] Subiendo: ERP_TEST_18.zip
[2026-07-10 01:42:45] [INFO] Subiendo: ERP_TEST_19.zip
[2026-07-10 01:42:45] [INFO] Subiendo: ERP_TEST_20.zip
[2026-07-10 01:42:45] [INFO] Subiendo: ERP_TEST_21.zip
[2026-07-10 01:42:45] [SUCCESS] Proceso finalizado.
[2026-07-10 01:42:55] [INFO] Ejecutando trabajo: ERP SQL
[2026-07-10 01:42:55] [INFO] === Backup Center iniciado ===
[2026-07-10 01:42:55] [INFO] Subiendo: ERP_TEST.zip
[2026-07-10 01:42:55] [INFO] Subiendo: ERP_TEST_01.zip
[2026-07-10 01:42:55] [INFO] Subiendo: ERP_TEST_02.zip
[2026-07-10 01:42:55] [INFO] Subiendo: ERP_TEST_03.zip
[2026-07-10 01:42:55] [INFO] Subiendo: ERP_TEST_04.bak
[2026-07-10 01:42:55] [INFO] Subiendo: ERP_TEST_05.7z
[2026-07-10 01:42:55] [INFO] Subiendo: ERP_TEST_06.zip
[2026-07-10 01:42:55] [INFO] Subiendo: ERP_TEST_07.zip
[2026-07-10 01:42:55] [INFO] Subiendo: ERP_TEST_08.zip
[2026-07-10 01:42:55] [INFO] Subiendo: ERP_TEST_09.bak
[2026-07-10 01:42:55] [INFO] Subiendo: ERP_TEST_10.7z
[2026-07-10 01:42:55] [INFO] Subiendo: ERP_TEST_11.zip
[2026-07-10 01:42:55] [INFO] Subiendo: ERP_TEST_13.zip
[2026-07-10 01:42:55] [INFO] Subiendo: ERP_TEST_14.zip
[2026-07-10 01:42:55] [INFO] Subiendo: ERP_TEST_15.zip
[2026-07-10 01:42:55] [INFO] Subiendo: ERP_TEST_16.zip
[2026-07-10 01:42:55] [INFO] Subiendo: ERP_TEST_17.zip
[2026-07-10 01:42:55] [INFO] Subiendo: ERP_TEST_18.zip
[2026-07-10 01:42:55] [INFO] Subiendo: ERP_TEST_19.zip
[2026-07-10 01:42:55] [INFO] Subiendo: ERP_TEST_20.zip
[2026-07-10 01:42:55] [INFO] Subiendo: ERP_TEST_21.zip
[2026-07-10 01:42:55] [SUCCESS] Proceso finalizado.
[2026-07-10 01:43:05] [INFO] Ejecutando trabajo: ERP SQL
[2026-07-10 01:43:05] [INFO] === Backup Center iniciado ===
[2026-07-10 01:43:05] [INFO] Subiendo: ERP_TEST.zip
[2026-07-10 01:43:05] [INFO] Subiendo: ERP_TEST_01.zip
[2026-07-10 01:43:05] [INFO] Subiendo: ERP_TEST_02.zip
[2026-07-10 01:43:05] [INFO] Subiendo: ERP_TEST_03.zip
[2026-07-10 01:43:05] [INFO] Subiendo: ERP_TEST_04.bak
[2026-07-10 01:43:05] [INFO] Subiendo: ERP_TEST_05.7z
[2026-07-10 01:43:05] [INFO] Subiendo: ERP_TEST_06.zip
[2026-07-10 01:43:05] [INFO] Subiendo: ERP_TEST_07.zip
[2026-07-10 01:43:05] [INFO] Subiendo: ERP_TEST_08.zip
[2026-07-10 01:43:05] [INFO] Subiendo: ERP_TEST_09.bak
[2026-07-10 01:43:06] [INFO] Subiendo: ERP_TEST_10.7z
[2026-07-10 01:43:06] [INFO] Subiendo: ERP_TEST_11.zip
[2026-07-10 01:43:06] [INFO] Subiendo: ERP_TEST_13.zip
[2026-07-10 01:43:06] [INFO] Subiendo: ERP_TEST_14.zip
[2026-07-10 01:43:06] [INFO] Subiendo: ERP_TEST_15.zip
[2026-07-10 01:43:06] [INFO] Subiendo: ERP_TEST_16.zip
[2026-07-10 01:43:06] [INFO] Subiendo: ERP_TEST_17.zip
[2026-07-10 01:43:06] [INFO] Subiendo: ERP_TEST_18.zip
[2026-07-10 01:43:06] [INFO] Subiendo: ERP_TEST_19.zip
[2026-07-10 01:43:06] [INFO] Subiendo: ERP_TEST_20.zip
[2026-07-10 01:43:06] [INFO] Subiendo: ERP_TEST_21.zip
[2026-07-10 01:43:06] [SUCCESS] Proceso finalizado.
[2026-07-10 01:43:16] [INFO] Ejecutando trabajo: ERP SQL
[2026-07-10 01:43:16] [INFO] === Backup Center iniciado ===
[2026-07-10 01:43:16] [INFO] Subiendo: ERP_TEST.zip
[2026-07-10 01:43:16] [INFO] Subiendo: ERP_TEST_01.zip
[2026-07-10 01:43:16] [INFO] Subiendo: ERP_TEST_02.zip
[2026-07-10 01:43:16] [INFO] Subiendo: ERP_TEST_03.zip
[2026-07-10 01:43:16] [INFO] Subiendo: ERP_TEST_04.bak
[2026-07-10 01:43:16] [INFO] Subiendo: ERP_TEST_05.7z
[2026-07-10 01:43:16] [INFO] Subiendo: ERP_TEST_06.zip
[2026-07-10 01:43:16] [INFO] Subiendo: ERP_TEST_07.zip
[2026-07-10 01:43:16] [INFO] Subiendo: ERP_TEST_08.zip
[2026-07-10 01:43:16] [INFO] Subiendo: ERP_TEST_09.bak
[2026-07-10 01:43:16] [INFO] Subiendo: ERP_TEST_10.7z
[2026-07-10 01:43:16] [INFO] Subiendo: ERP_TEST_11.zip
[2026-07-10 01:43:16] [INFO] Subiendo: ERP_TEST_13.zip
[2026-07-10 01:43:16] [INFO] Subiendo: ERP_TEST_14.zip
[2026-07-10 01:43:16] [INFO] Subiendo: ERP_TEST_15.zip
[2026-07-10 01:43:16] [INFO] Subiendo: ERP_TEST_16.zip
[2026-07-10 01:43:16] [INFO] Subiendo: ERP_TEST_17.zip
[2026-07-10 01:43:16] [INFO] Subiendo: ERP_TEST_18.zip
[2026-07-10 01:43:16] [INFO] Subiendo: ERP_TEST_19.zip
[2026-07-10 01:43:16] [INFO] Subiendo: ERP_TEST_20.zip
[2026-07-10 01:43:16] [INFO] Subiendo: ERP_TEST_21.zip
[2026-07-10 01:43:16] [SUCCESS] Proceso finalizado.
[2026-07-10 01:43:26] [INFO] Ejecutando trabajo: ERP SQL
[2026-07-10 01:43:26] [INFO] === Backup Center iniciado ===
[2026-07-10 01:43:26] [INFO] Subiendo: ERP_TEST.zip
[2026-07-10 01:43:26] [INFO] Subiendo: ERP_TEST_01.zip
[2026-07-10 01:43:26] [INFO] Subiendo: ERP_TEST_02.zip
[2026-07-10 01:43:26] [INFO] Subiendo: ERP_TEST_03.zip
[2026-07-10 01:43:26] [INFO] Subiendo: ERP_TEST_04.bak
[2026-07-10 01:43:26] [INFO] Subiendo: ERP_TEST_05.7z
[2026-07-10 01:43:26] [INFO] Subiendo: ERP_TEST_06.zip
[2026-07-10 01:43:26] [INFO] Subiendo: ERP_TEST_07.zip
[2026-07-10 01:43:26] [INFO] Subiendo: ERP_TEST_08.zip
[2026-07-10 01:43:26] [INFO] Subiendo: ERP_TEST_09.bak
[2026-07-10 01:43:26] [INFO] Subiendo: ERP_TEST_10.7z
[2026-07-10 01:43:26] [INFO] Subiendo: ERP_TEST_11.zip
[2026-07-10 01:43:26] [INFO] Subiendo: ERP_TEST_13.zip
[2026-07-10 01:43:26] [INFO] Subiendo: ERP_TEST_14.zip
[2026-07-10 01:43:26] [INFO] Subiendo: ERP_TEST_15.zip
[2026-07-10 01:43:26] [INFO] Subiendo: ERP_TEST_16.zip
[2026-07-10 01:43:26] [INFO] Subiendo: ERP_TEST_17.zip
[2026-07-10 01:43:26] [INFO] Subiendo: ERP_TEST_18.zip
[2026-07-10 01:43:26] [INFO] Subiendo: ERP_TEST_19.zip
[2026-07-10 01:43:26] [INFO] Subiendo: ERP_TEST_20.zip
[2026-07-10 01:43:26] [INFO] Subiendo: ERP_TEST_21.zip
[2026-07-10 01:43:26] [SUCCESS] Proceso finalizado.
[2026-07-10 01:43:36] [INFO] Ejecutando trabajo: ERP SQL
[2026-07-10 01:43:36] [INFO] === Backup Center iniciado ===
[2026-07-10 01:43:36] [INFO] Subiendo: ERP_TEST.zip
[2026-07-10 01:43:36] [INFO] Subiendo: ERP_TEST_01.zip
[2026-07-10 01:43:36] [INFO] Subiendo: ERP_TEST_02.zip
[2026-07-10 01:43:36] [INFO] Subiendo: ERP_TEST_03.zip
[2026-07-10 01:43:36] [INFO] Subiendo: ERP_TEST_04.bak
[2026-07-10 01:43:36] [INFO] Subiendo: ERP_TEST_05.7z
[2026-07-10 01:43:36] [INFO] Subiendo: ERP_TEST_06.zip
[2026-07-10 01:43:36] [INFO] Subiendo: ERP_TEST_07.zip
[2026-07-10 01:43:36] [INFO] Subiendo: ERP_TEST_08.zip
[2026-07-10 01:43:36] [INFO] Subiendo: ERP_TEST_09.bak
[2026-07-10 01:43:36] [INFO] Subiendo: ERP_TEST_10.7z
[2026-07-10 01:43:36] [INFO] Subiendo: ERP_TEST_11.zip
[2026-07-10 01:43:36] [INFO] Subiendo: ERP_TEST_13.zip
[2026-07-10 01:43:36] [INFO] Subiendo: ERP_TEST_14.zip
[2026-07-10 01:43:36] [INFO] Subiendo: ERP_TEST_15.zip
[2026-07-10 01:43:36] [INFO] Subiendo: ERP_TEST_16.zip
[2026-07-10 01:43:36] [INFO] Subiendo: ERP_TEST_17.zip
[2026-07-10 01:43:36] [INFO] Subiendo: ERP_TEST_18.zip
[2026-07-10 01:43:36] [INFO] Subiendo: ERP_TEST_19.zip
[2026-07-10 01:43:36] [INFO] Subiendo: ERP_TEST_20.zip
[2026-07-10 01:43:36] [INFO] Subiendo: ERP_TEST_21.zip
[2026-07-10 01:43:36] [SUCCESS] Proceso finalizado.
[2026-07-10 01:43:46] [INFO] Ejecutando trabajo: ERP SQL
[2026-07-10 01:43:46] [INFO] === Backup Center iniciado ===
[2026-07-10 01:43:46] [INFO] Subiendo: ERP_TEST.zip
[2026-07-10 01:43:46] [INFO] Subiendo: ERP_TEST_01.zip
[2026-07-10 01:43:46] [INFO] Subiendo: ERP_TEST_02.zip
[2026-07-10 01:43:46] [INFO] Subiendo: ERP_TEST_03.zip
[2026-07-10 01:43:46] [INFO] Subiendo: ERP_TEST_04.bak
[2026-07-10 01:43:46] [INFO] Subiendo: ERP_TEST_05.7z
[2026-07-10 01:43:46] [INFO] Subiendo: ERP_TEST_06.zip
[2026-07-10 01:43:46] [INFO] Subiendo: ERP_TEST_07.zip
[2026-07-10 01:43:46] [INFO] Subiendo: ERP_TEST_08.zip
[2026-07-10 01:43:46] [INFO] Subiendo: ERP_TEST_09.bak
[2026-07-10 01:43:46] [INFO] Subiendo: ERP_TEST_10.7z
[2026-07-10 01:43:46] [INFO] Subiendo: ERP_TEST_11.zip
[2026-07-10 01:43:46] [INFO] Subiendo: ERP_TEST_13.zip
[2026-07-10 01:43:46] [INFO] Subiendo: ERP_TEST_14.zip
[2026-07-10 01:43:46] [INFO] Subiendo: ERP_TEST_15.zip
[2026-07-10 01:43:46] [INFO] Subiendo: ERP_TEST_16.zip
[2026-07-10 01:43:46] [INFO] Subiendo: ERP_TEST_17.zip
[2026-07-10 01:43:46] [INFO] Subiendo: ERP_TEST_18.zip
[2026-07-10 01:43:46] [INFO] Subiendo: ERP_TEST_19.zip
[2026-07-10 01:43:46] [INFO] Subiendo: ERP_TEST_20.zip
[2026-07-10 01:43:46] [INFO] Subiendo: ERP_TEST_21.zip
[2026-07-10 01:43:46] [SUCCESS] Proceso finalizado.
[2026-07-10 01:43:56] [INFO] Ejecutando trabajo: ERP SQL
[2026-07-10 01:43:56] [INFO] === Backup Center iniciado ===
[2026-07-10 01:43:56] [INFO] Subiendo: ERP_TEST.zip
[2026-07-10 01:43:56] [INFO] Subiendo: ERP_TEST_01.zip
[2026-07-10 01:43:56] [INFO] Subiendo: ERP_TEST_02.zip
[2026-07-10 01:43:56] [INFO] Subiendo: ERP_TEST_03.zip
[2026-07-10 01:43:56] [INFO] Subiendo: ERP_TEST_04.bak
[2026-07-10 01:43:56] [INFO] Subiendo: ERP_TEST_05.7z
[2026-07-10 01:43:56] [INFO] Subiendo: ERP_TEST_06.zip
[2026-07-10 01:43:56] [INFO] Subiendo: ERP_TEST_07.zip
[2026-07-10 01:43:56] [INFO] Subiendo: ERP_TEST_08.zip
[2026-07-10 01:43:56] [INFO] Subiendo: ERP_TEST_09.bak
[2026-07-10 01:43:56] [INFO] Subiendo: ERP_TEST_10.7z
[2026-07-10 01:43:56] [INFO] Subiendo: ERP_TEST_11.zip
[2026-07-10 01:43:56] [INFO] Subiendo: ERP_TEST_13.zip
[2026-07-10 01:43:56] [INFO] Subiendo: ERP_TEST_14.zip
[2026-07-10 01:43:56] [INFO] Subiendo: ERP_TEST_15.zip
[2026-07-10 01:43:56] [INFO] Subiendo: ERP_TEST_16.zip
[2026-07-10 01:43:56] [INFO] Subiendo: ERP_TEST_17.zip
[2026-07-10 01:43:56] [INFO] Subiendo: ERP_TEST_18.zip
[2026-07-10 01:43:56] [INFO] Subiendo: ERP_TEST_19.zip
[2026-07-10 01:43:56] [INFO] Subiendo: ERP_TEST_20.zip
[2026-07-10 01:43:56] [INFO] Subiendo: ERP_TEST_21.zip
[2026-07-10 01:43:56] [SUCCESS] Proceso finalizado.
[2026-07-10 01:44:04] [INFO] Ejecutando trabajo: ERP SQL
[2026-07-10 01:44:04] [INFO] === Backup Center iniciado ===
[2026-07-10 01:44:04] [INFO] Subiendo: ERP_TEST.zip
[2026-07-10 01:44:04] [INFO] Subiendo: ERP_TEST_01.zip
[2026-07-10 01:44:04] [INFO] Subiendo: ERP_TEST_02.zip
[2026-07-10 01:44:04] [INFO] Subiendo: ERP_TEST_03.zip
[2026-07-10 01:44:04] [INFO] Subiendo: ERP_TEST_04.bak
[2026-07-10 01:44:04] [INFO] Subiendo: ERP_TEST_05.7z
[2026-07-10 01:44:04] [INFO] Subiendo: ERP_TEST_06.zip
[2026-07-10 01:44:04] [INFO] Subiendo: ERP_TEST_07.zip
[2026-07-10 01:44:04] [INFO] Subiendo: ERP_TEST_08.zip
[2026-07-10 01:44:04] [INFO] Subiendo: ERP_TEST_09.bak
[2026-07-10 01:44:04] [INFO] Subiendo: ERP_TEST_10.7z
[2026-07-10 01:44:04] [INFO] Subiendo: ERP_TEST_11.zip
[2026-07-10 01:44:04] [INFO] Subiendo: ERP_TEST_13.zip
[2026-07-10 01:44:04] [INFO] Subiendo: ERP_TEST_14.zip
[2026-07-10 01:44:04] [INFO] Subiendo: ERP_TEST_15.zip
[2026-07-10 01:44:04] [INFO] Subiendo: ERP_TEST_16.zip
[2026-07-10 01:44:04] [INFO] Subiendo: ERP_TEST_17.zip
[2026-07-10 01:44:04] [INFO] Subiendo: ERP_TEST_18.zip
[2026-07-10 01:44:04] [INFO] Subiendo: ERP_TEST_19.zip
[2026-07-10 01:44:04] [INFO] Subiendo: ERP_TEST_20.zip
[2026-07-10 01:44:04] [INFO] Subiendo: ERP_TEST_21.zip
[2026-07-10 01:44:04] [SUCCESS] Proceso finalizado.
[2026-07-10 01:44:14] [INFO] Ejecutando trabajo: ERP SQL
[2026-07-10 01:44:14] [INFO] === Backup Center iniciado ===
[2026-07-10 01:44:14] [INFO] Subiendo: ERP_TEST.zip
[2026-07-10 01:44:14] [INFO] Subiendo: ERP_TEST_01.zip
[2026-07-10 01:44:14] [INFO] Subiendo: ERP_TEST_02.zip
[2026-07-10 01:44:14] [INFO] Subiendo: ERP_TEST_03.zip
[2026-07-10 01:44:14] [INFO] Subiendo: ERP_TEST_04.bak
[2026-07-10 01:44:14] [INFO] Subiendo: ERP_TEST_05.7z
[2026-07-10 01:44:14] [INFO] Subiendo: ERP_TEST_06.zip
[2026-07-10 01:44:14] [INFO] Subiendo: ERP_TEST_07.zip
[2026-07-10 01:44:14] [INFO] Subiendo: ERP_TEST_08.zip
[2026-07-10 01:44:14] [INFO] Subiendo: ERP_TEST_09.bak
[2026-07-10 01:44:14] [INFO] Subiendo: ERP_TEST_10.7z
[2026-07-10 01:44:14] [INFO] Subiendo: ERP_TEST_11.zip
[2026-07-10 01:44:14] [INFO] Subiendo: ERP_TEST_13.zip
[2026-07-10 01:44:14] [INFO] Subiendo: ERP_TEST_14.zip
[2026-07-10 01:44:14] [INFO] Subiendo: ERP_TEST_15.zip
[2026-07-10 01:44:14] [INFO] Subiendo: ERP_TEST_16.zip
[2026-07-10 01:44:14] [INFO] Subiendo: ERP_TEST_17.zip
[2026-07-10 01:44:14] [INFO] Subiendo: ERP_TEST_18.zip
[2026-07-10 01:44:14] [INFO] Subiendo: ERP_TEST_19.zip
[2026-07-10 01:44:14] [INFO] Subiendo: ERP_TEST_20.zip
[2026-07-10 01:44:14] [INFO] Subiendo: ERP_TEST_21.zip
[2026-07-10 01:44:14] [SUCCESS] Proceso finalizado.
[2026-07-10 01:44:24] [INFO] Ejecutando trabajo: ERP SQL
[2026-07-10 01:44:24] [INFO] === Backup Center iniciado ===
[2026-07-10 01:44:24] [INFO] Subiendo: ERP_TEST.zip
[2026-07-10 01:44:24] [INFO] Subiendo: ERP_TEST_01.zip
[2026-07-10 01:44:24] [INFO] Subiendo: ERP_TEST_02.zip
[2026-07-10 01:44:24] [INFO] Subiendo: ERP_TEST_03.zip
[2026-07-10 01:44:24] [INFO] Subiendo: ERP_TEST_04.bak
[2026-07-10 01:44:24] [INFO] Subiendo: ERP_TEST_05.7z
[2026-07-10 01:44:24] [INFO] Subiendo: ERP_TEST_06.zip
[2026-07-10 01:44:24] [INFO] Subiendo: ERP_TEST_07.zip
[2026-07-10 01:44:24] [INFO] Subiendo: ERP_TEST_08.zip
[2026-07-10 01:44:24] [INFO] Subiendo: ERP_TEST_09.bak
[2026-07-10 01:44:24] [INFO] Subiendo: ERP_TEST_10.7z
[2026-07-10 01:44:24] [INFO] Subiendo: ERP_TEST_11.zip
[2026-07-10 01:44:24] [INFO] Subiendo: ERP_TEST_13.zip
[2026-07-10 01:44:24] [INFO] Subiendo: ERP_TEST_14.zip
[2026-07-10 01:44:24] [INFO] Subiendo: ERP_TEST_15.zip
[2026-07-10 01:44:24] [INFO] Subiendo: ERP_TEST_16.zip
[2026-07-10 01:44:24] [INFO] Subiendo: ERP_TEST_17.zip
[2026-07-10 01:44:24] [INFO] Subiendo: ERP_TEST_18.zip
[2026-07-10 01:44:24] [INFO] Subiendo: ERP_TEST_19.zip
[2026-07-10 01:44:24] [INFO] Subiendo: ERP_TEST_20.zip
[2026-07-10 01:44:24] [INFO] Subiendo: ERP_TEST_21.zip
[2026-07-10 01:44:25] [SUCCESS] Proceso finalizado.
[2026-07-10 01:44:35] [INFO] Ejecutando trabajo: ERP SQL
[2026-07-10 01:44:35] [INFO] === Backup Center iniciado ===
[2026-07-10 01:44:35] [INFO] Subiendo: ERP_TEST.zip
[2026-07-10 01:44:35] [INFO] Subiendo: ERP_TEST_01.zip
[2026-07-10 01:44:35] [INFO] Subiendo: ERP_TEST_02.zip
[2026-07-10 01:44:35] [INFO] Subiendo: ERP_TEST_03.zip
[2026-07-10 01:44:35] [INFO] Subiendo: ERP_TEST_04.bak
[2026-07-10 01:44:35] [INFO] Subiendo: ERP_TEST_05.7z
[2026-07-10 01:44:35] [INFO] Subiendo: ERP_TEST_06.zip
[2026-07-10 01:44:35] [INFO] Subiendo: ERP_TEST_07.zip
[2026-07-10 01:44:35] [INFO] Subiendo: ERP_TEST_08.zip
[2026-07-10 01:44:35] [INFO] Subiendo: ERP_TEST_09.bak
[2026-07-10 01:44:35] [INFO] Subiendo: ERP_TEST_10.7z
[2026-07-10 01:44:35] [INFO] Subiendo: ERP_TEST_11.zip
[2026-07-10 01:44:35] [INFO] Subiendo: ERP_TEST_13.zip
[2026-07-10 01:44:35] [INFO] Subiendo: ERP_TEST_14.zip
[2026-07-10 01:44:35] [INFO] Subiendo: ERP_TEST_15.zip
[2026-07-10 01:44:35] [INFO] Subiendo: ERP_TEST_16.zip
[2026-07-10 01:44:35] [INFO] Subiendo: ERP_TEST_17.zip
[2026-07-10 01:44:35] [INFO] Subiendo: ERP_TEST_18.zip
[2026-07-10 01:44:35] [INFO] Subiendo: ERP_TEST_19.zip
[2026-07-10 01:44:35] [INFO] Subiendo: ERP_TEST_20.zip
[2026-07-10 01:44:35] [INFO] Subiendo: ERP_TEST_21.zip
[2026-07-10 01:44:35] [SUCCESS] Proceso finalizado.
[2026-07-10 01:44:45] [INFO] Ejecutando trabajo: ERP SQL
[2026-07-10 01:44:45] [INFO] === Backup Center iniciado ===
[2026-07-10 01:44:45] [INFO] Subiendo: ERP_TEST.zip
[2026-07-10 01:44:45] [INFO] Subiendo: ERP_TEST_01.zip
[2026-07-10 01:44:45] [INFO] Subiendo: ERP_TEST_02.zip
[2026-07-10 01:44:45] [INFO] Subiendo: ERP_TEST_03.zip
[2026-07-10 01:44:45] [INFO] Subiendo: ERP_TEST_04.bak
[2026-07-10 01:44:45] [INFO] Subiendo: ERP_TEST_05.7z
[2026-07-10 01:44:45] [INFO] Subiendo: ERP_TEST_06.zip
[2026-07-10 01:44:45] [INFO] Subiendo: ERP_TEST_07.zip
[2026-07-10 01:44:45] [INFO] Subiendo: ERP_TEST_08.zip
[2026-07-10 01:44:45] [INFO] Subiendo: ERP_TEST_09.bak
[2026-07-10 01:44:45] [INFO] Subiendo: ERP_TEST_10.7z
[2026-07-10 01:44:45] [INFO] Subiendo: ERP_TEST_11.zip
[2026-07-10 01:44:45] [INFO] Subiendo: ERP_TEST_13.zip
[2026-07-10 01:44:45] [INFO] Subiendo: ERP_TEST_14.zip
[2026-07-10 01:44:45] [INFO] Subiendo: ERP_TEST_15.zip
[2026-07-10 01:44:45] [INFO] Subiendo: ERP_TEST_16.zip
[2026-07-10 01:44:45] [INFO] Subiendo: ERP_TEST_17.zip
[2026-07-10 01:44:45] [INFO] Subiendo: ERP_TEST_18.zip
[2026-07-10 01:44:45] [INFO] Subiendo: ERP_TEST_19.zip
[2026-07-10 01:44:45] [INFO] Subiendo: ERP_TEST_20.zip
[2026-07-10 01:44:45] [INFO] Subiendo: ERP_TEST_21.zip
[2026-07-10 01:44:45] [SUCCESS] Proceso finalizado.
[2026-07-10 01:44:55] [INFO] Ejecutando trabajo: ERP SQL
[2026-07-10 01:44:55] [INFO] === Backup Center iniciado ===
[2026-07-10 01:44:55] [INFO] Subiendo: ERP_TEST.zip
[2026-07-10 01:44:55] [INFO] Subiendo: ERP_TEST_01.zip
[2026-07-10 01:44:55] [INFO] Subiendo: ERP_TEST_02.zip
[2026-07-10 01:44:55] [INFO] Subiendo: ERP_TEST_03.zip
[2026-07-10 01:44:55] [INFO] Subiendo: ERP_TEST_04.bak
[2026-07-10 01:44:55] [INFO] Subiendo: ERP_TEST_05.7z
[2026-07-10 01:44:55] [INFO] Subiendo: ERP_TEST_06.zip
[2026-07-10 01:44:55] [INFO] Subiendo: ERP_TEST_07.zip
[2026-07-10 01:44:55] [INFO] Subiendo: ERP_TEST_08.zip
[2026-07-10 01:44:55] [INFO] Subiendo: ERP_TEST_09.bak
[2026-07-10 01:44:55] [INFO] Subiendo: ERP_TEST_10.7z
[2026-07-10 01:44:55] [INFO] Subiendo: ERP_TEST_11.zip
[2026-07-10 01:44:55] [INFO] Subiendo: ERP_TEST_13.zip
[2026-07-10 01:44:55] [INFO] Subiendo: ERP_TEST_14.zip
[2026-07-10 01:44:55] [INFO] Subiendo: ERP_TEST_15.zip
[2026-07-10 01:44:55] [INFO] Subiendo: ERP_TEST_16.zip
[2026-07-10 01:44:55] [INFO] Subiendo: ERP_TEST_17.zip
[2026-07-10 01:44:55] [INFO] Subiendo: ERP_TEST_18.zip
[2026-07-10 01:44:55] [INFO] Subiendo: ERP_TEST_19.zip
[2026-07-10 01:44:55] [INFO] Subiendo: ERP_TEST_20.zip
[2026-07-10 01:44:55] [INFO] Subiendo: ERP_TEST_21.zip
[2026-07-10 01:44:55] [SUCCESS] Proceso finalizado.
[2026-07-10 01:45:05] [INFO] Ejecutando trabajo: ERP SQL
[2026-07-10 01:45:05] [INFO] === Backup Center iniciado ===
[2026-07-10 01:45:05] [INFO] Subiendo: ERP_TEST.zip
[2026-07-10 01:45:05] [INFO] Subiendo: ERP_TEST_01.zip
[2026-07-10 01:45:05] [INFO] Subiendo: ERP_TEST_02.zip
[2026-07-10 01:45:05] [INFO] Subiendo: ERP_TEST_03.zip
[2026-07-10 01:45:05] [INFO] Subiendo: ERP_TEST_04.bak
[2026-07-10 01:45:05] [INFO] Subiendo: ERP_TEST_05.7z
[2026-07-10 01:45:05] [INFO] Subiendo: ERP_TEST_06.zip
[2026-07-10 01:45:05] [INFO] Subiendo: ERP_TEST_07.zip
[2026-07-10 01:45:05] [INFO] Subiendo: ERP_TEST_08.zip
[2026-07-10 01:45:05] [INFO] Subiendo: ERP_TEST_09.bak
[2026-07-10 01:45:05] [INFO] Subiendo: ERP_TEST_10.7z
[2026-07-10 01:45:05] [INFO] Subiendo: ERP_TEST_11.zip
[2026-07-10 01:45:05] [INFO] Subiendo: ERP_TEST_13.zip
[2026-07-10 01:45:05] [INFO] Subiendo: ERP_TEST_14.zip
[2026-07-10 01:45:05] [INFO] Subiendo: ERP_TEST_15.zip
[2026-07-10 01:45:05] [INFO] Subiendo: ERP_TEST_16.zip
[2026-07-10 01:45:05] [INFO] Subiendo: ERP_TEST_17.zip
[2026-07-10 01:45:05] [INFO] Subiendo: ERP_TEST_18.zip
[2026-07-10 01:45:05] [INFO] Subiendo: ERP_TEST_19.zip
[2026-07-10 01:45:05] [INFO] Subiendo: ERP_TEST_20.zip
[2026-07-10 01:45:05] [INFO] Subiendo: ERP_TEST_21.zip
[2026-07-10 01:45:05] [SUCCESS] Proceso finalizado.
[2026-07-10 01:45:15] [INFO] Ejecutando trabajo: ERP SQL
[2026-07-10 01:45:15] [INFO] === Backup Center iniciado ===
[2026-07-10 01:45:15] [INFO] Subiendo: ERP_TEST.zip
[2026-07-10 01:45:15] [INFO] Subiendo: ERP_TEST_01.zip
[2026-07-10 01:45:15] [INFO] Subiendo: ERP_TEST_02.zip
[2026-07-10 01:45:15] [INFO] Subiendo: ERP_TEST_03.zip
[2026-07-10 01:45:15] [INFO] Subiendo: ERP_TEST_04.bak
[2026-07-10 01:45:15] [INFO] Subiendo: ERP_TEST_05.7z
[2026-07-10 01:45:15] [INFO] Subiendo: ERP_TEST_06.zip
[2026-07-10 01:45:15] [INFO] Subiendo: ERP_TEST_07.zip
[2026-07-10 01:45:15] [INFO] Subiendo: ERP_TEST_08.zip
[2026-07-10 01:45:15] [INFO] Subiendo: ERP_TEST_09.bak
[2026-07-10 01:45:15] [INFO] Subiendo: ERP_TEST_10.7z
[2026-07-10 01:45:15] [INFO] Subiendo: ERP_TEST_11.zip
[2026-07-10 01:45:15] [INFO] Subiendo: ERP_TEST_13.zip
[2026-07-10 01:45:15] [INFO] Subiendo: ERP_TEST_14.zip
[2026-07-10 01:45:15] [INFO] Subiendo: ERP_TEST_15.zip
[2026-07-10 01:45:15] [INFO] Subiendo: ERP_TEST_16.zip
[2026-07-10 01:45:15] [INFO] Subiendo: ERP_TEST_17.zip
[2026-07-10 01:45:15] [INFO] Subiendo: ERP_TEST_18.zip
[2026-07-10 01:45:15] [INFO] Subiendo: ERP_TEST_19.zip
[2026-07-10 01:45:15] [INFO] Subiendo: ERP_TEST_20.zip
[2026-07-10 01:45:15] [INFO] Subiendo: ERP_TEST_21.zip
[2026-07-10 01:45:15] [SUCCESS] Proceso finalizado.
[2026-07-10 01:45:25] [INFO] Ejecutando trabajo: ERP SQL
[2026-07-10 01:45:25] [INFO] === Backup Center iniciado ===
[2026-07-10 01:45:25] [INFO] Subiendo: ERP_TEST.zip
[2026-07-10 01:45:25] [INFO] Subiendo: ERP_TEST_01.zip
[2026-07-10 01:45:25] [INFO] Subiendo: ERP_TEST_02.zip
[2026-07-10 01:45:25] [INFO] Subiendo: ERP_TEST_03.zip
[2026-07-10 01:45:25] [INFO] Subiendo: ERP_TEST_04.bak
[2026-07-10 01:45:25] [INFO] Subiendo: ERP_TEST_05.7z
[2026-07-10 01:45:25] [INFO] Subiendo: ERP_TEST_06.zip
[2026-07-10 01:45:25] [INFO] Subiendo: ERP_TEST_07.zip
[2026-07-10 01:45:25] [INFO] Subiendo: ERP_TEST_08.zip
[2026-07-10 01:45:25] [INFO] Subiendo: ERP_TEST_09.bak
[2026-07-10 01:45:25] [INFO] Subiendo: ERP_TEST_10.7z
[2026-07-10 01:45:25] [INFO] Subiendo: ERP_TEST_11.zip
[2026-07-10 01:45:25] [INFO] Subiendo: ERP_TEST_13.zip
[2026-07-10 01:45:25] [INFO] Subiendo: ERP_TEST_14.zip
[2026-07-10 01:45:25] [INFO] Subiendo: ERP_TEST_15.zip
[2026-07-10 01:45:25] [INFO] Subiendo: ERP_TEST_16.zip
[2026-07-10 01:45:25] [INFO] Subiendo: ERP_TEST_17.zip
[2026-07-10 01:45:25] [INFO] Subiendo: ERP_TEST_18.zip
[2026-07-10 01:45:25] [INFO] Subiendo: ERP_TEST_19.zip
[2026-07-10 01:45:25] [INFO] Subiendo: ERP_TEST_20.zip
[2026-07-10 01:45:25] [INFO] Subiendo: ERP_TEST_21.zip
[2026-07-10 01:45:25] [SUCCESS] Proceso finalizado.
[2026-07-10 01:45:35] [INFO] Ejecutando trabajo: ERP SQL
[2026-07-10 01:45:35] [INFO] === Backup Center iniciado ===
[2026-07-10 01:45:35] [INFO] Subiendo: ERP_TEST.zip
[2026-07-10 01:45:35] [INFO] Subiendo: ERP_TEST_01.zip
[2026-07-10 01:45:35] [INFO] Subiendo: ERP_TEST_02.zip
[2026-07-10 01:45:35] [INFO] Subiendo: ERP_TEST_03.zip
[2026-07-10 01:45:35] [INFO] Subiendo: ERP_TEST_04.bak
[2026-07-10 01:45:35] [INFO] Subiendo: ERP_TEST_05.7z
[2026-07-10 01:45:35] [INFO] Subiendo: ERP_TEST_06.zip
[2026-07-10 01:45:35] [INFO] Subiendo: ERP_TEST_07.zip
[2026-07-10 01:45:35] [INFO] Subiendo: ERP_TEST_08.zip
[2026-07-10 01:45:35] [INFO] Subiendo: ERP_TEST_09.bak
[2026-07-10 01:45:35] [INFO] Subiendo: ERP_TEST_10.7z
[2026-07-10 01:45:35] [INFO] Subiendo: ERP_TEST_11.zip
[2026-07-10 01:45:35] [INFO] Subiendo: ERP_TEST_13.zip
[2026-07-10 01:45:35] [INFO] Subiendo: ERP_TEST_14.zip
[2026-07-10 01:45:35] [INFO] Subiendo: ERP_TEST_15.zip
[2026-07-10 01:45:35] [INFO] Subiendo: ERP_TEST_16.zip
[2026-07-10 01:45:35] [INFO] Subiendo: ERP_TEST_17.zip
[2026-07-10 01:45:35] [INFO] Subiendo: ERP_TEST_18.zip
[2026-07-10 01:45:35] [INFO] Subiendo: ERP_TEST_19.zip
[2026-07-10 01:45:35] [INFO] Subiendo: ERP_TEST_20.zip
[2026-07-10 01:45:35] [INFO] Subiendo: ERP_TEST_21.zip
[2026-07-10 01:45:35] [SUCCESS] Proceso finalizado.
[2026-07-10 01:45:45] [INFO] Ejecutando trabajo: ERP SQL
[2026-07-10 01:45:45] [INFO] === Backup Center iniciado ===
[2026-07-10 01:45:45] [INFO] Subiendo: ERP_TEST.zip
[2026-07-10 01:45:45] [INFO] Subiendo: ERP_TEST_01.zip
[2026-07-10 01:45:45] [INFO] Subiendo: ERP_TEST_02.zip
[2026-07-10 01:45:45] [INFO] Subiendo: ERP_TEST_03.zip
[2026-07-10 01:45:45] [INFO] Subiendo: ERP_TEST_04.bak
[2026-07-10 01:45:45] [INFO] Subiendo: ERP_TEST_05.7z
[2026-07-10 01:45:45] [INFO] Subiendo: ERP_TEST_06.zip
[2026-07-10 01:45:45] [INFO] Subiendo: ERP_TEST_07.zip
[2026-07-10 01:45:45] [INFO] Subiendo: ERP_TEST_08.zip
[2026-07-10 01:45:45] [INFO] Subiendo: ERP_TEST_09.bak
[2026-07-10 01:45:45] [INFO] Subiendo: ERP_TEST_10.7z
[2026-07-10 01:45:45] [INFO] Subiendo: ERP_TEST_11.zip
[2026-07-10 01:45:45] [INFO] Subiendo: ERP_TEST_13.zip
[2026-07-10 01:45:45] [INFO] Subiendo: ERP_TEST_14.zip
[2026-07-10 01:45:45] [INFO] Subiendo: ERP_TEST_15.zip
[2026-07-10 01:45:45] [INFO] Subiendo: ERP_TEST_16.zip
[2026-07-10 01:45:45] [INFO] Subiendo: ERP_TEST_17.zip
[2026-07-10 01:45:45] [INFO] Subiendo: ERP_TEST_18.zip
[2026-07-10 01:45:45] [INFO] Subiendo: ERP_TEST_19.zip
[2026-07-10 01:45:45] [INFO] Subiendo: ERP_TEST_20.zip
[2026-07-10 01:45:45] [INFO] Subiendo: ERP_TEST_21.zip
[2026-07-10 01:45:45] [SUCCESS] Proceso finalizado.
[2026-07-10 01:45:55] [INFO] Ejecutando trabajo: ERP SQL
[2026-07-10 01:45:55] [INFO] === Backup Center iniciado ===
[2026-07-10 01:45:55] [INFO] Subiendo: ERP_TEST.zip
[2026-07-10 01:45:55] [INFO] Subiendo: ERP_TEST_01.zip
[2026-07-10 01:45:55] [INFO] Subiendo: ERP_TEST_02.zip
[2026-07-10 01:45:55] [INFO] Subiendo: ERP_TEST_03.zip
[2026-07-10 01:45:55] [INFO] Subiendo: ERP_TEST_04.bak
[2026-07-10 01:45:55] [INFO] Subiendo: ERP_TEST_05.7z
[2026-07-10 01:45:55] [INFO] Subiendo: ERP_TEST_06.zip
[2026-07-10 01:45:55] [INFO] Subiendo: ERP_TEST_07.zip
[2026-07-10 01:45:55] [INFO] Subiendo: ERP_TEST_08.zip
[2026-07-10 01:45:55] [INFO] Subiendo: ERP_TEST_09.bak
[2026-07-10 01:45:55] [INFO] Subiendo: ERP_TEST_10.7z
[2026-07-10 01:45:55] [INFO] Subiendo: ERP_TEST_11.zip
[2026-07-10 01:45:55] [INFO] Subiendo: ERP_TEST_13.zip
[2026-07-10 01:45:55] [INFO] Subiendo: ERP_TEST_14.zip
[2026-07-10 01:45:55] [INFO] Subiendo: ERP_TEST_15.zip
[2026-07-10 01:45:55] [INFO] Subiendo: ERP_TEST_16.zip
[2026-07-10 01:45:55] [INFO] Subiendo: ERP_TEST_17.zip
[2026-07-10 01:45:55] [INFO] Subiendo: ERP_TEST_18.zip
[2026-07-10 01:45:55] [INFO] Subiendo: ERP_TEST_19.zip
[2026-07-10 01:45:55] [INFO] Subiendo: ERP_TEST_20.zip
[2026-07-10 01:45:55] [INFO] Subiendo: ERP_TEST_21.zip
[2026-07-10 01:45:55] [SUCCESS] Proceso finalizado.
[2026-07-10 01:46:05] [INFO] Ejecutando trabajo: ERP SQL
[2026-07-10 01:46:05] [INFO] === Backup Center iniciado ===
[2026-07-10 01:46:06] [INFO] Subiendo: ERP_TEST.zip
[2026-07-10 01:46:06] [INFO] Subiendo: ERP_TEST_01.zip
[2026-07-10 01:46:06] [INFO] Subiendo: ERP_TEST_02.zip
[2026-07-10 01:46:06] [INFO] Subiendo: ERP_TEST_03.zip
[2026-07-10 01:46:06] [INFO] Subiendo: ERP_TEST_04.bak
[2026-07-10 01:46:06] [INFO] Subiendo: ERP_TEST_05.7z
[2026-07-10 01:46:06] [INFO] Subiendo: ERP_TEST_06.zip
[2026-07-10 01:46:06] [INFO] Subiendo: ERP_TEST_07.zip
[2026-07-10 01:46:06] [INFO] Subiendo: ERP_TEST_08.zip
[2026-07-10 01:46:06] [INFO] Subiendo: ERP_TEST_09.bak
[2026-07-10 01:46:06] [INFO] Subiendo: ERP_TEST_10.7z
[2026-07-10 01:46:06] [INFO] Subiendo: ERP_TEST_11.zip
[2026-07-10 01:46:06] [INFO] Subiendo: ERP_TEST_13.zip
[2026-07-10 01:46:06] [INFO] Subiendo: ERP_TEST_14.zip
[2026-07-10 01:46:06] [INFO] Subiendo: ERP_TEST_15.zip
[2026-07-10 01:46:06] [INFO] Subiendo: ERP_TEST_16.zip
[2026-07-10 01:46:06] [INFO] Subiendo: ERP_TEST_17.zip
[2026-07-10 01:46:06] [INFO] Subiendo: ERP_TEST_18.zip
[2026-07-10 01:46:06] [INFO] Subiendo: ERP_TEST_19.zip
[2026-07-10 01:46:06] [INFO] Subiendo: ERP_TEST_20.zip
[2026-07-10 01:46:06] [INFO] Subiendo: ERP_TEST_21.zip
[2026-07-10 01:46:06] [SUCCESS] Proceso finalizado.
[2026-07-10 01:46:16] [INFO] Ejecutando trabajo: ERP SQL
[2026-07-10 01:46:16] [INFO] === Backup Center iniciado ===
[2026-07-10 01:46:16] [INFO] Subiendo: ERP_TEST.zip
[2026-07-10 01:46:16] [INFO] Subiendo: ERP_TEST_01.zip
[2026-07-10 01:46:16] [INFO] Subiendo: ERP_TEST_02.zip
[2026-07-10 01:46:16] [INFO] Subiendo: ERP_TEST_03.zip
[2026-07-10 01:46:16] [INFO] Subiendo: ERP_TEST_04.bak
[2026-07-10 01:46:16] [INFO] Subiendo: ERP_TEST_05.7z
[2026-07-10 01:46:16] [INFO] Subiendo: ERP_TEST_06.zip
[2026-07-10 01:46:16] [INFO] Subiendo: ERP_TEST_07.zip
[2026-07-10 01:46:16] [INFO] Subiendo: ERP_TEST_08.zip
[2026-07-10 01:46:16] [INFO] Subiendo: ERP_TEST_09.bak
[2026-07-10 01:46:16] [INFO] Subiendo: ERP_TEST_10.7z
[2026-07-10 01:46:16] [INFO] Subiendo: ERP_TEST_11.zip
[2026-07-10 01:46:16] [INFO] Subiendo: ERP_TEST_13.zip
[2026-07-10 01:46:16] [INFO] Subiendo: ERP_TEST_14.zip
[2026-07-10 01:46:16] [INFO] Subiendo: ERP_TEST_15.zip
[2026-07-10 01:46:16] [INFO] Subiendo: ERP_TEST_16.zip
[2026-07-10 01:46:16] [INFO] Subiendo: ERP_TEST_17.zip
[2026-07-10 01:46:16] [INFO] Subiendo: ERP_TEST_18.zip
[2026-07-10 01:46:16] [INFO] Subiendo: ERP_TEST_19.zip
[2026-07-10 01:46:16] [INFO] Subiendo: ERP_TEST_20.zip
[2026-07-10 01:46:16] [INFO] Subiendo: ERP_TEST_21.zip
[2026-07-10 01:46:16] [SUCCESS] Proceso finalizado.
[2026-07-10 01:46:26] [INFO] Ejecutando trabajo: ERP SQL
[2026-07-10 01:46:26] [INFO] === Backup Center iniciado ===
[2026-07-10 01:46:26] [INFO] Subiendo: ERP_TEST.zip
[2026-07-10 01:46:26] [INFO] Subiendo: ERP_TEST_01.zip
[2026-07-10 01:46:26] [INFO] Subiendo: ERP_TEST_02.zip
[2026-07-10 01:46:26] [INFO] Subiendo: ERP_TEST_03.zip
[2026-07-10 01:46:26] [INFO] Subiendo: ERP_TEST_04.bak
[2026-07-10 01:46:26] [INFO] Subiendo: ERP_TEST_05.7z
[2026-07-10 01:46:26] [INFO] Subiendo: ERP_TEST_06.zip
[2026-07-10 01:46:26] [INFO] Subiendo: ERP_TEST_07.zip
[2026-07-10 01:46:26] [INFO] Subiendo: ERP_TEST_08.zip
[2026-07-10 01:46:26] [INFO] Subiendo: ERP_TEST_09.bak
[2026-07-10 01:46:26] [INFO] Subiendo: ERP_TEST_10.7z
[2026-07-10 01:46:26] [INFO] Subiendo: ERP_TEST_11.zip
[2026-07-10 01:46:26] [INFO] Subiendo: ERP_TEST_13.zip
[2026-07-10 01:46:26] [INFO] Subiendo: ERP_TEST_14.zip
[2026-07-10 01:46:26] [INFO] Subiendo: ERP_TEST_15.zip
[2026-07-10 01:46:26] [INFO] Subiendo: ERP_TEST_16.zip
[2026-07-10 01:46:26] [INFO] Subiendo: ERP_TEST_17.zip
[2026-07-10 01:46:26] [INFO] Subiendo: ERP_TEST_18.zip
[2026-07-10 01:46:26] [INFO] Subiendo: ERP_TEST_19.zip
[2026-07-10 01:46:26] [INFO] Subiendo: ERP_TEST_20.zip
[2026-07-10 01:46:26] [INFO] Subiendo: ERP_TEST_21.zip
[2026-07-10 01:46:26] [SUCCESS] Proceso finalizado.
[2026-07-10 01:46:36] [INFO] Ejecutando trabajo: ERP SQL
[2026-07-10 01:46:36] [INFO] === Backup Center iniciado ===
[2026-07-10 01:46:36] [INFO] Subiendo: ERP_TEST.zip
[2026-07-10 01:46:36] [INFO] Subiendo: ERP_TEST_01.zip
[2026-07-10 01:46:36] [INFO] Subiendo: ERP_TEST_02.zip
[2026-07-10 01:46:36] [INFO] Subiendo: ERP_TEST_03.zip
[2026-07-10 01:46:36] [INFO] Subiendo: ERP_TEST_04.bak
[2026-07-10 01:46:36] [INFO] Subiendo: ERP_TEST_05.7z
[2026-07-10 01:46:36] [INFO] Subiendo: ERP_TEST_06.zip
[2026-07-10 01:46:36] [INFO] Subiendo: ERP_TEST_07.zip
[2026-07-10 01:46:36] [INFO] Subiendo: ERP_TEST_08.zip
[2026-07-10 01:46:36] [INFO] Subiendo: ERP_TEST_09.bak
[2026-07-10 01:46:36] [INFO] Subiendo: ERP_TEST_10.7z
[2026-07-10 01:46:36] [INFO] Subiendo: ERP_TEST_11.zip
[2026-07-10 01:46:36] [INFO] Subiendo: ERP_TEST_13.zip
[2026-07-10 01:46:36] [INFO] Subiendo: ERP_TEST_14.zip
[2026-07-10 01:46:36] [INFO] Subiendo: ERP_TEST_15.zip
[2026-07-10 01:46:36] [INFO] Subiendo: ERP_TEST_16.zip
[2026-07-10 01:46:36] [INFO] Subiendo: ERP_TEST_17.zip
[2026-07-10 01:46:36] [INFO] Subiendo: ERP_TEST_18.zip
[2026-07-10 01:46:36] [INFO] Subiendo: ERP_TEST_19.zip
[2026-07-10 01:46:36] [INFO] Subiendo: ERP_TEST_20.zip
[2026-07-10 01:46:36] [INFO] Subiendo: ERP_TEST_21.zip
[2026-07-10 01:46:36] [SUCCESS] Proceso finalizado.
[2026-07-10 01:46:46] [INFO] Ejecutando trabajo: ERP SQL
[2026-07-10 01:46:46] [INFO] === Backup Center iniciado ===
[2026-07-10 01:46:46] [INFO] Subiendo: ERP_TEST.zip
[2026-07-10 01:46:46] [INFO] Subiendo: ERP_TEST_01.zip
[2026-07-10 01:46:46] [INFO] Subiendo: ERP_TEST_02.zip
[2026-07-10 01:46:46] [INFO] Subiendo: ERP_TEST_03.zip
[2026-07-10 01:46:46] [INFO] Subiendo: ERP_TEST_04.bak
[2026-07-10 01:46:46] [INFO] Subiendo: ERP_TEST_05.7z
[2026-07-10 01:46:46] [INFO] Subiendo: ERP_TEST_06.zip
[2026-07-10 01:46:46] [INFO] Subiendo: ERP_TEST_07.zip
[2026-07-10 01:46:46] [INFO] Subiendo: ERP_TEST_08.zip
[2026-07-10 01:46:46] [INFO] Subiendo: ERP_TEST_09.bak
[2026-07-10 01:46:46] [INFO] Subiendo: ERP_TEST_10.7z
[2026-07-10 01:46:46] [INFO] Subiendo: ERP_TEST_11.zip
[2026-07-10 01:46:46] [INFO] Subiendo: ERP_TEST_13.zip
[2026-07-10 01:46:46] [INFO] Subiendo: ERP_TEST_14.zip
[2026-07-10 01:46:46] [INFO] Subiendo: ERP_TEST_15.zip
[2026-07-10 01:46:46] [INFO] Subiendo: ERP_TEST_16.zip
[2026-07-10 01:46:46] [INFO] Subiendo: ERP_TEST_17.zip
[2026-07-10 01:46:46] [INFO] Subiendo: ERP_TEST_18.zip
[2026-07-10 01:46:46] [INFO] Subiendo: ERP_TEST_19.zip
[2026-07-10 01:46:46] [INFO] Subiendo: ERP_TEST_20.zip
[2026-07-10 01:46:46] [INFO] Subiendo: ERP_TEST_21.zip
[2026-07-10 01:46:46] [SUCCESS] Proceso finalizado.
[2026-07-10 01:46:56] [INFO] Ejecutando trabajo: ERP SQL
[2026-07-10 01:46:56] [INFO] === Backup Center iniciado ===
[2026-07-10 01:46:56] [INFO] Subiendo: ERP_TEST.zip
[2026-07-10 01:46:56] [INFO] Subiendo: ERP_TEST_01.zip
[2026-07-10 01:46:56] [INFO] Subiendo: ERP_TEST_02.zip
[2026-07-10 01:46:56] [INFO] Subiendo: ERP_TEST_03.zip
[2026-07-10 01:46:56] [INFO] Subiendo: ERP_TEST_04.bak
[2026-07-10 01:46:56] [INFO] Subiendo: ERP_TEST_05.7z
[2026-07-10 01:46:56] [INFO] Subiendo: ERP_TEST_06.zip
[2026-07-10 01:46:56] [INFO] Subiendo: ERP_TEST_07.zip
[2026-07-10 01:46:56] [INFO] Subiendo: ERP_TEST_08.zip
[2026-07-10 01:46:56] [INFO] Subiendo: ERP_TEST_09.bak
[2026-07-10 01:46:56] [INFO] Subiendo: ERP_TEST_10.7z
[2026-07-10 01:46:56] [INFO] Subiendo: ERP_TEST_11.zip
[2026-07-10 01:46:56] [INFO] Subiendo: ERP_TEST_13.zip
[2026-07-10 01:46:56] [INFO] Subiendo: ERP_TEST_14.zip
[2026-07-10 01:46:56] [INFO] Subiendo: ERP_TEST_15.zip
[2026-07-10 01:46:56] [INFO] Subiendo: ERP_TEST_16.zip
[2026-07-10 01:46:56] [INFO] Subiendo: ERP_TEST_17.zip
[2026-07-10 01:46:56] [INFO] Subiendo: ERP_TEST_18.zip
[2026-07-10 01:46:56] [INFO] Subiendo: ERP_TEST_19.zip
[2026-07-10 01:46:56] [INFO] Subiendo: ERP_TEST_20.zip
[2026-07-10 01:46:56] [INFO] Subiendo: ERP_TEST_21.zip
[2026-07-10 01:46:56] [SUCCESS] Proceso finalizado.
[2026-07-10 01:47:06] [INFO] Ejecutando trabajo: ERP SQL
[2026-07-10 01:47:06] [INFO] === Backup Center iniciado ===
[2026-07-10 01:47:06] [INFO] Subiendo: ERP_TEST.zip
[2026-07-10 01:47:06] [INFO] Subiendo: ERP_TEST_01.zip
[2026-07-10 01:47:06] [INFO] Subiendo: ERP_TEST_02.zip
[2026-07-10 01:47:06] [INFO] Subiendo: ERP_TEST_03.zip
[2026-07-10 01:47:06] [INFO] Subiendo: ERP_TEST_04.bak
[2026-07-10 01:47:06] [INFO] Subiendo: ERP_TEST_05.7z
[2026-07-10 01:47:06] [INFO] Subiendo: ERP_TEST_06.zip
[2026-07-10 01:47:06] [INFO] Subiendo: ERP_TEST_07.zip
[2026-07-10 01:47:06] [INFO] Subiendo: ERP_TEST_08.zip
[2026-07-10 01:47:06] [INFO] Subiendo: ERP_TEST_09.bak
[2026-07-10 01:47:06] [INFO] Subiendo: ERP_TEST_10.7z
[2026-07-10 01:47:06] [INFO] Subiendo: ERP_TEST_11.zip
[2026-07-10 01:47:06] [INFO] Subiendo: ERP_TEST_13.zip
[2026-07-10 01:47:06] [INFO] Subiendo: ERP_TEST_14.zip
[2026-07-10 01:47:06] [INFO] Subiendo: ERP_TEST_15.zip
[2026-07-10 01:47:06] [INFO] Subiendo: ERP_TEST_16.zip
[2026-07-10 01:47:06] [INFO] Subiendo: ERP_TEST_17.zip
[2026-07-10 01:47:06] [INFO] Subiendo: ERP_TEST_18.zip
[2026-07-10 01:47:06] [INFO] Subiendo: ERP_TEST_19.zip
[2026-07-10 01:47:06] [INFO] Subiendo: ERP_TEST_20.zip
[2026-07-10 01:47:06] [INFO] Subiendo: ERP_TEST_21.zip
[2026-07-10 01:47:06] [SUCCESS] Proceso finalizado.
[2026-07-10 01:47:16] [INFO] Ejecutando trabajo: ERP SQL
[2026-07-10 01:47:16] [INFO] === Backup Center iniciado ===
[2026-07-10 01:47:16] [INFO] Subiendo: ERP_TEST.zip
[2026-07-10 01:47:16] [INFO] Subiendo: ERP_TEST_01.zip
[2026-07-10 01:47:16] [INFO] Subiendo: ERP_TEST_02.zip
[2026-07-10 01:47:16] [INFO] Subiendo: ERP_TEST_03.zip
[2026-07-10 01:47:16] [INFO] Subiendo: ERP_TEST_04.bak
[2026-07-10 01:47:16] [INFO] Subiendo: ERP_TEST_05.7z
[2026-07-10 01:47:16] [INFO] Subiendo: ERP_TEST_06.zip
[2026-07-10 01:47:16] [INFO] Subiendo: ERP_TEST_07.zip
[2026-07-10 01:47:16] [INFO] Subiendo: ERP_TEST_08.zip
[2026-07-10 01:47:16] [INFO] Subiendo: ERP_TEST_09.bak
[2026-07-10 01:47:16] [INFO] Subiendo: ERP_TEST_10.7z
[2026-07-10 01:47:16] [INFO] Subiendo: ERP_TEST_11.zip
[2026-07-10 01:47:16] [INFO] Subiendo: ERP_TEST_13.zip
[2026-07-10 01:47:16] [INFO] Subiendo: ERP_TEST_14.zip
[2026-07-10 01:47:16] [INFO] Subiendo: ERP_TEST_15.zip
[2026-07-10 01:47:16] [INFO] Subiendo: ERP_TEST_16.zip
[2026-07-10 01:47:16] [INFO] Subiendo: ERP_TEST_17.zip
[2026-07-10 01:47:16] [INFO] Subiendo: ERP_TEST_18.zip
[2026-07-10 01:47:16] [INFO] Subiendo: ERP_TEST_19.zip
[2026-07-10 01:47:16] [INFO] Subiendo: ERP_TEST_20.zip
[2026-07-10 01:47:16] [INFO] Subiendo: ERP_TEST_21.zip
[2026-07-10 01:47:16] [SUCCESS] Proceso finalizado.
[2026-07-10 01:47:26] [INFO] Ejecutando trabajo: ERP SQL
[2026-07-10 01:47:26] [INFO] === Backup Center iniciado ===
[2026-07-10 01:47:26] [INFO] Subiendo: ERP_TEST.zip
[2026-07-10 01:47:26] [INFO] Subiendo: ERP_TEST_01.zip
[2026-07-10 01:47:26] [INFO] Subiendo: ERP_TEST_02.zip
[2026-07-10 01:47:26] [INFO] Subiendo: ERP_TEST_03.zip
[2026-07-10 01:47:26] [INFO] Subiendo: ERP_TEST_04.bak
[2026-07-10 01:47:26] [INFO] Subiendo: ERP_TEST_05.7z
[2026-07-10 01:47:26] [INFO] Subiendo: ERP_TEST_06.zip
[2026-07-10 01:47:26] [INFO] Subiendo: ERP_TEST_07.zip
[2026-07-10 01:47:26] [INFO] Subiendo: ERP_TEST_08.zip
[2026-07-10 01:47:26] [INFO] Subiendo: ERP_TEST_09.bak
[2026-07-10 01:47:26] [INFO] Subiendo: ERP_TEST_10.7z
[2026-07-10 01:47:26] [INFO] Subiendo: ERP_TEST_11.zip
[2026-07-10 01:47:26] [INFO] Subiendo: ERP_TEST_13.zip
[2026-07-10 01:47:26] [INFO] Subiendo: ERP_TEST_14.zip
[2026-07-10 01:47:26] [INFO] Subiendo: ERP_TEST_15.zip
[2026-07-10 01:47:26] [INFO] Subiendo: ERP_TEST_16.zip
[2026-07-10 01:47:26] [INFO] Subiendo: ERP_TEST_17.zip
[2026-07-10 01:47:26] [INFO] Subiendo: ERP_TEST_18.zip
[2026-07-10 01:47:26] [INFO] Subiendo: ERP_TEST_19.zip
[2026-07-10 01:47:26] [INFO] Subiendo: ERP_TEST_20.zip
[2026-07-10 01:47:26] [INFO] Subiendo: ERP_TEST_21.zip
[2026-07-10 01:47:26] [SUCCESS] Proceso finalizado.
[2026-07-10 01:47:37] [INFO] Ejecutando trabajo: ERP SQL
[2026-07-10 01:47:37] [INFO] === Backup Center iniciado ===
[2026-07-10 01:47:37] [INFO] Subiendo: ERP_TEST.zip
[2026-07-10 01:47:37] [INFO] Subiendo: ERP_TEST_01.zip
[2026-07-10 01:47:37] [INFO] Subiendo: ERP_TEST_02.zip
[2026-07-10 01:47:37] [INFO] Subiendo: ERP_TEST_03.zip
[2026-07-10 01:47:37] [INFO] Subiendo: ERP_TEST_04.bak
[2026-07-10 01:47:37] [INFO] Subiendo: ERP_TEST_05.7z
[2026-07-10 01:47:37] [INFO] Subiendo: ERP_TEST_06.zip
[2026-07-10 01:47:37] [INFO] Subiendo: ERP_TEST_07.zip
[2026-07-10 01:47:37] [INFO] Subiendo: ERP_TEST_08.zip
[2026-07-10 01:47:37] [INFO] Subiendo: ERP_TEST_09.bak
[2026-07-10 01:47:37] [INFO] Subiendo: ERP_TEST_10.7z
[2026-07-10 01:47:37] [INFO] Subiendo: ERP_TEST_11.zip
[2026-07-10 01:47:37] [INFO] Subiendo: ERP_TEST_13.zip
[2026-07-10 01:47:37] [INFO] Subiendo: ERP_TEST_14.zip
[2026-07-10 01:47:37] [INFO] Subiendo: ERP_TEST_15.zip
[2026-07-10 01:47:37] [INFO] Subiendo: ERP_TEST_16.zip
[2026-07-10 01:47:37] [INFO] Subiendo: ERP_TEST_17.zip
[2026-07-10 01:47:37] [INFO] Subiendo: ERP_TEST_18.zip
[2026-07-10 01:47:37] [INFO] Subiendo: ERP_TEST_19.zip
[2026-07-10 01:47:37] [INFO] Subiendo: ERP_TEST_20.zip
[2026-07-10 01:47:37] [INFO] Subiendo: ERP_TEST_21.zip
[2026-07-10 01:47:37] [SUCCESS] Proceso finalizado.
[2026-07-10 01:47:47] [INFO] Ejecutando trabajo: ERP SQL
[2026-07-10 01:47:47] [INFO] === Backup Center iniciado ===
[2026-07-10 01:47:47] [INFO] Subiendo: ERP_TEST.zip
[2026-07-10 01:47:47] [INFO] Subiendo: ERP_TEST_01.zip
[2026-07-10 01:47:47] [INFO] Subiendo: ERP_TEST_02.zip
[2026-07-10 01:47:47] [INFO] Subiendo: ERP_TEST_03.zip
[2026-07-10 01:47:47] [INFO] Subiendo: ERP_TEST_04.bak
[2026-07-10 01:47:47] [INFO] Subiendo: ERP_TEST_05.7z
[2026-07-10 01:47:47] [INFO] Subiendo: ERP_TEST_06.zip
[2026-07-10 01:47:47] [INFO] Subiendo: ERP_TEST_07.zip
[2026-07-10 01:47:47] [INFO] Subiendo: ERP_TEST_08.zip
[2026-07-10 01:47:47] [INFO] Subiendo: ERP_TEST_09.bak
[2026-07-10 01:47:47] [INFO] Subiendo: ERP_TEST_10.7z
[2026-07-10 01:47:47] [INFO] Subiendo: ERP_TEST_11.zip
[2026-07-10 01:47:47] [INFO] Subiendo: ERP_TEST_13.zip
[2026-07-10 01:47:47] [INFO] Subiendo: ERP_TEST_14.zip
[2026-07-10 01:47:47] [INFO] Subiendo: ERP_TEST_15.zip
[2026-07-10 01:47:47] [INFO] Subiendo: ERP_TEST_16.zip
[2026-07-10 01:47:47] [INFO] Subiendo: ERP_TEST_17.zip
[2026-07-10 01:47:47] [INFO] Subiendo: ERP_TEST_18.zip
[2026-07-10 01:47:47] [INFO] Subiendo: ERP_TEST_19.zip
[2026-07-10 01:47:47] [INFO] Subiendo: ERP_TEST_20.zip
[2026-07-10 01:47:47] [INFO] Subiendo: ERP_TEST_21.zip
[2026-07-10 01:47:47] [SUCCESS] Proceso finalizado.
[2026-07-10 01:47:57] [INFO] Ejecutando trabajo: ERP SQL
[2026-07-10 01:47:57] [INFO] === Backup Center iniciado ===
[2026-07-10 01:47:57] [INFO] Subiendo: ERP_TEST.zip
[2026-07-10 01:47:57] [INFO] Subiendo: ERP_TEST_01.zip
[2026-07-10 01:47:57] [INFO] Subiendo: ERP_TEST_02.zip
[2026-07-10 01:47:57] [INFO] Subiendo: ERP_TEST_03.zip
[2026-07-10 01:47:57] [INFO] Subiendo: ERP_TEST_04.bak
[2026-07-10 01:47:57] [INFO] Subiendo: ERP_TEST_05.7z
[2026-07-10 01:47:57] [INFO] Subiendo: ERP_TEST_06.zip
[2026-07-10 01:47:57] [INFO] Subiendo: ERP_TEST_07.zip
[2026-07-10 01:47:57] [INFO] Subiendo: ERP_TEST_08.zip
[2026-07-10 01:47:57] [INFO] Subiendo: ERP_TEST_09.bak
[2026-07-10 01:47:57] [INFO] Subiendo: ERP_TEST_10.7z
[2026-07-10 01:47:57] [INFO] Subiendo: ERP_TEST_11.zip
[2026-07-10 01:47:57] [INFO] Subiendo: ERP_TEST_13.zip
[2026-07-10 01:47:57] [INFO] Subiendo: ERP_TEST_14.zip
[2026-07-10 01:47:57] [INFO] Subiendo: ERP_TEST_15.zip
[2026-07-10 01:47:57] [INFO] Subiendo: ERP_TEST_16.zip
[2026-07-10 01:47:57] [INFO] Subiendo: ERP_TEST_17.zip
[2026-07-10 01:47:57] [INFO] Subiendo: ERP_TEST_18.zip
[2026-07-10 01:47:57] [INFO] Subiendo: ERP_TEST_19.zip
[2026-07-10 01:47:57] [INFO] Subiendo: ERP_TEST_20.zip
[2026-07-10 01:47:57] [INFO] Subiendo: ERP_TEST_21.zip
[2026-07-10 01:47:57] [SUCCESS] Proceso finalizado.
[2026-07-10 01:48:07] [INFO] Ejecutando trabajo: ERP SQL
[2026-07-10 01:48:07] [INFO] === Backup Center iniciado ===
[2026-07-10 01:48:07] [INFO] Subiendo: ERP_TEST.zip
[2026-07-10 01:48:07] [INFO] Subiendo: ERP_TEST_01.zip
[2026-07-10 01:48:07] [INFO] Subiendo: ERP_TEST_02.zip
[2026-07-10 01:48:07] [INFO] Subiendo: ERP_TEST_03.zip
[2026-07-10 01:48:07] [INFO] Subiendo: ERP_TEST_04.bak
[2026-07-10 01:48:07] [INFO] Subiendo: ERP_TEST_05.7z
[2026-07-10 01:48:07] [INFO] Subiendo: ERP_TEST_06.zip
[2026-07-10 01:48:07] [INFO] Subiendo: ERP_TEST_07.zip
[2026-07-10 01:48:07] [INFO] Subiendo: ERP_TEST_08.zip
[2026-07-10 01:48:07] [INFO] Subiendo: ERP_TEST_09.bak
[2026-07-10 01:48:07] [INFO] Subiendo: ERP_TEST_10.7z
[2026-07-10 01:48:07] [INFO] Subiendo: ERP_TEST_11.zip
[2026-07-10 01:48:07] [INFO] Subiendo: ERP_TEST_13.zip
[2026-07-10 01:48:07] [INFO] Subiendo: ERP_TEST_14.zip
[2026-07-10 01:48:07] [INFO] Subiendo: ERP_TEST_15.zip
[2026-07-10 01:48:07] [INFO] Subiendo: ERP_TEST_16.zip
[2026-07-10 01:48:07] [INFO] Subiendo: ERP_TEST_17.zip
[2026-07-10 01:48:07] [INFO] Subiendo: ERP_TEST_18.zip
[2026-07-10 01:48:07] [INFO] Subiendo: ERP_TEST_19.zip
[2026-07-10 01:48:07] [INFO] Subiendo: ERP_TEST_20.zip
[2026-07-10 01:48:07] [INFO] Subiendo: ERP_TEST_21.zip
[2026-07-10 01:48:07] [SUCCESS] Proceso finalizado.
[2026-07-10 01:48:17] [INFO] Ejecutando trabajo: ERP SQL
[2026-07-10 01:48:17] [INFO] === Backup Center iniciado ===
[2026-07-10 01:48:17] [INFO] Subiendo: ERP_TEST.zip
[2026-07-10 01:48:17] [INFO] Subiendo: ERP_TEST_01.zip
[2026-07-10 01:48:17] [INFO] Subiendo: ERP_TEST_02.zip
[2026-07-10 01:48:17] [INFO] Subiendo: ERP_TEST_03.zip
[2026-07-10 01:48:17] [INFO] Subiendo: ERP_TEST_04.bak
[2026-07-10 01:48:17] [INFO] Subiendo: ERP_TEST_05.7z
[2026-07-10 01:48:17] [INFO] Subiendo: ERP_TEST_06.zip
[2026-07-10 01:48:17] [INFO] Subiendo: ERP_TEST_07.zip
[2026-07-10 01:48:17] [INFO] Subiendo: ERP_TEST_08.zip
[2026-07-10 01:48:17] [INFO] Subiendo: ERP_TEST_09.bak
[2026-07-10 01:48:17] [INFO] Subiendo: ERP_TEST_10.7z
[2026-07-10 01:48:17] [INFO] Subiendo: ERP_TEST_11.zip
[2026-07-10 01:48:17] [INFO] Subiendo: ERP_TEST_13.zip
[2026-07-10 01:48:17] [INFO] Subiendo: ERP_TEST_14.zip
[2026-07-10 01:48:17] [INFO] Subiendo: ERP_TEST_15.zip
[2026-07-10 01:48:17] [INFO] Subiendo: ERP_TEST_16.zip
[2026-07-10 01:48:17] [INFO] Subiendo: ERP_TEST_17.zip
[2026-07-10 01:48:17] [INFO] Subiendo: ERP_TEST_18.zip
[2026-07-10 01:48:17] [INFO] Subiendo: ERP_TEST_19.zip
[2026-07-10 01:48:17] [INFO] Subiendo: ERP_TEST_20.zip
[2026-07-10 01:48:17] [INFO] Subiendo: ERP_TEST_21.zip
[2026-07-10 01:48:17] [SUCCESS] Proceso finalizado.
[2026-07-10 01:48:27] [INFO] Ejecutando trabajo: ERP SQL
[2026-07-10 01:48:27] [INFO] === Backup Center iniciado ===
[2026-07-10 01:48:27] [INFO] Subiendo: ERP_TEST.zip
[2026-07-10 01:48:27] [INFO] Subiendo: ERP_TEST_01.zip
[2026-07-10 01:48:27] [INFO] Subiendo: ERP_TEST_02.zip
[2026-07-10 01:48:27] [INFO] Subiendo: ERP_TEST_03.zip
[2026-07-10 01:48:27] [INFO] Subiendo: ERP_TEST_04.bak
[2026-07-10 01:48:27] [INFO] Subiendo: ERP_TEST_05.7z
[2026-07-10 01:48:27] [INFO] Subiendo: ERP_TEST_06.zip
[2026-07-10 01:48:27] [INFO] Subiendo: ERP_TEST_07.zip
[2026-07-10 01:48:27] [INFO] Subiendo: ERP_TEST_08.zip
[2026-07-10 01:48:27] [INFO] Subiendo: ERP_TEST_09.bak
[2026-07-10 01:48:27] [INFO] Subiendo: ERP_TEST_10.7z
[2026-07-10 01:48:27] [INFO] Subiendo: ERP_TEST_11.zip
[2026-07-10 01:48:27] [INFO] Subiendo: ERP_TEST_13.zip
[2026-07-10 01:48:27] [INFO] Subiendo: ERP_TEST_14.zip
[2026-07-10 01:48:27] [INFO] Subiendo: ERP_TEST_15.zip
[2026-07-10 01:48:27] [INFO] Subiendo: ERP_TEST_16.zip
[2026-07-10 01:48:27] [INFO] Subiendo: ERP_TEST_17.zip
[2026-07-10 01:48:27] [INFO] Subiendo: ERP_TEST_18.zip
[2026-07-10 01:48:27] [INFO] Subiendo: ERP_TEST_19.zip
[2026-07-10 01:48:27] [INFO] Subiendo: ERP_TEST_20.zip
[2026-07-10 01:48:27] [INFO] Subiendo: ERP_TEST_21.zip
[2026-07-10 01:48:27] [SUCCESS] Proceso finalizado.
[2026-07-10 01:48:35] [INFO] Ejecutando trabajo: ERP SQL
[2026-07-10 01:48:35] [INFO] === Backup Center iniciado ===
[2026-07-10 01:48:35] [INFO] Subiendo: ERP_TEST.zip
[2026-07-10 01:48:35] [INFO] Subiendo: ERP_TEST_01.zip
[2026-07-10 01:48:35] [INFO] Subiendo: ERP_TEST_02.zip
[2026-07-10 01:48:35] [INFO] Subiendo: ERP_TEST_03.zip
[2026-07-10 01:48:35] [INFO] Subiendo: ERP_TEST_04.bak
[2026-07-10 01:48:35] [INFO] Subiendo: ERP_TEST_05.7z
[2026-07-10 01:48:35] [INFO] Subiendo: ERP_TEST_06.zip
[2026-07-10 01:48:35] [INFO] Subiendo: ERP_TEST_07.zip
[2026-07-10 01:48:35] [INFO] Subiendo: ERP_TEST_08.zip
[2026-07-10 01:48:35] [INFO] Subiendo: ERP_TEST_09.bak
[2026-07-10 01:48:35] [INFO] Subiendo: ERP_TEST_10.7z
[2026-07-10 01:48:35] [INFO] Subiendo: ERP_TEST_11.zip
[2026-07-10 01:48:35] [INFO] Subiendo: ERP_TEST_13.zip
[2026-07-10 01:48:35] [INFO] Subiendo: ERP_TEST_14.zip
[2026-07-10 01:48:35] [INFO] Subiendo: ERP_TEST_15.zip
[2026-07-10 01:48:35] [INFO] Subiendo: ERP_TEST_16.zip
[2026-07-10 01:48:35] [INFO] Subiendo: ERP_TEST_17.zip
[2026-07-10 01:48:35] [INFO] Subiendo: ERP_TEST_18.zip
[2026-07-10 01:48:35] [INFO] Subiendo: ERP_TEST_19.zip
[2026-07-10 01:48:35] [INFO] Subiendo: ERP_TEST_20.zip
[2026-07-10 01:48:35] [INFO] Subiendo: ERP_TEST_21.zip
[2026-07-10 01:48:35] [SUCCESS] Proceso finalizado.
[2026-07-10 01:48:45] [INFO] Ejecutando trabajo: ERP SQL
[2026-07-10 01:48:45] [INFO] === Backup Center iniciado ===
[2026-07-10 01:48:45] [INFO] Subiendo: ERP_TEST.zip
[2026-07-10 01:48:45] [INFO] Subiendo: ERP_TEST_01.zip
[2026-07-10 01:48:45] [INFO] Subiendo: ERP_TEST_02.zip
[2026-07-10 01:48:45] [INFO] Subiendo: ERP_TEST_03.zip
[2026-07-10 01:48:45] [INFO] Subiendo: ERP_TEST_04.bak
[2026-07-10 01:48:45] [INFO] Subiendo: ERP_TEST_05.7z
[2026-07-10 01:48:45] [INFO] Subiendo: ERP_TEST_06.zip
[2026-07-10 01:48:45] [INFO] Subiendo: ERP_TEST_07.zip
[2026-07-10 01:48:45] [INFO] Subiendo: ERP_TEST_08.zip
[2026-07-10 01:48:45] [INFO] Subiendo: ERP_TEST_09.bak
[2026-07-10 01:48:45] [INFO] Subiendo: ERP_TEST_10.7z
[2026-07-10 01:48:45] [INFO] Subiendo: ERP_TEST_11.zip
[2026-07-10 01:48:45] [INFO] Subiendo: ERP_TEST_13.zip
[2026-07-10 01:48:45] [INFO] Subiendo: ERP_TEST_14.zip
[2026-07-10 01:48:45] [INFO] Subiendo: ERP_TEST_15.zip
[2026-07-10 01:48:45] [INFO] Subiendo: ERP_TEST_16.zip
[2026-07-10 01:48:45] [INFO] Subiendo: ERP_TEST_17.zip
[2026-07-10 01:48:45] [INFO] Subiendo: ERP_TEST_18.zip
[2026-07-10 01:48:45] [INFO] Subiendo: ERP_TEST_19.zip
[2026-07-10 01:48:45] [INFO] Subiendo: ERP_TEST_20.zip
[2026-07-10 01:48:45] [INFO] Subiendo: ERP_TEST_21.zip
[2026-07-10 01:48:45] [SUCCESS] Proceso finalizado.
[2026-07-10 01:48:55] [INFO] Ejecutando trabajo: ERP SQL
[2026-07-10 01:48:55] [INFO] === Backup Center iniciado ===
[2026-07-10 01:48:55] [INFO] Subiendo: ERP_TEST.zip
[2026-07-10 01:48:55] [INFO] Subiendo: ERP_TEST_01.zip
[2026-07-10 01:48:55] [INFO] Subiendo: ERP_TEST_02.zip
[2026-07-10 01:48:55] [INFO] Subiendo: ERP_TEST_03.zip
[2026-07-10 01:48:55] [INFO] Subiendo: ERP_TEST_04.bak
[2026-07-10 01:48:55] [INFO] Subiendo: ERP_TEST_05.7z
[2026-07-10 01:48:55] [INFO] Subiendo: ERP_TEST_06.zip
[2026-07-10 01:48:55] [INFO] Subiendo: ERP_TEST_07.zip
[2026-07-10 01:48:55] [INFO] Subiendo: ERP_TEST_08.zip
[2026-07-10 01:48:55] [INFO] Subiendo: ERP_TEST_09.bak
[2026-07-10 01:48:55] [INFO] Subiendo: ERP_TEST_10.7z
[2026-07-10 01:48:55] [INFO] Subiendo: ERP_TEST_11.zip
[2026-07-10 01:48:55] [INFO] Subiendo: ERP_TEST_13.zip
[2026-07-10 01:48:55] [INFO] Subiendo: ERP_TEST_14.zip
[2026-07-10 01:48:55] [INFO] Subiendo: ERP_TEST_15.zip
[2026-07-10 01:48:55] [INFO] Subiendo: ERP_TEST_16.zip
[2026-07-10 01:48:55] [INFO] Subiendo: ERP_TEST_17.zip
[2026-07-10 01:48:55] [INFO] Subiendo: ERP_TEST_18.zip
[2026-07-10 01:48:55] [INFO] Subiendo: ERP_TEST_19.zip
[2026-07-10 01:48:55] [INFO] Subiendo: ERP_TEST_20.zip
[2026-07-10 01:48:55] [INFO] Subiendo: ERP_TEST_21.zip
[2026-07-10 01:48:55] [SUCCESS] Proceso finalizado.
[2026-07-10 01:49:05] [INFO] Ejecutando trabajo: ERP SQL
[2026-07-10 01:49:05] [INFO] === Backup Center iniciado ===
[2026-07-10 01:49:05] [INFO] Subiendo: ERP_TEST.zip
[2026-07-10 01:49:05] [INFO] Subiendo: ERP_TEST_01.zip
[2026-07-10 01:49:05] [INFO] Subiendo: ERP_TEST_02.zip
[2026-07-10 01:49:05] [INFO] Subiendo: ERP_TEST_03.zip
[2026-07-10 01:49:05] [INFO] Subiendo: ERP_TEST_04.bak
[2026-07-10 01:49:05] [INFO] Subiendo: ERP_TEST_05.7z
[2026-07-10 01:49:05] [INFO] Subiendo: ERP_TEST_06.zip
[2026-07-10 01:49:05] [INFO] Subiendo: ERP_TEST_07.zip
[2026-07-10 01:49:05] [INFO] Subiendo: ERP_TEST_08.zip
[2026-07-10 01:49:05] [INFO] Subiendo: ERP_TEST_09.bak
[2026-07-10 01:49:05] [INFO] Subiendo: ERP_TEST_10.7z
[2026-07-10 01:49:05] [INFO] Subiendo: ERP_TEST_11.zip
[2026-07-10 01:49:05] [INFO] Subiendo: ERP_TEST_13.zip
[2026-07-10 01:49:05] [INFO] Subiendo: ERP_TEST_14.zip
[2026-07-10 01:49:05] [INFO] Subiendo: ERP_TEST_15.zip
[2026-07-10 01:49:05] [INFO] Subiendo: ERP_TEST_16.zip
[2026-07-10 01:49:05] [INFO] Subiendo: ERP_TEST_17.zip
[2026-07-10 01:49:05] [INFO] Subiendo: ERP_TEST_18.zip
[2026-07-10 01:49:05] [INFO] Subiendo: ERP_TEST_19.zip
[2026-07-10 01:49:05] [INFO] Subiendo: ERP_TEST_20.zip
[2026-07-10 01:49:05] [INFO] Subiendo: ERP_TEST_21.zip
[2026-07-10 01:49:05] [SUCCESS] Proceso finalizado.
[2026-07-10 01:49:16] [INFO] Ejecutando trabajo: ERP SQL
[2026-07-10 01:49:16] [INFO] === Backup Center iniciado ===
[2026-07-10 01:49:16] [INFO] Subiendo: ERP_TEST.zip
[2026-07-10 01:49:16] [INFO] Subiendo: ERP_TEST_01.zip
[2026-07-10 01:49:16] [INFO] Subiendo: ERP_TEST_02.zip
[2026-07-10 01:49:16] [INFO] Subiendo: ERP_TEST_03.zip
[2026-07-10 01:49:16] [INFO] Subiendo: ERP_TEST_04.bak
[2026-07-10 01:49:16] [INFO] Subiendo: ERP_TEST_05.7z
[2026-07-10 01:49:16] [INFO] Subiendo: ERP_TEST_06.zip
[2026-07-10 01:49:16] [INFO] Subiendo: ERP_TEST_07.zip
[2026-07-10 01:49:16] [INFO] Subiendo: ERP_TEST_08.zip
[2026-07-10 01:49:16] [INFO] Subiendo: ERP_TEST_09.bak
[2026-07-10 01:49:16] [INFO] Subiendo: ERP_TEST_10.7z
[2026-07-10 01:49:16] [INFO] Subiendo: ERP_TEST_11.zip
[2026-07-10 01:49:16] [INFO] Subiendo: ERP_TEST_13.zip
[2026-07-10 01:49:16] [INFO] Subiendo: ERP_TEST_14.zip
[2026-07-10 01:49:16] [INFO] Subiendo: ERP_TEST_15.zip
[2026-07-10 01:49:16] [INFO] Subiendo: ERP_TEST_16.zip
[2026-07-10 01:49:16] [INFO] Subiendo: ERP_TEST_17.zip
[2026-07-10 01:49:16] [INFO] Subiendo: ERP_TEST_18.zip
[2026-07-10 01:49:16] [INFO] Subiendo: ERP_TEST_19.zip
[2026-07-10 01:49:16] [INFO] Subiendo: ERP_TEST_20.zip
[2026-07-10 01:49:16] [INFO] Subiendo: ERP_TEST_21.zip
[2026-07-10 01:49:16] [SUCCESS] Proceso finalizado.
[2026-07-10 01:49:26] [INFO] Ejecutando trabajo: ERP SQL
[2026-07-10 01:49:26] [INFO] === Backup Center iniciado ===
[2026-07-10 01:49:26] [INFO] Subiendo: ERP_TEST.zip
[2026-07-10 01:49:26] [INFO] Subiendo: ERP_TEST_01.zip
[2026-07-10 01:49:26] [INFO] Subiendo: ERP_TEST_02.zip
[2026-07-10 01:49:26] [INFO] Subiendo: ERP_TEST_03.zip
[2026-07-10 01:49:26] [INFO] Subiendo: ERP_TEST_04.bak
[2026-07-10 01:49:26] [INFO] Subiendo: ERP_TEST_05.7z
[2026-07-10 01:49:26] [INFO] Subiendo: ERP_TEST_06.zip
[2026-07-10 01:49:26] [INFO] Subiendo: ERP_TEST_07.zip
[2026-07-10 01:49:26] [INFO] Subiendo: ERP_TEST_08.zip
[2026-07-10 01:49:26] [INFO] Subiendo: ERP_TEST_09.bak
[2026-07-10 01:49:26] [INFO] Subiendo: ERP_TEST_10.7z
[2026-07-10 01:49:26] [INFO] Subiendo: ERP_TEST_11.zip
[2026-07-10 01:49:26] [INFO] Subiendo: ERP_TEST_13.zip
[2026-07-10 01:49:26] [INFO] Subiendo: ERP_TEST_14.zip
[2026-07-10 01:49:26] [INFO] Subiendo: ERP_TEST_15.zip
[2026-07-10 01:49:26] [INFO] Subiendo: ERP_TEST_16.zip
[2026-07-10 01:49:26] [INFO] Subiendo: ERP_TEST_17.zip
[2026-07-10 01:49:26] [INFO] Subiendo: ERP_TEST_18.zip
[2026-07-10 01:49:26] [INFO] Subiendo: ERP_TEST_19.zip
[2026-07-10 01:49:26] [INFO] Subiendo: ERP_TEST_20.zip
[2026-07-10 01:49:26] [INFO] Subiendo: ERP_TEST_21.zip
[2026-07-10 01:49:26] [SUCCESS] Proceso finalizado.
[2026-07-10 01:49:36] [INFO] Ejecutando trabajo: ERP SQL
[2026-07-10 01:49:36] [INFO] === Backup Center iniciado ===
[2026-07-10 01:49:36] [INFO] Subiendo: ERP_TEST.zip
[2026-07-10 01:49:36] [INFO] Subiendo: ERP_TEST_01.zip
[2026-07-10 01:49:36] [INFO] Subiendo: ERP_TEST_02.zip
[2026-07-10 01:49:36] [INFO] Subiendo: ERP_TEST_03.zip
[2026-07-10 01:49:36] [INFO] Subiendo: ERP_TEST_04.bak
[2026-07-10 01:49:36] [INFO] Subiendo: ERP_TEST_05.7z
[2026-07-10 01:49:36] [INFO] Subiendo: ERP_TEST_06.zip
[2026-07-10 01:49:36] [INFO] Subiendo: ERP_TEST_07.zip
[2026-07-10 01:49:36] [INFO] Subiendo: ERP_TEST_08.zip
[2026-07-10 01:49:36] [INFO] Subiendo: ERP_TEST_09.bak
[2026-07-10 01:49:36] [INFO] Subiendo: ERP_TEST_10.7z
[2026-07-10 01:49:36] [INFO] Subiendo: ERP_TEST_11.zip
[2026-07-10 01:49:36] [INFO] Subiendo: ERP_TEST_13.zip
[2026-07-10 01:49:36] [INFO] Subiendo: ERP_TEST_14.zip
[2026-07-10 01:49:36] [INFO] Subiendo: ERP_TEST_15.zip
[2026-07-10 01:49:36] [INFO] Subiendo: ERP_TEST_16.zip
[2026-07-10 01:49:36] [INFO] Subiendo: ERP_TEST_17.zip
[2026-07-10 01:49:36] [INFO] Subiendo: ERP_TEST_18.zip
[2026-07-10 01:49:36] [INFO] Subiendo: ERP_TEST_19.zip
[2026-07-10 01:49:36] [INFO] Subiendo: ERP_TEST_20.zip
[2026-07-10 01:49:36] [INFO] Subiendo: ERP_TEST_21.zip
[2026-07-10 01:49:36] [SUCCESS] Proceso finalizado.
[2026-07-10 01:49:46] [INFO] Ejecutando trabajo: ERP SQL
[2026-07-10 01:49:46] [INFO] === Backup Center iniciado ===
[2026-07-10 01:49:46] [INFO] Subiendo: ERP_TEST.zip
[2026-07-10 01:49:46] [INFO] Subiendo: ERP_TEST_01.zip
[2026-07-10 01:49:46] [INFO] Subiendo: ERP_TEST_02.zip
[2026-07-10 01:49:46] [INFO] Subiendo: ERP_TEST_03.zip
[2026-07-10 01:49:46] [INFO] Subiendo: ERP_TEST_04.bak
[2026-07-10 01:49:46] [INFO] Subiendo: ERP_TEST_05.7z
[2026-07-10 01:49:46] [INFO] Subiendo: ERP_TEST_06.zip
[2026-07-10 01:49:46] [INFO] Subiendo: ERP_TEST_07.zip
[2026-07-10 01:49:46] [INFO] Subiendo: ERP_TEST_08.zip
[2026-07-10 01:49:46] [INFO] Subiendo: ERP_TEST_09.bak
[2026-07-10 01:49:46] [INFO] Subiendo: ERP_TEST_10.7z
[2026-07-10 01:49:46] [INFO] Subiendo: ERP_TEST_11.zip
[2026-07-10 01:49:46] [INFO] Subiendo: ERP_TEST_13.zip
[2026-07-10 01:49:46] [INFO] Subiendo: ERP_TEST_14.zip
[2026-07-10 01:49:46] [INFO] Subiendo: ERP_TEST_15.zip
[2026-07-10 01:49:46] [INFO] Subiendo: ERP_TEST_16.zip
[2026-07-10 01:49:46] [INFO] Subiendo: ERP_TEST_17.zip
[2026-07-10 01:49:46] [INFO] Subiendo: ERP_TEST_18.zip
[2026-07-10 01:49:46] [INFO] Subiendo: ERP_TEST_19.zip
[2026-07-10 01:49:46] [INFO] Subiendo: ERP_TEST_20.zip
[2026-07-10 01:49:46] [INFO] Subiendo: ERP_TEST_21.zip
[2026-07-10 01:49:46] [SUCCESS] Proceso finalizado.
[2026-07-10 21:01:00] [INFO] Ejecutando trabajo: ERP SQL
[2026-07-10 21:01:00] [INFO] === Backup Center iniciado ===
[2026-07-10 21:01:00] [INFO] Subiendo: ERP_TEST.zip
[2026-07-10 21:01:00] [INFO] Subiendo: ERP_TEST_01.zip
[2026-07-10 21:01:00] [INFO] Subiendo: ERP_TEST_02.zip
[2026-07-10 21:01:00] [INFO] Subiendo: ERP_TEST_03.zip
[2026-07-10 21:01:00] [INFO] Subiendo: ERP_TEST_04.bak
[2026-07-10 21:01:00] [INFO] Subiendo: ERP_TEST_05.7z
[2026-07-10 21:01:00] [INFO] Subiendo: ERP_TEST_06.zip
[2026-07-10 21:01:00] [INFO] Subiendo: ERP_TEST_07.zip
[2026-07-10 21:01:00] [INFO] Subiendo: ERP_TEST_08.zip
[2026-07-10 21:01:00] [INFO] Subiendo: ERP_TEST_09.bak
[2026-07-10 21:01:00] [INFO] Subiendo: ERP_TEST_10.7z
[2026-07-10 21:01:00] [INFO] Subiendo: ERP_TEST_11.zip
[2026-07-10 21:01:00] [INFO] Subiendo: ERP_TEST_13.zip
[2026-07-10 21:01:00] [INFO] Subiendo: ERP_TEST_14.zip
[2026-07-10 21:01:00] [INFO] Subiendo: ERP_TEST_15.zip
[2026-07-10 21:01:00] [INFO] Subiendo: ERP_TEST_16.zip
[2026-07-10 21:01:00] [INFO] Subiendo: ERP_TEST_17.zip
[2026-07-10 21:01:00] [INFO] Subiendo: ERP_TEST_18.zip
[2026-07-10 21:01:00] [INFO] Subiendo: ERP_TEST_19.zip
[2026-07-10 21:01:00] [INFO] Subiendo: ERP_TEST_20.zip
[2026-07-10 21:01:00] [INFO] Subiendo: ERP_TEST_21.zip
[2026-07-10 21:01:00] [SUCCESS] Proceso finalizado.
